,equity_equal_weight,equity_min_variance,equity_max_sharpe,equity_risk_parity,crypto_equal_weight,crypto_min_variance,crypto_max_sharpe,crypto_risk_parity,combined_equal_weight,combined_min_variance,combined_max_sharpe,combined_risk_parity
2020-09-10,,,,,0.01798213692711367,0.012476400247723618,0.028841313748371497,0.017812847652447908,,,,
2020-09-11,,,,,0.0068067435248405864,0.0019431246527441743,0.010632931466646699,0.006915698115948967,,,,
2020-09-12,,,,,0.011090582583458797,0.009350049069068904,0.012865345592473956,0.011270959516066933,,,,
2020-09-13,,,,,-0.039131846641066184,-0.016099048240286115,-0.04917166921481607,-0.03815343615749425,,,,
2020-09-14,,,,,0.017654624231320484,0.028744484862164014,0.020557500829473115,0.01812681716410827,,,,
2020-09-15,,,,,-0.015605700937015576,0.0031653741105188843,-0.0439752469528662,-0.01488585823620842,,,,
2020-09-16,,,,,-0.0041022401119938726,0.016448520891891756,-0.015701693332284793,-0.0023644542543665185,,,,
2020-09-17,,,,,0.021438464804721127,0.004966460460607846,0.051588408176703265,0.020435475997455106,,,,
2020-09-18,,,,,-0.005838497929824605,-0.0024252597216102506,-0.008812794175066689,-0.005861857930545375,,,,
2020-09-19,,,,,-7.131241537610078e-05,0.010126877181651464,-0.006046105595529568,0.0006237172762205028,,,,
2020-09-20,,,,,-0.02487133959672372,-0.016162591066796878,-0.031613316102165966,-0.024364096677203077,,,,
2020-09-21,,,,,-0.06832505032234804,-0.04928923174064816,-0.08456212811390525,-0.06748014133788391,,,,
2020-09-22,,,,,0.01577107434143097,0.0066302440389006505,0.009368451638658732,0.015267697120655253,,,,
2020-09-23,,,,,-0.04339267405569574,-0.036761316241693924,-0.052912228749270616,-0.0432522382985927,,,,
2020-09-24,,,,,0.05168941928065285,0.05113374599710183,0.07780028328170177,0.051526145911387544,,,,
2020-09-25,,,,,0.03294130092428595,0.01030151350456955,0.0654956800180712,0.031258182306831986,,,,
2020-09-26,,,,,0.011785647065008889,0.00378957258861114,0.0009755388485248692,0.010918527768624732,,,,
2020-09-27,,,,,0.00820057478926244,0.002347190335321865,0.01651674282385108,0.007174146873379083,,,,
2020-09-28,,,,,-0.006891153636051518,-0.0052018152185897,-0.007173649239382936,-0.00674023482856481,,,,
2020-09-29,,,,,0.007641373513825068,0.009965154062078777,0.0076382189411755225,0.00782293829314976,,,,
2020-09-30,,,,,-0.0014347919521085386,-0.005613420042043082,-0.002077001046518593,-0.0014285000920191608,,,,
2020-10-01,,,,,-0.015215988184475627,-0.01508865781833039,-0.024645565771574063,-0.014980719234849638,,,,
2020-10-02,,,,,-0.021891144641811848,-0.009342315617765013,-0.03286889697528538,-0.02124625283082719,,,,
2020-10-03,,,,,0.004360856473343322,-0.0035162581489969163,0.002728796698329433,0.003723024725133135,,,,
2020-10-04,,,,,0.01790188760050092,0.03196139203848359,0.02342949758184777,0.01898977766262451,,,,
2020-10-05,,,,,0.003591528393123089,0.012011774651573503,0.007538236813843751,0.0038664851265914246,,,,
2020-10-06,,,,,-0.009626353837821833,-0.019217471330344002,-0.04200314522329915,-0.00930259141460407,,,,
2020-10-07,,,,,0.0024881630094607645,0.008839948916848969,0.0062319952211728515,0.002758585991518901,,,,
2020-10-08,,,,,0.015037245037404369,0.018610491495096346,0.02572316775309131,0.014950923572977969,,,,
2020-10-09,,,,,0.023432526373623766,0.011439394930190881,0.049850938645277704,0.022278345252899408,,,,
2020-10-10,,,,,0.01344768307528349,0.01390553155544408,0.021412170764543874,0.013409748839906671,,,,
2020-10-11,,,,,0.01185566818473901,0.006920709116420752,0.012598807822608775,0.01166681940901567,,,,
2020-10-12,,,,,0.011390327435422478,0.010206616563923543,0.03324095852262555,0.010781693858067189,,,,
2020-10-13,,,,,-0.004764471088864998,-0.006955766229822967,-0.014253590057745024,-0.004911101602825296,,,,
2020-10-14,,,,,-0.005807592202763257,-0.01043384032715216,-0.008663824150704269,-0.006226027679621777,,,,
2020-10-15,,,,,-0.0048135694737722725,-0.0020917734887699623,-0.005718018056593984,-0.004696267974031873,,,,
2020-10-16,,,,,-0.018634310332511863,-0.017953666761259424,-0.027318326005177484,-0.01800844994957113,,,,
2020-10-17,,,,,0.004269494322044054,0.0027229214135491,0.012478691010885438,0.004157793304138859,,,,
2020-10-18,,,,,0.007325791861006193,0.008787141491475796,0.019706206243433253,0.007071087705878821,,,,
2020-10-19,,,,,0.01499738070744435,0.019717745846103835,0.007732927896364381,0.01574108568157457,,,,
2020-10-20,,,,,-0.022213425468937426,0.00511335960209486,-0.04057497062558563,-0.020794671161827646,,,,
2020-10-21,,,,,0.054879308116212576,0.05906044555548719,0.05117420857191958,0.055605150627388814,,,,
2020-10-22,,,,,0.02784915510130621,0.014870239466034215,0.04916855438324831,0.026975201553697748,,,,
2020-10-23,,,,,-0.007714060513975308,-0.004573841835040366,-0.015157785912817199,-0.007293160874479174,,,,
2020-10-24,,,,,0.01576710172702136,0.010655422879389562,0.0037323140834084685,0.016027055839860273,,,,
2020-10-25,,,,,-0.008168543358127035,-0.008513209284604476,-0.015479904931553698,-0.00817777934839523,,,,
2020-10-26,,,,,-0.022532438611657046,-0.005036254647223001,-0.030456427927854503,-0.02175657115274656,,,,
2020-10-27,,,,,0.015420105915731465,0.03344728018197523,0.01359170660908181,0.016498457886790056,,,,
2020-10-28,,,,,-0.023111708865827422,-0.02795331751879624,-0.03775366315801991,-0.023453387044888425,,,,
2020-10-29,,,,,-0.008184334694409667,0.0018290122617065111,-0.018361838146483508,-0.007478408818272601,,,,
2020-10-30,,,,,-0.018665028500040506,-0.00020386271611562423,-0.014777074431419446,-0.017662204006762414,,,,
2020-10-31,,,,,0.008407130841797849,0.011379838658604476,0.004214110881256852,0.00884332248751176,,,,
2020-11-01,,,,,0.009479899135041459,-0.001723289147025232,0.03337268301477114,0.00816203932487263,,,,
2020-11-02,,,,,-0.03653268886625193,-0.01580475515970663,-0.043268933337845795,-0.03512657173090698,,,,
2020-11-03,,,,,-0.0032994927041297695,0.023729007251299047,0.01705033457504079,-0.002424258956299548,,,,
2020-11-04,,,,,0.004323697240461589,0.0034778005669831233,0.023132699080955797,0.003967196941396783,,,,
2020-11-05,,,,,0.04879115808716291,0.06959845945663565,0.04023578284203797,0.050562370807830964,,,,
2020-11-06,,,,,0.05615329796816908,0.024063810841111005,0.08863520584863444,0.05360916199395143,,,,
2020-11-07,,,,,-0.043483015895242116,-0.04097026736898752,-0.057970698584654555,-0.04305248378194603,,,,
2020-11-08,,,,,0.033233010250257426,0.031124264729831846,0.047097208806682576,0.03277543387831563,,,,
2020-11-09,,,,,-0.019588407856058886,-0.010965887044614975,-0.013671904092711379,-0.019326727890840355,,,,
2020-11-10,,,,,0.0004896625641006124,0.004588206086622504,0.00481698949766473,0.0005754201713900522,,,,
2020-11-11,,,,,0.010143437677480173,0.018467840386113293,0.014470404615341482,0.010579287195502841,,,,
2020-11-12,,,,,0.0005386886858012807,0.01667299449089059,0.0005528508940687215,0.0014912810205046758,,,,
2020-11-13,,,,,0.028636976284083973,0.02054451410921888,0.01717856256025376,0.028763716397120033,,,,
2020-11-14,,,,,-0.015612969029313563,-0.002363029616265236,-0.021816666878178494,-0.014954987529608306,,,,
2020-11-15,,,,,-0.016525656529147482,-0.001365002063383974,-0.02662930077916789,-0.015588599003983213,,,,
2020-11-16,,,,,0.046549892129067176,0.053005361056235836,0.03592971040786622,0.047673129800050194,,,,
2020-11-17,,,,,0.05204232760453974,0.05728501677686208,0.05185270242531939,0.052592542640578104,,,,
2020-11-18,,,,,-0.009936278849795133,-0.008173369354157384,-0.013365512136411597,-0.009758362428731918,,,,
2020-11-19,,,,,0.005675267946849406,0.015823978533182185,-0.006520904678842587,0.00700928302897605,,,,
2020-11-20,,,,,0.05302752846407591,0.061731482327336204,0.09093636279558368,0.05240163687514817,,,,
2020-11-21,,,,,0.14395623030867744,0.189587829776488,0.08386943684836756,0.14653162155026883,,,,
2020-11-22,,,,,-0.02676237164833182,-0.022859139457355217,0.046239773685843484,-0.02857468675183112,,,,
2020-11-23,,,,,0.12948090591086447,0.1824880241739192,0.053623250421657165,0.13357132319894302,,,,
2020-11-24,,,,,0.1091031730000655,0.08177236456361528,0.05062613755181732,0.1095343606781762,,,,
2020-11-25,,,,,-0.05342953924272913,-0.04923102074650131,-0.052922585284223236,-0.052857685536578436,,,,
2020-11-26,,,,,-0.12392013507113164,-0.12098505687193191,-0.09859934840170115,-0.12440202366015192,,,,
2020-11-27,,,,,0.023913509429615957,0.022148371968437837,0.009021885000212405,0.024597343922178334,,,,
2020-11-28,,,,,0.05253747523602772,0.07512330225341202,0.10515817971031043,0.05174080540309316,,,,
2020-11-29,,,,,0.019677655309619617,-0.0011323216897751332,0.02930828573976387,0.018717013893825653,,,,
2020-11-30,,,,,0.07097510416991822,0.08736130653667777,0.05012560966213355,0.07244337044124595,,,,
2020-12-01,,,,,-0.06797176128702298,-0.052041913421044396,-0.05336308338180356,-0.06608084952330474,,,,
2020-12-02,,,,,0.02107460233857528,0.019207982419962213,0.019316395628020892,0.021352231626746293,,,,
2020-12-03,,,,,0.015067967051520883,0.020341810001032887,0.023643453189217574,0.015769612990325407,,,,
2020-12-04,,,,,-0.08152350861517088,-0.0496306335286197,-0.06413726561232051,-0.07799652047855263,,,,
2020-12-05,,,,,0.044238282876390825,0.02693637466703634,0.04342360888293896,0.042281657198542,,,,
2020-12-06,,,,,0.00936906866071846,0.006233826860738412,0.006598994899791274,0.00818460985561216,,,,
2020-12-07,,,,,-0.015699276533872188,-0.006920073470460773,-0.015594344683312378,-0.014086394015454362,,,,
2020-12-08,,,,,-0.07034257497418472,-0.049375620670047735,-0.05976840915176017,-0.0678997028515579,,,,
2020-12-09,,,,,0.03684153008369282,0.019766991432035412,0.028340774952403974,0.03292777358662558,,,,
2020-12-10,,,,,-0.027883689824153537,-0.01824379734098167,-0.024038647677788856,-0.026237233964433834,,,,
2020-12-11,,,,,-0.02693740816192984,-0.013132986856937772,-0.01758080045568345,-0.025179999229627423,,,,
2020-12-12,,,,,0.02762033983663024,0.038528917312056196,0.04036939176649722,0.029072886399542253,,,,
2020-12-13,,,,,0.04034339937304878,0.020475530658902417,0.034740856191179836,0.03764704143374912,,,,
2020-12-14,,,,,-0.004087447267204858,0.0014784193301005356,0.005421402491554152,-0.003367495344494091,,,,
2020-12-15,,,,,-0.0036798828565478784,0.008389978176277938,0.0011096226390329544,-0.0012952831840584243,,,,
2020-12-16,,,,,0.10546735210971075,0.09058341123124605,0.08902301467559244,0.10226581327270931,,,,
2020-12-17,,,,,0.009888917234906036,0.05406422944538762,0.029550093490781342,0.01424841751408017,,,,
2020-12-18,,,,,0.015155018381917908,0.010093886648524151,0.014833989760258213,0.015577434952506191,,,,
2020-12-19,,,,,0.013790445494300932,0.025778349175845455,0.015958715209280605,0.01612750376080005,,,,
2020-12-20,,,,,-0.0055759793954341386,-0.008980384970932575,-0.021937558042672875,-0.004275941448371982,,,,
2020-12-21,,,,,-0.06155292567046387,-0.036283568278047414,-0.040297081304373684,-0.06020861159274816,,,,
2020-12-22,,,,,0.0029169318350360084,0.033273104595518896,0.038008629930520614,0.00740179186626351,,,,
2020-12-23,,,,,-0.16479064545891137,-0.059440646376404165,-0.06495514804548573,-0.1542253021534456,,,,
2020-12-24,,,,,0.13088720446010557,0.04175568273170515,0.051727693734613514,0.11960659731277815,,,,
2020-12-25,,,,,0.02590357313179433,0.03808545218147995,0.03183632546559173,0.02992538316577304,,,,
2020-12-26,,,,,-0.0021636567802180593,0.056199875197478454,0.0371859494218132,0.003324578464046643,,,,
2020-12-27,,,,,0.010300683386022625,-0.002909186921934573,0.01876770681426937,0.011590531709129978,,,,
2020-12-28,,,,,0.026982186027916952,0.02947878851303867,0.06760142791218408,0.028038954523697507,,,,
2020-12-29,,,,,-0.021987362638587374,-0.00020895111644706756,0.022637931389440688,-0.02093581407838945,,,,
2020-12-30,,,,,-0.00791083225521614,0.03909560725619876,0.02474427112766422,-0.0026881819678399275,,,,
2020-12-31,,,,,-0.010734631048652776,0.002287669523174207,-0.007033676694811307,-0.010380388496753839,-0.011734631048652775,0.0016054924524870656,-0.0002570361818874505,-0.011442011112451696
2021-01-01,,,,,0.011329133285298942,0.009468947123906536,0.007422127152073197,0.009096934426485773,,,,
2021-01-02,,,,,0.02072716260525204,0.07974249642719579,0.08688852593294565,0.029171466574844186,,,,
2021-01-03,,,,,0.11625440576667895,0.057256950040267054,0.06954130383581948,0.11739332463957468,,,,
2021-01-04,-0.014701064199660194,-0.007194914609721894,-0.01478353237260165,-0.014453171945196935,0.04516079223322002,-0.00376791845999161,-0.005988329202471164,0.03588761363849642,-0.005557421460846824,-0.004659655726745145,0.0061579153391777604,-0.008907310180526823
2021-01-05,0.012674408604811125,-0.0010629940585023118,0.011027279802643996,0.008939421462187817,0.04535021621589661,0.05855913278646417,0.06201731440970656,0.043383632957519624,0.01812037653999204,-0.00010034557877026914,0.0618435639948187,0.01269854335561247
2021-01-06,0.013264430714510802,0.0004377465288468616,-0.02423074010092818,0.010643394034967432,0.17477270939392503,0.07956981082926134,0.08620121128590028,0.1504007657365604,0.040182477161079845,0.002202668540911057,0.10400830972512314,0.02729707604770869
2021-01-07,0.009679796812702828,0.008049290823998283,0.034075631234092546,0.008534463071311255,0.01246324314431502,0.04804701287933995,0.05810017925816701,0.009764671694587413,0.010143704534638191,0.007603676318120618,0.048911836440885786,0.00918624092308689
2021-01-08,0.00286576936205043,0.0020449293408079093,0.006458352608304565,0.0035526447096971107,-0.007003682538939726,0.022803369195866077,0.028535279013580033,-0.004819860056226884,0.001220860711885404,0.0002873772943139026,0.01949750117788211,0.002369595035269458
2021-01-09,,,,,0.08814075491705675,0.010592756199678737,-0.0010207175082075012,0.08853997215599357,,,,
2021-01-10,,,,,-0.026760593955873282,-0.01793112302960119,-0.04047967914439481,-0.02251842400628994,,,,
2021-01-11,-8.806647741709266e-05,0.004521418752779453,-0.001718907812575931,-0.000819200932939386,-0.1287050223078924,-0.09394128637284192,-0.08581266603856941,-0.1310805194700033,-0.02152422578249631,0.002308785983954735,-0.0658793812502739,-0.014784533220389934
2021-01-12,0.003012843574414887,-0.0026103495243498037,-0.024664668210248836,-0.0004105862889272352,-0.01873015718865717,-0.04413855089760771,-0.04552235370931576,-0.024524804356005497,-0.0006109898860971223,-0.0014990154973146823,-0.03563253393803775,-0.002608411417219328
2021-01-13,8.709165777319482e-05,-0.004095897089568319,0.0009543208904150045,0.000753957277248363,0.0823859488799264,0.09627668646108054,0.09666826987594462,0.08442719987874597,0.013803567861465397,-0.0036853354912541585,0.07894174466534408,0.009589172132419626
2021-01-14,0.003088648294878564,0.0001731088667268169,-0.02162848472747625,0.0013257876211578872,0.019721432969461637,0.04848855589596994,0.05577881059525676,0.02515753523475178,0.005860779073975743,0.0015683266546721259,0.03758331278735965,0.0037001150226080594
2021-01-15,-0.010835450462099163,-0.001825727723349963,-0.0022564881712676048,-0.007251864979690026,-0.03879468771114989,-0.052768508087881354,-0.05574736322336583,-0.03901713811496201,-0.015495323336940953,-0.002830274981243809,-0.04906985569575008,-0.01070375082162267
2021-01-16,,,,,0.026781295053940557,-0.005223762640917982,-0.0031351951503452245,0.023045237422658713,,,,
2021-01-17,,,,,0.002929735952032664,-0.011187307760076268,-0.00905556089242018,-0.0004184967063073393,,,,
2021-01-18,,,,,0.025718389419126575,0.021033892739024295,0.023147844830552364,0.02688946219117148,,,,
2021-01-19,0.00728379663203324,0.0031457191036556695,0.017043908031893703,0.006432558401178513,0.009387901143479227,-0.0007986144657083908,0.0074768817203571016,0.009657987434234613,0.007634480717274238,0.00605987138690562,0.005960337652990265,0.006886631553589805
2021-01-20,0.007972222095949907,0.008276628877599335,0.02564623287591201,0.00920415857381803,-0.00588969894780378,-0.009697147680537673,-0.01075433826970015,-0.006549083826291627,0.005661901921990957,0.011267362730743847,-0.003816279413936462,0.007698946568419243
2021-01-21,-0.00735487307514049,-0.007003447698292142,0.0057161534652438225,-0.006001635863623912,-0.12997330223040066,-0.13361709086562712,-0.1443034321094673,-0.13050204642567587,-0.02779127793435051,-0.007856607397711449,-0.11355092081388962,-0.01955236729835037
2021-01-22,-0.0028008371292316966,0.0010893728172400683,-0.0050720438533417775,-0.002460138632831004,0.060561232008807364,0.07016820985347917,0.07725256156770322,0.06119961126853814,0.007759507727108146,0.00030434381065917547,0.061073435384708594,0.004404302851427511
2021-01-23,,,,,-0.0021043045962372054,-0.022359386841328637,-0.023496918548903692,-0.003270537769779981,,,,
2021-01-24,,,,,0.027888783873007285,0.020429473935175524,0.032321214396454814,0.029277624434126976,,,,
2021-01-25,0.0019324605381932259,0.0032124695377348973,0.0009048350200927839,0.003120364399636492,-0.022128620741430138,-0.004592257918610603,-0.008033461378038115,-0.02079479006420268,-0.0020777196750773348,0.003332911523579173,-0.008450597121406882,0.0005124789406224593
2021-01-26,-0.005039220682649927,0.0007965763478469938,-0.010229017630975008,-0.0032966261198824416,-0.002506439651979331,0.005591131974046484,0.010061388859826381,-0.0020344620504348025,-0.004617090510871493,-0.00023324106981738148,0.00416958850483743,-0.003312389497560616
2021-01-27,-0.02581577840422142,-0.02276292695974473,-0.04339401296914814,-0.025303570276499144,-0.07433293275748029,-0.0674336505965807,-0.06786725264447237,-0.07382336168678416,-0.03390197079643124,-0.021549853811877066,-0.06269377689744211,-0.030493546701224228
2021-01-28,0.010643214962448225,0.0006718794726338358,0.02222739126208787,0.009823680975326531,0.09385199353492835,0.09827677939791768,0.09219711908097512,0.09150573903544552,0.024511344724528247,0.0006540462639973519,0.08689329551066136,0.018682183695516223
2021-01-29,-0.01479378312667068,-0.013027860953422258,-0.00596023478075059,-0.013137658707110436,0.02826646477641599,0.021933608036416287,0.027903458357208404,0.02683385149751389,-0.0076170751428229,-0.01171452121933504,0.021024877972129315,-0.008357354625785188
2021-01-30,,,,,0.07294494996215131,-0.0025967126160965593,-0.002037756281434985,0.05211993205510117,,,,
2021-01-31,,,,,-0.016892319482285013,-0.0327861081539454,-0.035911026478143364,-0.02046340634497381,,,,
2021-02-01,0.008517686014717273,0.001285950543437697,0.014290328732163987,0.007923436569336506,0.018638160220836718,0.01523721786872821,0.036384080078350006,0.02355559680486131,0.010204431715737181,0.0013463995724185193,0.022660787180008343,0.008900117886361683
2021-02-02,0.017473889706152945,0.007654119908053253,0.025541336740384186,0.015943897566278866,0.04105192217355688,0.0529537424382367,0.07737614901301329,0.04289657927624419,0.0214035617840536,0.00718120421686614,0.051117342436031,0.018393447508735263
2021-02-03,0.0019027846101926735,-0.0030385318642877973,-0.011750135452588397,-0.0011602322794912769,0.0470529366919517,0.04786973283877271,0.06926990468244025,0.047845392615155365,0.009427809957152509,-0.0037776422247384474,0.03693526103200215,0.00389480601528613
2021-02-04,0.009138734300265725,0.0017417945632215654,-0.012781537839221183,0.007963781754790154,-0.017631563926056235,-0.018996326484038276,-0.023084709185619393,-0.022289008370534606,0.004677017929212064,0.0011920190953665488,-0.016288128458318268,0.004974018152692517
2021-02-05,0.006317001689045663,0.008862314772892989,-0.005034376515167593,0.007000712050301002,0.08420520824667656,0.05138693288083984,0.06634173780188705,0.08247728631867837,0.01929836944865081,0.011622118848734101,0.03393178507559853,0.015261256121257356
2021-02-06,,,,,0.02224549467936311,0.024933582321182608,0.02093374660246742,0.018503181452190008,,,,
2021-02-07,,,,,-0.0031776159818694086,-0.014173015705591211,-0.014578584884091578,-0.004419546954779972,,,,
2021-02-08,0.013036997474039065,-0.0006815300324404638,0.030689571004516365,0.009572066608812923,0.08091486208561834,0.15371901352066883,0.13319728848086895,0.0892978751887239,0.024349974909302272,0.0012973934805650899,0.12190443383774532,0.01772100920615524
2021-02-09,-0.0027438667563593655,0.0025313812565515422,-0.01892471654648649,-0.0024068658679153227,0.06552021148361525,0.030289417095598674,0.01064058558920295,0.06720762966287741,0.008633479616969735,0.001289837685410726,0.0016536130000042015,0.004971482186946928
2021-02-10,0.0014557026145883098,-0.006922729542132458,0.009429708808895876,0.00019119087440095707,0.04281518400419214,-0.010576538864252872,0.0049889327658260854,0.032651838084325514,0.008348949512855613,-0.006851754285866704,-0.002714919119427053,0.004077512307438585
2021-02-11,-0.001030383556659906,0.0013266220221010187,0.008507181962197923,-0.0008318525559901737,0.07786914577868172,0.07849635538899867,0.04369769215748622,0.08063622615238103,0.012119537999230361,-0.0010265630854958566,0.06070785214830092,0.007654530324824704
2021-02-12,0.004467629428637099,0.003466158084925927,-0.0007252936309878828,0.0037764056144795367,0.05428926109808539,0.001111104122489351,0.008206055880380793,0.042769830646308744,0.012771234706878482,0.0038291311901034165,0.02247993455264323,0.008633700640278706
2021-02-13,,,,,0.09582165507240964,0.06709777604821945,-0.012441960400631984,0.10095112070139728,,,,
2021-02-14,,,,,-0.029392275423807516,0.01725355015318361,0.010700565366068953,-0.02320534489888231,,,,
2021-02-15,,,,,-0.0442129748696292,-0.03247357460372207,-0.012483537540837059,-0.043867033131853014,,,,
2021-02-16,0.0005560289992204572,-0.004713145515225295,0.0008652818320867153,-0.002229451321145366,-0.0022474451004349414,0.015962858993305847,0.015118892337523377,0.000999801986925405,8.878331594455713e-05,-0.007002127681377571,0.01677821935370561,-0.002307498426057565
2021-02-17,0.002470031678470779,0.01088579885307357,-0.015065290553478248,0.002871935559338367,0.04211707838283616,0.05860709754307358,0.04823619223716422,0.04514156718813696,0.009077872795865008,0.008655421753405251,0.030230986453621565,0.007163017507416758
2021-02-18,-0.005919355778125219,-0.01630390445144312,-0.001205569777214538,-0.004280494034765239,0.0029177062460999047,-0.00832585665668195,0.016004944831148026,0.0022247065190580976,-0.004446512107421032,-0.01345698363677352,-0.0025160120809609786,-0.0035688445585467616
2021-02-19,0.0011058595895655542,-0.006780403291380054,-0.00025661178720205025,-0.0016650944534986366,0.04897981498578349,0.07032209411671735,0.048859554833307214,0.05145611799589443,0.00908485215560188,-0.007198235348364599,0.0497400094463999,0.0038604610488428047
2021-02-20,,,,,-0.017299540561226037,-0.004072791431983001,0.012283526932078185,-0.017339982417805724,,,,
2021-02-21,,,,,0.024297174916646205,0.028149392696940806,0.015065887641566045,0.02434862094972912,,,,
2021-02-22,0.0021419187071920528,0.0017987472491542927,-0.029331449928453695,0.0004718220211788048,-0.0628095634120048,-0.06869892859973446,-0.06124757486636385,-0.06845021141522019,-0.008683328312674092,0.0014475925815374696,-0.05521890993516578,-0.00652968859610652
2021-02-23,0.000247470338147786,-0.006831302822457482,-0.011814645957980978,-0.00031222315474388777,-0.1578836306811806,-0.11959399807440382,-0.10959966821437309,-0.15469320869603229,-0.026107713165073612,-0.006936598704250524,-0.09254452068313482,-0.0171274908556013
2021-02-24,0.014576435503532909,-0.0037310918638470093,0.018085754378933484,0.010079953929668033,0.03967004054777338,0.02454723457615077,0.0321459566713568,0.03841123224396368,0.018758703010906316,-0.002943306533618144,0.0270636637838681,0.012953312048768838
2021-02-25,-0.018364899811465815,-0.008287093680664496,-0.04088450138635272,-0.016001218235688366,-0.05295585849293988,-0.05801376390667065,-0.06118030785278161,-0.05383924400725057,-0.02413005959171149,-0.00845797751237234,-0.06404213437462125,-0.020023039257647857
2021-02-26,-0.012928311779984667,-0.018534148586143925,0.011623944649574695,-0.013076681153764976,0.0024429722756437815,-0.017962382192051332,-0.003185187518061876,-0.0035843937504132757,-0.010366431104046593,-0.01851509937778819,0.006846933725860526,-0.01193086990538428
2021-02-27,,,,,0.030875544497424058,0.005807034866554578,0.007828537965561561,0.025846737246774436,,,,
2021-02-28,,,,,-0.04371588305482724,-0.03297089650012471,-0.024695847958591605,-0.041933978770695275,,,,
2021-03-01,0.019963326496913788,0.00788751733166828,0.016760151378192516,0.018177044110377977,0.06607202453353705,0.09484732960306597,0.06753831784327398,0.06964696049156675,0.027648109503017663,0.008320157642174005,0.05112268661821256,0.02322753303612376
2021-03-02,-0.002791341663546041,0.0005143482053132356,-0.009947257497043609,-0.0021936370947620433,-0.016013865689389763,-0.02502947202258977,-0.037118705324894974,-0.015522567464917198,-0.004995095667853329,0.0029299003752168993,-0.022631000046668258,-0.003380737120465927
2021-03-03,-0.007037085444928419,-0.008661463623008587,-0.022064591458465396,-0.009105891950714984,0.03318617359233237,0.0461836827424153,0.0316161874183666,0.03608237823769487,-0.00033320893871828755,-0.011111682641064088,0.01560100049723008,-0.004677127624947475
2021-03-04,-0.007899217627752664,-0.004901651727589347,-0.019454564524063328,-0.008332767844492012,-0.01542651063180949,-0.033662593086735006,-0.048668717740303374,-0.018379773538388565,-0.009153766461762134,-0.004634795357467087,-0.035721159685211404,-0.008944613338702615
2021-03-05,0.017580768996769722,0.013983212202894462,0.015584926190525976,0.01714431327789244,-0.008545836651957895,0.003385627626255265,0.016824143608539146,-0.006833888641266761,0.013226334721981786,0.014072742898121264,0.02014824488113037,0.014496582797551253
2021-03-06,,,,,0.009728254619080622,0.010897229399959265,0.0061531294929927875,0.011251981226150341,,,,
2021-03-07,,,,,0.028383768233542828,0.04440611766638873,0.03267025456111885,0.031084383535376618,,,,
2021-03-08,0.0018204582191550921,-0.00014539546046482815,-0.03230997090975343,0.0015349834250005334,0.01766705142659148,0.024782455731350315,0.019213673755388436,0.019238058029081653,0.004461557087061158,-0.002638312324899446,-0.001053847309923172,0.0029242511330228997
2021-03-09,0.007318624501726561,0.003206182129783767,0.026159566185739853,0.007987461120529048,0.042932909720223386,0.04653860878765007,0.04890343789095344,0.043466779676768874,0.013254338704809365,0.0053429287399424305,0.04238585168920027,0.011722229039383674
2021-03-10,0.009821255768227701,0.010199666555016355,0.002123727080907915,0.008610898248938664,-0.028226124243624442,0.0068732637579548925,-0.01107179998637168,-0.023911320748970146,0.0034800257662523444,0.00946371837054593,0.0008684426692948544,0.004888749709350162
2021-03-11,0.00529644073907005,-0.0024734682821239504,0.01968735531442491,0.00457996922112111,0.0023940473055714564,0.025962702780405873,0.016659834081936272,0.0056689541379849944,0.004812708500153618,-0.0009646174009959858,0.016358430726010224,0.004543710996060428
2021-03-12,0.007082392417840365,0.005946207497989391,0.007952743131604347,0.006516757105601832,-0.02008021082531,-0.010809197464730958,-0.032346587764074876,-0.017261563349884497,0.002555291877315303,0.005357212313949094,-0.019166058109962244,0.003867562321200225
2021-03-13,,,,,0.07880501646479617,0.0758664815655511,0.06987049989124414,0.08114070811617582,,,,
2021-03-14,,,,,-0.04799197369537732,-0.03658664118833828,-0.03507245223178336,-0.04787263727488922,,,,
2021-03-15,0.005841980012247008,0.010550655359757759,-0.004138504843471016,0.00737966672556746,-0.03623773511569324,-0.0522649346432487,-0.04293055421208302,-0.03921405910288884,-0.0011713058424096994,0.012408566575408812,-0.038467609208397105,0.002899437702196905
2021-03-16,-0.00020791992646234755,0.004977321762323791,0.002946378003735837,0.002125313352966134,0.043132536555067456,0.01759194786176318,0.06922175907067761,0.03821583897616274,0.007015489487125953,0.005329555430269057,0.04469599853184276,0.006134703861767456
2021-03-17,0.0021785532396102394,-0.008481636342037024,-0.0017271647080928658,-7.900861682762225e-05,0.030660811823728977,0.030057540588179953,0.05230019189681264,0.029568423872148638,0.00692559633696336,-0.00827421352002867,0.032517255038557936,0.002997398393265804
2021-03-18,-0.01347521339947774,-0.007643805697019172,-0.016114106682264803,-0.011314421701045326,-0.02291498038891239,-0.016371777303218482,-0.042840288498363036,-0.021831275329184222,-0.01504850789771685,-0.007700881887240274,-0.028397586473271605,-0.012448532277276117
2021-03-19,-0.004686513277944682,0.0009609040928618973,-0.001622991939653711,-0.004604618003558976,0.019194399500747632,0.010883466502450045,0.02309222614486293,0.019323656672134853,-0.0007063611481626299,0.00011418767075427325,0.01124946501606708,-0.0019323705220934163
2021-03-20,,,,,0.01827007279656291,0.0024376837244717425,-0.022348394719142094,0.014531825754855187,,,,
2021-03-21,,,,,-0.01614450250996269,-0.014658981763250426,-0.013790462385352734,-0.01567911142986194,,,,
2021-03-22,0.005873122338467358,0.009650591968936691,0.012685040928779506,0.007227175258610357,-0.029994835705112837,-0.049136574035443414,-0.05675378135132655,-0.033952376597917895,-0.00010487066879600714,0.009119917692662087,-0.03159670566406101,0.003281192011994823
2021-03-23,-0.008100983457706074,0.0010154671078577997,-0.01001534048966284,-0.005758455392513308,0.007114226187603334,0.0037526439053160877,0.0035523414321394285,0.006576589815731304,-0.005565115183487839,0.0005753644610320447,0.0015722763156667213,-0.004405944560758186
2021-03-24,-0.003305425688800321,-0.006092275186907687,-0.008524718601945496,-0.0044029205810297645,-0.0667762833825415,-0.04299941189367927,-0.040488847137859246,-0.06330395931612495,-0.013883901971090518,-0.006108246704432436,-0.028621751476890358,-0.010761650796340963
2021-03-25,0.007122806063378129,0.0033807880650143594,0.007673486954845991,0.006405939524320224,-0.0010923526180134256,-0.01695697840474823,-0.00283006774016763,-0.004506200473225909,0.00575361294981287,0.002729932222103269,0.0010891832504818435,0.005344968860372908
2021-03-26,0.019635042704920398,0.015323922610929607,0.026254927993849528,0.01925235140912933,0.08749287264445915,0.07153707115586778,0.07703215440398628,0.08679327471281316,0.03094468102817685,0.016499869164628943,0.05983900780803428,0.026402352658598437
2021-03-27,,,,,-0.008717834840823146,0.010946795264343386,0.0002803007761387513,-0.00619187295989717,,,,
2021-03-28,,,,,0.004100426246299149,-0.001568267925001541,0.0005105941267819608,0.0023944534246353876,,,,
2021-03-29,0.0011022909356362366,0.011734873830286,0.004877292245139361,0.003048873852092899,0.037739657887588596,0.03916673868232447,0.0342172058951704,0.039321075411436916,0.0072085187609616285,0.011582034512947465,0.01753410102780976,0.006827563825264212
2021-03-30,-0.003326924065019588,-0.0076975563776602645,0.0033437354714717046,-0.004541729543680277,0.013383750136438466,0.019690442282200057,0.015780853582869837,0.01509646168510782,-0.0005418116981099118,-0.009026238013378712,0.010807044560250069,-0.002780139444182138
2021-03-31,-0.00091454863134901,-0.00015645515755940008,0.008514493154503278,-0.0005342839117191856,0.06639746310842415,0.02178459297456691,0.002939031748059598,0.06853706897479217,0.010304119991946515,0.000534737102110819,0.0012440030450382067,0.006809986376508617
2021-04-01,0.011919235422437929,0.0065816158395019895,0.0070347660324214896,0.01092545474134008,0.028439295434994006,0.01680558244124523,0.009296805510398057,0.02864383810717861,0.014672578757863942,0.006588211647230346,-4.190792011505174e-05,0.012156666351254421
2021-04-02,,,,,0.05350906897952605,0.02590570863969734,0.025793960785706144,0.052668377937633064,,,,
2021-04-03,,,,,-0.05050095907334438,-0.0446209758800329,-0.03519407183484757,-0.051561643920579485,,,,
2021-04-04,,,,,0.08008234444670534,0.031725777583571674,0.02273284340382704,0.07700033627152134,,,,
2021-04-05,0.005203894475596236,0.01193791253987414,0.002612999027379151,0.007947970264428375,0.1124723293949645,0.018832759722816648,0.006934867786808744,0.09391720888113492,0.02308196696215761,0.011911074279033446,0.0042872311016305675,0.01644980632028941
2021-04-06,0.00031178142225714674,3.9657869675963856e-05,-0.00026199970274780375,0.0005361723248475112,0.034239733482870995,-0.0005160758080216357,-0.0049385094325967525,0.028311706535411322,0.005966440099026121,5.7479874867426804e-05,-0.004664665698100031,0.0032302140004604137
2021-04-07,-0.0009843279076349229,-0.0005007918361598803,-0.002686143645610782,-0.0012017422361264775,-0.07683383516515305,-0.041785356081002666,-0.04797821676211668,-0.06978591146667848,-0.013625912450554611,-0.0005149597593059567,-0.02143852924909585,-0.007601747076017579
2021-04-08,-0.00125898675424055,-0.0007378694157323598,0.0030270220304081546,-0.0010764845872708426,0.06650800161559936,0.04415066190832693,0.045321356187060874,0.06234902248664566,0.010035511307399434,-0.0008162150658312407,0.02173450254490648,0.004891335543125061
2021-04-09,0.0025702524318601074,0.0037009794158468943,0.006305088574389472,0.0027534305282456385,-0.026439087808186844,-0.006816128409784933,-0.004168700825678272,-0.02442477561406785,-0.0022646376081477187,0.0037261981468321905,0.0012720181668104192,0.0001759449587700623
2021-04-10,,,,,0.10208440271596672,0.03827995268620486,0.026383907490304337,0.08958628412638357,,,,
2021-04-11,,,,,0.01134172738606192,0.007480184743440779,0.010799367713362056,0.01025289235624235,,,,
2021-04-12,-0.0004073299999306901,0.0014363595165208163,0.003887461407618224,0.00014708171212190606,0.0011626642882354276,-0.010962028210610578,-0.0018968589766042746,-0.003342569571532906,-0.00014566428523633758,0.0014305700410119713,0.006698540870502245,0.00023982852270465954
2021-04-13,0.0017323719424837077,0.0019053490841959505,-0.002958396300681429,0.002777541749089457,0.10969981126458485,0.06928725630752051,0.0652376747617128,0.10362577592658136,0.0197269451628339,0.001866983378594292,0.024951200950165665,0.01219293312034661
2021-04-14,0.0033581112989769886,-0.002507005723486397,0.00045820764469796567,0.0004748410050461635,0.02628859256885361,0.01121997016262279,0.0144688354113913,0.027424636858490108,0.0071798581772897566,-0.00251164876491728,-0.0013979129653432336,0.0027947300576077355
2021-04-15,0.009449393897939496,0.007067288623330385,0.008875786466107163,0.011094472203958783,0.060911491093833904,0.02555267488129545,0.012847111034590901,0.06336547241595984,0.018026410097255228,0.007075762206509183,0.0158348888745878,0.016039377550932238
2021-04-16,0.0028414438132387267,0.002243378297085311,-0.0024556565819595887,0.003405242002853268,0.05065662411454963,0.005898322511820739,-0.03088444412593583,0.05780092859695002,0.010810640530123879,0.002257804166840116,-0.011794907160727038,0.008191476538807573
2021-04-17,,,,,-0.03176555482050418,-0.02129307245320661,-0.020827090731505626,-0.03250128993546871,,,,
2021-04-18,,,,,-0.07403361917153414,-0.06903836924034443,-0.06684501803459532,-0.07206063140358883,,,,
2021-04-19,-0.0035293475918233945,-0.0010189504539372743,-0.0017066812678026544,-0.0036314862827504465,-0.06293211235912945,-0.022201999843859403,-0.019679775140821115,-0.059134724097666805,-0.013429808386374403,-0.0010599983128990415,-0.009292353085771692,-0.00874897617344068
2021-04-20,-0.008747199313497123,0.006069157384027102,-0.01302331222792072,-0.004208768186465274,0.03341952255413645,0.021107191865170943,0.03389037046056337,0.030988328590461155,-0.0017194123355581928,0.005957227545055371,0.0008034548748866174,-0.0010008296020677136
2021-04-21,0.010748101009074381,0.005058915979474374,0.011960256785996699,0.008415843839359281,-0.04142399100162268,-0.03540591175617111,-0.029718417761617058,-0.038976777253577635,0.002052752340624871,0.005090485896298717,-0.00895118602782777,0.003963046177571913
2021-04-22,-0.009628306971395235,0.0004679915418270911,-0.012719860006888404,-0.00778983269147022,-0.04904992826934679,-0.0293857937919481,-0.025903935487071705,-0.044051932288294876,-0.01619857718772049,0.00045016237895978894,-0.025222304262203572,-0.011328565673708303
2021-04-23,0.008856224632086745,0.0026465867785796745,0.011942669001571348,0.006960292442917383,-0.016415494666891482,-0.017428033623904365,-0.01196734643764564,-0.01836951844696735,0.004644271415590373,0.0026305238859946458,0.00701953652694629,0.004829168961213749
2021-04-24,,,,,-0.06806209030471672,-0.03627583635906237,-0.03445446358523439,-0.06548199864363033,,,,
2021-04-25,,,,,-0.009028471809759443,-0.010551077780966232,-0.002139433728909426,-0.008298313366046212,,,,
2021-04-26,0.001031024202245785,-0.007082336627902251,0.005862568789512293,-0.0008738538419424568,0.15086850243841624,0.10624819588902838,0.10322678928785839,0.1417283706170968,0.026003937241607523,-0.0070043957538605765,0.042531826209115206,0.01242951277610655
2021-04-27,0.0010263258205212857,-0.004389848166376517,0.009506777799173244,-0.00014312617489888355,0.0428384009368606,0.026004383559186047,0.03091348542862943,0.041510393758097716,0.007995005006577837,-0.004408091581475155,0.024549655493640212,0.003680742575050959
2021-04-28,0.0005173149641775312,-0.000443821432791494,0.00489777070935959,-0.0013639214049156504,0.0015703408166000024,0.003133330707390204,0.007881634227920951,0.003391483491784309,0.0006928192729146093,-0.0004800612172976681,0.004241511743992808,-0.0011425666147800665
2021-04-29,0.008854898351562737,0.0070480138168270146,0.009260940218133736,0.00812345119245017,-0.010431513593727104,-0.018305578839847264,-0.015828600477910057,-0.012015851323669677,0.005640496360681095,0.007021289670516028,-0.0015909660442097308,0.006412917804156646
2021-04-30,-0.006729647523317546,-0.0006914127589196799,-0.006534457327768559,-0.004539939143511053,0.07615810292228212,0.06827071206160086,0.05511514880246346,0.07410621756460038,0.007084977550949063,-0.0006944503681188446,0.02231937122684913,0.0028242686916101255
2021-05-01,,,,,0.03980355255574375,0.013875869180701278,0.020313336170941644,0.038511488668915884,,,,
2021-05-02,,,,,-0.014599904851997027,-0.016910600099020595,-0.013188183199682794,-0.0147997565765088,,,,
2021-05-03,0.007437644948144481,0.008025656846608532,0.006653136456761452,0.006324465766940817,0.055476102519817626,0.04415430984844499,0.06168638652509953,0.05956137997844941,0.015444054543423336,0.008095442953654823,0.012428151806455595,0.010314416545480197
2021-05-04,-0.0023142375990448214,-0.004340293355455807,0.0037700838898529197,-0.0034967048343665062,-0.0223198060480419,-0.05752375219020099,-0.06196452341800222,-0.0206209540279395,-0.005648499007211,-0.004638824823470097,-0.011147785039953615,-0.0046060010708420486
2021-05-05,0.005992361499102263,0.002151364473741324,0.005775216324589899,0.0032599705016077727,0.23237817771357977,0.08512408677143932,0.09385740429994079,0.22341858653591695,0.04372333086818185,0.002698099645637454,0.0292995287330106,0.02012013089915733
2021-05-06,0.008050152328450045,0.007140754349029473,0.005906123564212002,0.007964185070544801,0.09504982199971371,-0.013871409771681976,0.01043039560400567,0.08868663648328999,0.02255009727366065,0.007197537172284365,0.00865486302590871,0.014240557614514563
2021-05-07,0.009636659392556049,0.0010170833951626782,0.010429016962337521,0.0076652211868492946,-0.03738328711875315,0.010483068965728246,0.008220964660931234,-0.03462391998959926,0.0018000016406711852,0.0010340745577702905,0.009179147689231264,0.004380934401975983
2021-05-08,,,,,0.01505247076056373,0.04098316779790319,0.04687206522966293,0.02031523972875045,,,,
2021-05-09,,,,,0.01695799459749009,0.0018365955524559322,0.014799560917773017,0.01681372023542596,,,,
2021-05-10,-0.0043271232369361135,0.005270758349290763,-0.004151308759418318,-0.0021516636521282766,-0.06333573003276818,-0.03445526705809004,-0.03152659897436991,-0.062303849100051927,-0.014161891036241459,0.005036872879642685,-0.015201360564860244,-0.006855176422909441
2021-05-11,-0.009261384465219461,-0.008557693655773241,-0.009813715322436013,-0.007470784729735926,0.12326469466551512,0.027616365927973112,0.03852184559978843,0.1190997559249427,0.012826295389902967,-0.008245325849606553,-0.00019709424027162845,0.0019136070221675253
2021-05-12,-0.01593679259010353,-0.013624082589445115,-0.016517145675717236,-0.016435070295560798,-0.1790871368375788,-0.13057074020824147,-0.1175049635721644,-0.17588943146452685,-0.0431285166313494,-0.014101062013353625,-0.04148610180836719,-0.028334453153983575
2021-05-13,0.008494958615479204,0.012468345105613654,0.013642969266374035,0.0102370519696173,0.06210183470583304,0.008306887314025105,0.045655665183826515,0.05358065804887039,0.017429437963871506,0.0125624965215611,0.027220850225768096,0.013639476205366966
2021-05-14,0.013989839118725322,0.002637086457218252,0.010908825352167122,0.010772466964170115,0.05375639703224409,0.02285486371148899,0.03975981254702642,0.05255849971552469,0.020617598770978452,0.002639047417444195,0.009044628460434736,0.013865844834093413
2021-05-15,,,,,-0.03983153713712915,-0.07236214515281092,-0.049563078838883425,-0.049344902606715396,,,,
2021-05-16,,,,,0.0028746940214076752,-0.008166897280045233,0.003984977073593455,0.0006453784687019092,,,,
2021-05-17,0.0031098894478385737,-0.0013709053884463178,0.005677442674396421,0.001064879595424363,-0.06620591298990389,-0.06627071169911967,-0.08060022883501083,-0.06841118490343023,-0.008442744291785171,-0.0015880957894709375,-0.013940698531100248,-0.004076960000070762
2021-05-18,-0.008646340971441622,-0.00400314601012182,-0.00901508140428891,-0.006271325630700886,0.01708008379277666,-0.002043268957871003,-0.00026592268245335406,0.014864016386389095,-0.004358603510738576,-0.003925024767539964,-0.00857111768078558,-0.004731423433839695
2021-05-19,-0.005355264782657149,-0.000346520912529767,0.0018314438235290558,-0.003176209337623985,-0.303373487313533,-0.1784865592672486,-0.20343080136009878,-0.2927954318171415,-0.05502496853780312,-0.0013986220079567208,-0.045256187950674244,-0.02551479960984556
2021-05-20,0.008595708763838073,0.009951330869535015,0.007968201325326238,0.009789717903606037,0.14700206982203626,0.10910178498736857,0.13381395266090407,0.14540471390850354,0.0316634356068711,0.01034658743107729,0.034221013427750885,0.019988266208360007
2021-05-21,0.0023746797752530234,-0.001498395407205338,0.0024276868272725223,0.0008218905651873102,-0.1408603473018848,-0.09784441947982493,-0.10932893647517457,-0.13661456093421645,-0.02149782473760328,-0.0019048983749710771,-0.02218631253997468,-0.009541490139262731
2021-05-22,,,,,-0.06160251327788788,-0.010027604050568953,-0.02532588414607407,-0.055962911301684834,,,,
2021-05-23,,,,,-0.1129073822434224,-0.08082500741846595,-0.07992537958900538,-0.11155290447686554,,,,
2021-05-24,0.006160084121522577,-0.001618784755055828,0.009400781383199719,0.004588958618857293,0.2529235672798113,0.1513797697022165,0.16827581633037528,0.24740151606924163,0.047287331314570705,-0.000974191520912961,0.037855038442842756,0.02298940703803052
2021-05-25,-0.00548226486313403,-0.005694236491738875,-0.005807818009690957,-0.004835354178958925,0.0028286933522609597,-0.0014886422120030665,0.004440555225196181,0.003845622295222554,-0.004097105160568199,-0.00569674278383881,-0.00508206139440887,-0.004202178320313724
2021-05-26,0.003712752675729429,0.00063680350723521,0.004839163230671857,0.0024667726590293783,0.07066872279801244,0.03610917826805552,0.060290492240304645,0.06870768502516011,0.014872081029443266,0.0008539265366139444,0.016335105439630505,0.007467644762075107
2021-05-27,0.002493264197657326,-0.004752327152096671,-8.871384614545085e-05,-1.3218719756239521e-05,-0.03622452964270197,-0.02758327702179907,-0.04194013274499545,-0.033200960324446006,-0.003959701442402558,-0.004908453028324008,-0.009104331020813986,-0.0026455140180249347
2021-05-28,0.002936812078919124,0.0014998260505598212,0.00829014221277847,0.003189135251109423,-0.08364161267040388,-0.08048218874506255,-0.08733191614540292,-0.08509663369538406,-0.011492925379301376,0.0012236689994709225,-0.011858203299198542,-0.0034554328389030395
2021-05-29,,,,,-0.05675666284012572,-0.03843364482874463,-0.046560759928554955,-0.05387162033546807,,,,
2021-05-30,,,,,0.04599013554369838,0.03474170534293197,0.05342669702876622,0.04336063855482006,,,,
2021-05-31,,,,,0.09017948488864361,0.06681783866102825,0.08586530022097325,0.08694551177507759,,,,
2021-06-01,0.006155867931106327,-0.004466909183974358,0.010930134881387206,0.0009532781815986088,-0.019186745025294896,-0.01931553693569922,-0.018443392766426547,-0.01950360328546144,0.0019320991050394568,-0.00446947517832919,0.004677332033593241,-0.0002092224291136623
2021-06-02,0.003927973385446996,0.0017929476840908513,-0.005438409090114995,0.0031642035408837002,0.01568630356701275,0.02471624896367166,0.015859640675705923,0.017265139700955615,0.005887695082374621,0.001693606244513723,-0.0013856505238135015,0.004052716131552466
2021-06-03,0.001535642621894657,0.004376767718803861,0.004938581829127759,0.0019427791119553213,0.03417599714809401,0.045049104041869854,0.04729317147249395,0.03649165004218132,0.006975701709594549,0.004334614814226268,0.007808712532229558,0.003916324965578235
2021-06-04,0.00663026846810969,0.00561941091054697,0.006146064255431302,0.006710350643063246,-0.07013513415978842,-0.05895059328090597,-0.06647049368011056,-0.06841869866073487,-0.006163965303206661,0.005682785710233129,-0.0028829620274194957,0.002431541954478349
2021-06-05,,,,,-0.03151695830923769,-0.03435488781531022,-0.026872799909349515,-0.03122689502632662,,,,
2021-06-06,,,,,0.017874280878071483,0.011910060989073108,0.01893030133135228,0.017679634645195213,,,,
2021-06-07,-0.0019190242636381518,-0.004156303714853742,-0.0008417729248712693,-0.0014910309579454334,-0.08261493454301594,-0.06170751193880713,-0.06511226037510232,-0.07927645234615947,-0.01536834264353445,-0.004087342971749269,-0.00788016480264675,-0.005892810229974218
2021-06-08,-0.0026256523440645065,-0.00579020847619135,0.00016187183375597342,-0.0038744834829045533,-0.0010986656821033386,-0.006087313872024003,-0.003776252949525695,-0.002157050581835019,-0.002371154567070978,-0.005735206866602166,-0.0013224637633884725,-0.003746626175910763
2021-06-09,-0.002621494186845723,0.005395579106270575,-0.016138853149017866,-0.00026246138466564327,0.05692371448042062,0.10487557471971493,0.03726210236470538,0.06090402638644781,0.007302707257698667,0.005323276021469346,-0.007118619612309657,0.0031436898392278507
2021-06-10,0.003598385643246949,0.008575423382358416,-0.00377398742773709,0.005430475067063082,-0.0467902209683756,-0.021990347226993508,-0.05681882141884684,-0.043528328112908216,-0.004799715458690143,0.008514271313993585,-0.008755374394780066,0.002651583017264864
2021-06-11,-0.00019304660451298513,0.0018866954945090284,0.00047818293720484315,-0.0003955560083244769,-0.034612165788076216,0.008402964850506314,-0.05073312129639378,-0.0311503285510994,-0.005929566468440188,0.0018801064542953343,-0.003181134504854991,-0.0022000512038091533
2021-06-12,,,,,-0.006108771207590479,-0.04016338941257457,0.014102751867709177,-0.008852271746887956,,,,
2021-06-13,,,,,0.06060711073488845,0.09395611176670506,0.056627780259238106,0.06349298791556321,,,,
2021-06-14,-0.0015218262616063984,0.00038577586859109227,-0.008912072182659294,-0.0002451006109282056,0.012104542324334043,0.02636570244449406,0.00973494332186307,0.013546698573977178,0.0007492351693836756,0.00042089347660586576,-0.005906198816576555,0.000496368930631041
2021-06-15,-0.0014924320060200657,-0.0036882516518270303,-0.004522749649815153,-0.0030056551517846294,0.012503131044355522,0.007945147066726197,0.017549212430867114,0.013265516380224406,0.0008401618357091985,-0.0038046484004235362,-0.0019826635506202434,-0.002072907594071146
2021-06-16,-0.007942953726279381,-0.010598728304851989,-0.00952802459221454,-0.009289265293603924,-0.0697520672369448,-0.0566972795320262,-0.0786140899041256,-0.06871418500528825,-0.018244472644723612,-0.010662151108341445,-0.01506881797362768,-0.012594962678864636
2021-06-17,-0.008628992318018565,-0.00013967036551999954,-0.014681188736014318,-0.0046168141684635065,0.009720760770419102,-0.006366365415583225,0.0011807201350365144,0.008794811405548376,-0.005570700136612286,-0.000184235972985002,-0.013821694512312934,-0.0037357055137684026
2021-06-18,-0.015075440337741249,-0.011233168244156155,-0.008023509739875716,-0.014112531129867488,-0.05772062088488967,-0.05949754486630391,-0.051019254432070976,-0.05801713114771014,-0.022182970428932653,-0.011205230524582842,-0.012489831532391967,-0.016618853205468607
2021-06-19,,,,,-0.020498713298390713,-0.007378727389826609,-0.020972698048733814,-0.01869180223614478,,,,
2021-06-20,,,,,0.011456111133318935,0.006232092983146023,0.024647788786931045,0.010988271784049729,,,,
2021-06-21,0.016981836922855053,0.010377226423843717,0.021089701561738394,0.014610610677349327,-0.19019405150636529,-0.11899653479076672,-0.1783887349122261,-0.18208614401745865,-0.017547477815348333,0.010413478561923848,0.0019716213910998402,0.0035067551282100123
2021-06-22,0.0013849084679286628,-0.0010921386944593658,0.0020368941325913164,0.0005399713178385505,-0.034837352458124686,0.02164334154233389,-0.024034119666739753,-0.02784814215131739,-0.004652135019746894,-0.0010609760266441278,-0.0007057193621696405,-0.001289988540970394
2021-06-23,-0.0034092189923983843,-0.00760441577706863,-0.000702898651003112,-0.00500336179401453,0.0855970046606085,0.04068020229376041,0.08168590424528596,0.07928670087679712,0.0114251516164361,-0.007563204014411644,0.006860561845749385,-0.0001453471724264054
2021-06-24,0.008045844887354254,0.004862030599820369,0.011545736231153174,0.0063497392557654644,0.06135694304332537,0.023984783169897637,0.051957661293458135,0.057878655434203195,0.01693102791334944,0.004897125634660448,0.014818803811981885,0.009422591363780378
2021-06-25,0.007796049512859093,0.011359552590833039,-0.0008043773239299528,0.008261579482029291,-0.08057487382765759,-0.08737829166243265,-0.0793432802004361,-0.08053865465188442,-0.006932437710560354,0.011454992154199763,-0.00842382854353594,0.0032736119114887465
2021-06-26,,,,,0.011936020786419109,0.016181959944482075,0.003759881434416469,0.012116568932103567,,,,
2021-06-27,,,,,0.05340874980562807,0.07725177350662803,0.06899733289737692,0.05615696143976173,,,,
2021-06-28,-0.0016871117212886432,0.0020972657784759205,0.0003994699912777334,0.001023517353041296,0.018891398769319223,0.0015478618960618699,0.016254225805775156,0.018423746196079435,0.0017426400271460007,0.0021180964166145197,0.0006934468658018444,0.0019038927291075518
2021-06-29,-0.00041512416175831335,-0.003208280918263774,0.00673542266981603,-0.0010208332773791883,0.07656251270863891,0.041271470534347626,0.07463466436903923,0.06933741211668157,0.012414481983307893,-0.003215564132629278,0.01769980334130573,0.002974893653048542
2021-06-30,0.004396661504242163,0.007640049957104928,0.0043045993263151495,0.0036172788717457453,0.010229283835137904,-0.01276941761034523,0.02662002193547592,0.008780034683088297,0.0053687652260581194,0.0075751123835867355,0.00502292140641989,0.0038990369935852187
2021-07-01,0.006588444236266208,0.0031128548983247214,0.0011076453371189016,0.005475957262565749,-0.052857881690813346,-0.04621396517904321,-0.0528910344238129,-0.05199356627238644,-0.0033192767515803838,0.003001187895894341,-0.0022583675959256945,0.0026936355706798296
2021-07-02,0.0037870288658624985,0.00521835696088863,0.004727777629220463,0.004434944616048749,0.006644821951439307,0.010798949479698892,0.02992200915842925,0.00800902959706427,0.004263327713458632,0.005231423657553609,0.005299565730048031,0.004586811808053015
2021-07-03,,,,,0.022742221109748106,0.024630827698727063,0.02555003676493331,0.022709427374542866,,,,
2021-07-04,,,,,0.02195183945789651,0.02157971168288187,0.029573541345389764,0.022805149789141898,,,,
2021-07-05,,,,,-0.04758275314865554,-0.04507686853795832,-0.04298518777379608,-0.04702209832350197,,,,
2021-07-06,-0.008689862235726455,-0.0017641119268779482,-0.0023736209879532603,-0.00517623313031421,0.018173860759549767,0.020848025362052755,0.02502944779558953,0.018733878780178195,-0.004212575069847086,-0.0018003788875662467,-0.0010083724354056193,-0.003998302769537807
2021-07-07,9.602564581949073e-05,0.0028310337237005597,0.0016813215023787063,0.0016387438892151596,-0.01356780382657763,-0.01005811797202311,-0.01323172674557457,-0.01263209501789966,-0.002181279266246696,0.002738449175701417,6.804090182961576e-05,0.0009302236321636892
2021-07-08,-0.006922522612545074,-0.004885166733140166,-0.011737211179515167,-0.006462880356644636,-0.04999297514892138,-0.03709692051958031,-0.06286176810383172,-0.049212225608279994,-0.014100931368607792,-0.005048754091499308,-0.013286051717326514,-0.008492855904293191
2021-07-09,0.01211670315324331,0.0066242908512499825,0.019212043161224525,0.009970789300539403,0.03256800205560832,0.025716307244324717,0.013110403268781975,0.030925622225552358,0.015525252970304146,0.006686143207017818,0.018947398935681106,0.010989201768274691
2021-07-10,,,,,-0.01606017871014616,-0.009429809744800427,-0.013483010111139162,-0.015061351974094124,,,,
2021-07-11,,,,,0.01105089689578709,0.020271311186666616,0.010569845967037904,0.01157762764665677,,,,
2021-07-12,0.004299687110597881,0.0018351616404084887,0.009353480535345704,0.0039712206247536665,-0.021458439480235236,-0.03410565457313962,-0.033789320009316635,-0.023161816997308394,6.666012125694878e-06,0.0018142025173465016,0.006816194908460061,0.002661957709555854
2021-07-13,-0.004766188522257003,-0.0024480941096881783,-0.011643531948330618,-0.00378375005044503,-0.032729916190515705,-0.018690970960157094,-0.04242710251630119,-0.03131198891750503,-0.009426809800300117,-0.0025283273381647964,-0.012351300075084993,-0.005172061403252298
2021-07-14,-0.0013789228043061597,0.004274053771392976,-0.0012068804576834357,0.0011672722207736429,0.005343652094854679,0.007278094893936434,0.007265636697665285,0.005779073388503668,-0.00025849365444602,0.004288103663447399,-0.0006157014070630453,0.0014784566749721948
2021-07-15,-0.0012527313665276262,0.0018182556830080522,-0.0040103384046099155,0.00037341989684161426,-0.033657562374154494,-0.033211283416726196,-0.03849724576471164,-0.034048714642438284,-0.006653536534465437,0.0016365402360114562,-0.005473757024898143,-0.0012092139413701236
2021-07-16,-0.0094583508671908,-0.000958350604460391,-0.014481301492521276,-0.005559571196423822,-0.02451103417517737,-0.012015011820017192,-0.034115418667761806,-0.02393909073146531,-0.011967131418521893,-0.0011248662939573753,-0.014373937769948487,-0.006367737680904644
2021-07-17,,,,,-0.0020961608637220745,0.004476967940775607,0.0030510884412442946,-0.0010420451597618688,,,,
2021-07-18,,,,,0.0029498340208449774,0.00686892269279824,0.0070337322221838755,0.0030512432155743985,,,,
2021-07-19,-0.017265279227803593,-0.013631512766555314,-0.013120722806193363,-0.014887755576663572,-0.048431026233618495,-0.03234402707174373,-0.04176709096261517,-0.04684015149706509,-0.02245957039543941,-0.01377536508755639,-0.014840894948993271,-0.016522158642457402
2021-07-20,0.011365506267585474,0.005185539456315732,0.01607207450882033,0.009103712968770343,-0.039675775806226554,-0.03035855406017595,-0.04459956417330234,-0.039002816108850896,0.002858625921950135,0.005058389521251801,0.013699070208592495,0.00674936486835498
2021-07-21,0.010312805453817258,-0.0020184039223828743,0.009852021495481195,0.00562940829135476,0.08404642491288189,0.08269117877487035,0.10478570359773606,0.0848978353164373,0.02260174203032803,-0.0017476175573468704,0.013398072264498464,0.009360071732122112
2021-07-22,-0.001290319131949631,-0.00015329561057382952,0.0023688753857468918,-0.0008109910226772143,0.035105539490129026,0.007917542993961382,0.015456391984386255,0.030899774912500746,0.004775657305063478,-6.758432125676732e-05,0.0024696920437438964,0.000665468177516244
2021-07-23,0.005172454986152822,0.010466045747985743,0.006428590883219686,0.006982942685146723,0.030230782391342626,0.040723924672779924,0.03335660975888951,0.03117317279238504,0.009348842887017787,0.010420063239725113,0.008036591058473161,0.00818692154907755
2021-07-24,,,,,0.02087857317535161,0.022526725154335805,0.03569582442028066,0.021266134089101302,,,,
2021-07-25,,,,,-0.0013191821921649028,0.026419260361163634,-0.0057100350498582066,0.0019895743243965925,,,,
2021-07-26,0.005689444061937252,0.0010465718717257114,0.0034480283789439987,0.0034506290993227373,0.024043643109556537,0.05072692995703468,0.01856862397379404,0.026769805618541233,0.008748477236540465,0.0010803333569070707,0.004473407290323689,0.00454374494244667
2021-07-27,-0.0020674143337947658,0.0016268818482950793,-0.006285744612235746,-0.0004475199910962974,0.026644279596079668,0.051521255382240366,0.020279437363999297,0.029092321906876332,0.0027178679878509734,0.0016264870665188887,-0.004503767266582496,0.0010900603417162806
2021-07-28,0.0024506105914112643,-0.0018556003984401496,0.0027947134589544117,0.0008737419259287376,0.025869776100008457,0.012615359814368166,0.0007736586499255538,0.022517412012977224,0.00635380484284413,-0.0017290342482234175,0.0025183554349794803,0.0018451617419284246
2021-07-29,0.0063301812971962015,-0.001022817322136526,0.008294414199056535,0.004411923723549182,0.018439540828283675,0.005713990172111843,0.0111156005248865,0.017522884317499626,0.008348407885710781,-0.0008832595155975475,0.007374583374015869,0.0049523360568685835
2021-07-30,-0.005476928437086,-0.003205466838213662,-0.0019063477572435505,-0.004365125559492109,0.02907854641851262,0.052769781715483265,0.02756885376525182,0.03161394511871044,0.00028231737218043683,-0.0030631851855946893,8.860315629669085e-05,-0.0027083001556861153
2021-07-31,,,,,0.00498091412772671,-0.008129007817622153,0.01464847329679925,0.004165853123132277,,,,
2021-08-01,,,,,-0.022758807451950847,-0.0327323258502442,-0.003091602634653543,-0.022622223231602616,,,,
2021-08-02,-0.0025946151195928866,-0.0016963932974368254,-0.0036033699447539274,-0.001699721101651263,0.010486102598031722,-0.013895171834023475,0.004830790440862907,0.008373005891266183,-0.0004144954999887855,-0.0016155381077634313,-0.003770123872035438,-0.0011782588826478155
2021-08-03,0.006555937558699149,0.0014501105300950411,0.007700336937427332,0.004963763399449909,-0.015388954950252167,-0.02874582636429312,0.0065146147395433555,-0.016369134394495582,0.0028984554738739304,0.0012306005051288531,0.005440427023377385,0.003935643661654632
2021-08-04,-0.007995184894552278,-0.008259082862798316,-0.004791817464237673,-0.007194038564278934,0.03586243098793669,0.04823744909337724,0.035173921232591825,0.0381302013577499,-0.0006855822474707838,-0.008071354499106459,-0.0024075866938677738,-0.005148327851098428
2021-08-05,0.004858409186381643,0.004596703922687054,0.0052786062077442766,0.004529134154686263,0.0162912139985419,0.029399351598167076,0.016347781454684893,0.01817439899476121,0.006763876655075017,0.004663065597175397,0.006773384550274044,0.005311866586249298
2021-08-06,0.0033861593133184616,-0.0014184222099140743,0.002450821916994073,0.0014470130288495996,0.022413974415808856,0.044051189728515634,0.013866510815395049,0.024602215903069293,0.0065574618304001945,-0.0012849880920001592,0.003380695310290341,0.00249279528057867
2021-08-07,,,,,0.07056124046525344,0.04783631727359887,0.07677192906106155,0.06710155768489105,,,,
2021-08-08,,,,,-0.044867926635484945,-0.021077519931773515,-0.03804085770240207,-0.042141196471906846,,,,
2021-08-09,-0.0025151353318879437,0.0008585298821985256,0.009549754646641848,-0.001614550903309605,0.053636190115404374,0.057909714572424845,0.038940931400960534,0.05505534697192504,0.006843418909327443,0.000958399113892216,0.011355007069678257,0.0010224028130981625
2021-08-10,0.006225201968229889,0.004588591762369342,0.015792027794464182,0.0042755952586123,0.01922318186200601,-0.015579088623658977,0.07216555436587856,0.015606850695694232,0.00839153195052591,0.004559703793706413,0.013641890476975718,0.004811687523561268
2021-08-11,0.008553749273534144,0.004119285740470732,0.0072832903254563,0.007314575230917986,0.06307775869864235,0.0013614990521653107,0.050751574914355065,0.05478150668736958,0.01764108417771884,0.0044361093232709965,0.00777108076020166,0.00975124835911724
2021-08-12,0.0018025545333928796,0.002785280629324702,0.007369574735560035,0.002423918407138356,-0.021826703867775823,-0.027359547879381774,-0.004066654855062533,-0.021800389037523665,-0.0021356552001352367,0.002793320689052625,0.005844819765304026,0.0013265922336309138
2021-08-13,0.0011371561711445751,0.003948886731577855,0.00037865393238681864,0.0027003700658256927,0.10036157544278568,0.07815009746954817,0.13315819526227263,0.09827740656562388,0.017674559383084758,0.004079247838998578,0.0036982971539592535,0.00721831788627143
2021-08-14,,,,,0.0461467226724572,-0.01484762546853581,0.018622100271953577,0.03567166547455493,,,,
2021-08-15,,,,,0.01899541951065865,0.0010778461957000505,0.018759087525540136,0.01625667603723873,,,,
2021-08-16,-0.0013067599761297918,0.007235381037122237,0.000518637437026253,0.0018022954809360492,-0.044065728043762666,-0.02559641131110892,-0.04850570593854471,-0.04144334630236456,-0.008433254654068603,0.007027587144572363,-0.0009407677783670353,-0.0001835805403537465
2021-08-17,-0.0053479278173609686,0.0028886352180094135,-0.008982030597007591,-0.0025098726551141285,-0.06500531543194384,-0.030901301940522475,-0.06988542162463188,-0.0605290064001172,-0.015290825753124779,0.002697806420398435,-0.010317140081145492,-0.0052539342360220535
2021-08-18,-0.012821725418145536,-0.010823771547648115,-0.004270402334211584,-0.012098606299894276,0.013070150055442396,0.00221261185083963,0.05740016812397314,0.011559326762286635,-0.008506412839214213,-0.01081259290013608,-0.003623658507922758,-0.010904610499973865
2021-08-19,-0.004620087357378641,0.00180989937573163,-0.003864889527638616,-0.001502486792540538,0.06192229008871089,0.0443422966012912,0.10803669005328066,0.06026128808971369,0.0064703088836362815,0.0017663808328773226,-0.001717613335493212,0.0014422579445315183
2021-08-20,0.005321036088544202,0.003861839815032924,0.008725602944817371,0.0054446297046626384,0.038683251853805764,0.052820841628688636,0.02332168645716351,0.03968554055636126,0.010881405382754464,0.0039176396645385966,0.010568396206671478,0.006999838132989663
2021-08-21,,,,,-0.02392748511978322,-0.01021304244367156,-0.016240082523794566,-0.022089984190716935,,,,
2021-08-22,,,,,0.018669111161964916,0.008194599902951549,0.0662283412950732,0.018848190790057177,,,,
2021-08-23,0.010275235784609368,-0.0019455396114937097,0.009155182488752842,0.005794285077825696,0.02087886156926002,0.007213194988693314,0.05059347282082696,0.019982170704821133,0.01204250674871781,-0.0017292171686962478,0.007990442490000122,0.006269362220156873
2021-08-24,0.0021334034039965652,-0.0054831162338888975,0.0029354201623030362,-0.0007055528975101809,-0.06750241932459834,-0.038338320980208195,-0.06351241497488494,-0.06382507776093073,-0.00947256705076925,-0.005525440985084501,-0.000285528144568391,-0.0038333998876633195
2021-08-25,0.00029726073591912494,-0.0034106426079247376,-0.0006601631938450995,-0.0009330428995419993,0.02174154514931408,0.024929163863761372,0.00981123014128936,0.02185457129963613,0.003871308138151617,-0.003326302412787169,0.000770375819017173,0.0001951132107404826
2021-08-26,-0.007054964671320488,-0.0060033901086532825,-0.006413661097195617,-0.005876641504781892,-0.06146006562904986,-0.04094623620824558,-0.06276263246882077,-0.05853232260383576,-0.016122481497608716,-0.006126011981991251,-0.00837766029924696,-0.008359932338714189
2021-08-27,0.011274058695481981,0.0013511476546240993,0.011257926748335645,0.007961151857898533,0.07269710012304198,0.046459520204922375,0.11861081583038305,0.069630171765618,0.021511232266741984,0.00162663896902309,0.013215481334187837,0.010868430519821127
2021-08-28,,,,,-0.010523062092153713,-0.0038520149324071944,-0.020363859820581354,-0.009229187527520968,,,,
2021-08-29,,,,,-4.2230907735907525e-05,-0.0020383268415788214,-0.001893505526984721,-5.935482864126863e-05,,,,
2021-08-30,-0.0008556941413459171,0.0041760500697148786,0.0025464273346535215,0.001226740625551375,-0.03427301946401956,-0.03146252808194706,-0.029468373954311525,-0.03344084018624269,-0.006425248361791524,0.003998658205761391,0.0006521617847552838,-0.0003807667709542923
2021-08-31,-0.0003515428249847849,0.0036832993352921284,-0.0017191362904278888,0.0007590277094397772,0.033926461457846724,0.011175403504887889,0.030695528269824905,0.03133104133792394,0.005361457888820467,0.00379043988219702,-0.0003120792528472397,0.0022936130550834204
2021-09-01,-0.0020525501983184175,0.001132176963127389,0.004668176492846567,0.00016157500389761821,0.05544915718852714,0.04578957965783021,0.054245159021551706,0.05584338475663678,0.007531067699489176,0.0011476115388157793,0.007558605092333117,0.002815936512405855
2021-09-02,0.0069241341926257706,0.006295673329995551,0.002429873987199233,0.005790478237659152,0.011792504731032993,0.007450547621179411,0.018346013937769603,0.01189606179696703,0.007735529282360307,0.006383717505199403,0.003826392563911118,0.006189212063822815
2021-09-03,-0.0034739609787678314,-0.001020819114128678,-0.0031824195586001355,-0.002617679206066504,0.04657082039539469,0.02145925565878536,0.011996967117209068,0.046359541356182206,0.00486683591692592,-0.0010396971338518064,-0.0025319116186362433,-0.00046555100084946717
2021-09-04,,,,,-0.010212329589721382,-0.00305266062194817,-0.03631498886418966,-0.009393661835240298,,,,
2021-09-05,,,,,0.056626714700174774,0.035443805517670575,0.03147092363747585,0.05406175829878111,,,,
2021-09-06,,,,,0.006357202425683395,0.012257687969132718,-0.020007016943212032,0.004261028987962741,,,,
2021-09-07,-0.010009097258011456,-0.014019646265244734,-0.007926918019666884,-0.011232144957254848,-0.16764027258755143,-0.11496783932971365,-0.12911977445511724,-0.16138321786987356,-0.03628095981293478,-0.014629371416884047,-0.016025076176977054,-0.01843952446547693
2021-09-08,-0.0019721439613384524,0.004963876233539112,-0.0015057101107780468,0.0010132408513981095,0.0004307836574903973,-0.010361758368008627,-0.0057115156820725585,0.0015778629670352695,-0.0015716560248669775,0.005164902892700977,-0.0009339796595198499,0.001347586611826332
2021-09-09,-0.006242056306770115,-0.011106670168169245,-0.007234026454055053,-0.007947353745141647,0.002673009912500279,0.0032689471882666513,0.009613886433875073,0.0024102576876858664,-0.004756211936891716,-0.011102813121939843,-0.006474618242837636,-0.0075490568389507025
2021-09-10,-0.003712271977980051,-0.0069199503045534365,-0.0024874143716671587,-0.00445534955982671,-0.042101786452271174,-0.03615819739392132,-0.052796542516435674,-0.04181253339018069,-0.010110524390361902,-0.007100380749911853,-0.0053564286802625805,-0.0063020854840853124
2021-09-11,,,,,0.029784970815188095,0.00894594145027574,0.07769751222406397,0.028591540734378834,,,,
2021-09-12,,,,,0.03900898067552668,0.02207442967661745,-0.0045117031577273925,0.0387488259491767,,,,
2021-09-13,0.005540850199334926,-0.00032880687462767384,-0.004024787881677827,0.0026906743245710585,-0.043186748837215544,-0.02529007790902937,-0.060732491643908634,-0.04153487334274354,-0.0025804163067568177,-0.0005268282877089888,-0.006102420097398325,0.0006395337433057437
2021-09-14,-0.009594622715975656,-0.005400688589685188,-0.011837069466498961,-0.008038052024074517,0.03937859648466578,0.046129585855241524,0.008843853137980383,0.0407974229919417,-0.0014324195158687495,-0.00507970755663833,-0.009704697911735716,-0.005598908950902067
2021-09-15,0.008697701909292485,0.002376042640839524,0.007474882381096114,0.005685289151293695,0.033761799679333064,0.027038998549838565,0.04476242634733423,0.03351175055507974,0.012875051537632581,0.0026286344847141108,0.008925619960212237,0.0070167196991114
2021-09-16,-0.004843745212585662,-0.004756998847914133,-0.006269380872209827,-0.004672183189737718,-0.02260339800954957,-0.008971147157765046,-0.027208818461555043,-0.021377193454371144,-0.007803687345412979,-0.004854866213719038,-0.0073772695051246605,-0.005545589361979959
2021-09-17,-0.011501394104243307,-0.00808898604718774,-0.01895939465227635,-0.010991338830188768,-0.02821032375523107,-0.015879921400362713,-0.03267810647306826,-0.02893035058046149,-0.014286215712741267,-0.00829670459433173,-0.0187660346316137,-0.011859724446747445
2021-09-18,,,,,0.014642044853208722,0.019648548977488148,0.01014054638719624,0.014698356436106015,,,,
2021-09-19,,,,,-0.035910362635661094,-0.02242002909934056,-0.03544062569887041,-0.03412025933830614,,,,
2021-09-20,-0.017107007363820304,-0.008771900979297899,-0.019257708655534358,-0.013965591166556619,-0.11422485591169482,-0.0960486372694642,-0.10094951566384208,-0.11210667655630552,-0.03329331545513273,-0.009195916765788254,-0.021998471448114527,-0.018411910249679454
2021-09-21,-0.002108905432231736,-0.003651508977756745,-0.0035906810460668457,-0.0023453796779504127,-0.05343634371662165,-0.052079562649630186,-0.04561505555978021,-0.053126804963335196,-0.010663478479630053,-0.0038874975278374944,-0.006463627685485525,-0.004700816158764989
2021-09-22,0.008905878341474214,5.936027403057953e-05,0.007673939308091852,0.005461107477109821,0.10935609613773782,0.07636189086021997,0.1334601912386574,0.10575322191639644,0.025647581307518146,0.0005238918534037268,0.0132686016279459,0.010166851905386734
2021-09-23,0.011459114793696431,0.0028674903054838404,0.007440765861409954,0.007767146721321413,0.01626576948492713,0.029247718452455614,0.02426350775169346,0.017819209001451442,0.01226022390890155,0.0029723461735422147,0.00764012893796919,0.008062259766139699
2021-09-24,-0.0023443356466225375,-0.00222120764498473,-0.005444293234696818,-0.0032002914030862762,-0.06248339107083246,-0.049511663516018455,-0.0362161793589552,-0.061432445690343916,-0.012367511550657524,-0.002576475603275836,-0.007921344764297154,-0.0059422705425471525
2021-09-25,,,,,-0.004266625386774614,-0.002899307924787305,0.005087963953833539,-0.0041318781493123145,,,,
2021-09-26,,,,,-0.006350457317357295,0.015260524610607326,-0.021523729596393096,-0.004023453865845911,,,,
2021-09-27,0.00328948149457919,-0.004127694126572233,-0.0022802086449937174,-0.0011787158434127787,-0.031077363869180547,-0.025186385032684434,-0.034831029986587006,-0.030765399946916145,-0.0024383260660474325,-0.003946525274308269,-0.004777680813796873,-0.002586307950290157
2021-09-28,-0.011152180037691915,-0.005318871620364463,-0.008135382684335423,-0.01035642766171638,-0.032985894716289745,-0.03032567811437622,-0.04002042664327635,-0.033239401934272834,-0.014791132484124888,-0.005404155597573589,-0.00827624551052573,-0.011231041185150266
2021-09-29,0.003919694130095626,0.008973226541485014,-0.0017035807685786284,0.005655017285232196,0.025201653417809958,0.01384488960638644,0.013471193074013527,0.02407363326303061,0.007466687344714679,0.009008129177588937,0.00017359617864213628,0.006655996164176895
2021-09-30,-0.010112777369907561,-0.009534669195663129,-0.014344020260600773,-0.0095184033778236,0.03985386657347911,0.053483867900552554,0.029096616934200095,0.0417939736956536,-0.0017850033793431167,-0.009390008258481354,-0.012030826917525867,-0.007291848018666216
2021-10-01,0.012342170182835961,0.012891736276338342,0.007786742813681382,0.010298590693173749,0.08583803887920276,0.0990240267503626,0.07842288565677355,0.08639774499308596,0.02459148163223043,0.013059119951987618,0.01384224280797943,0.013540292601738663
2021-10-02,,,,,0.01314684618977272,-0.00489024568108555,0.006057996876329786,0.012537152619628173,,,,
2021-10-03,,,,,0.016058019141841507,0.009989849582208263,0.002213654242072086,0.014448238431175622,,,,
2021-10-04,-0.0027451043939078824,0.0022167200639360827,-0.009004550587944922,-0.001974322074997957,-0.0148396687445018,0.015795185286929754,-0.026552064259527546,-0.012605592079472155,-0.004760865119006868,0.0021617882279007334,-0.007649071764437956,-0.0022811866495893616
2021-10-05,0.005693677902995397,0.0008108875799395842,0.00868256229328094,0.00406122627242941,0.03911206691222192,0.04807589045904212,0.024674921895689365,0.0397890638140923,0.011263409404533147,0.0009107787869923868,0.007930347844069777,0.005423802843882772
2021-10-06,0.0010971533003962212,0.0029210043400076657,0.007134803986346429,0.0029013017055973633,0.02631207745706715,0.06871682421891788,-0.004072602698440743,0.031301530477930564,0.005299640659841376,0.002821323226931254,0.008562960673029916,0.003986292034475025
2021-10-07,0.008043666617446345,0.008243163129084253,0.006082142843167275,0.007063036769829371,-0.00638939697911447,-0.024947644638949985,0.017744939704550114,-0.007496526038947729,0.005638156018019544,0.008336146153648756,0.004684712368468028,0.006440364653548013
2021-10-08,-0.0008405341466329583,-0.004840588081495447,-0.0012171403458971868,-0.002691060638303642,-0.00968783863579299,0.0019897780035118256,-0.015861457848824076,-0.009020157404562102,-0.0023150848948262966,-0.004920768383461693,-0.001301216138419577,-0.002871087530239418
2021-10-09,,,,,0.039018902838405284,0.01695184950001217,0.019733980354485554,0.03522479474026255,,,,
2021-10-10,,,,,-0.039372271971353526,-0.007578839090598111,-0.035024660451425486,-0.036696356771667604,,,,
2021-10-11,-0.008973806475380097,-0.008151337987210077,-0.0040571490423682,-0.008738714141069213,0.01616616745924252,0.048007150877154695,-0.0023827297987754526,0.01971354622090833,-0.004783810819609662,-0.00828612489939333,-0.002970625640783507,-0.007545243401318947
2021-10-12,-0.0007657505468342874,-0.0009727028152547777,0.01209822848043408,0.0003374864083609017,-0.02450992776943369,-0.02404740744296128,-0.024368883047218872,-0.024639880346326783,-0.004723113417267521,-0.0009724369933037388,0.01046800285654789,-0.0006365996214328111
2021-10-13,0.0032749128553063644,0.0005042163077237794,0.00973465365473381,0.0037932020078002733,0.03190285056564601,0.025131410558320987,0.02678290916602181,0.03274972318651424,0.008046235807029638,0.000583059306719531,0.011022555485417175,0.004888399641592279
2021-10-14,0.012783921551769493,0.008694323284682426,0.02100435568793528,0.012505020776024023,0.008162714258494455,0.003963141746512976,-0.0004012979548995461,0.008551307203467784,0.012013720336223655,0.00878220996201711,0.019266023485366594,0.012250898595530533
2021-10-15,0.0047869773089702266,-0.0009185053925197282,-0.0003927765371634488,0.0027020493992504615,0.021102700113018333,0.06886679247258747,0.013907540907845272,0.02546167307115592,0.007506264442978243,-0.0008137569818612131,4.5581949607479845e-05,0.0036050277772430965
2021-10-16,,,,,0.002720576167623345,-0.011075786962628354,-0.013102818715931447,0.002682801106008354,,,,
2021-10-17,,,,,-0.015497446977474582,0.010184294991756555,-0.012239659784569439,-0.012700547899909948,,,,
2021-10-18,0.00027362495568025166,-0.002355218237951418,0.007735529636627393,-0.001208104534087921,-0.005306693572157262,0.004206052862999743,-0.012624807021769891,-0.004725717756299751,-0.0006564281322926673,-0.0022269235440930887,0.006362051741913609,-0.001434731640081467
2021-10-19,0.009805851901735373,0.013873038768910245,0.00025617157435342547,0.010824719770513769,0.012977207830322194,0.035874090747191736,-0.0026924770835470113,0.014981585736021836,0.010334411223166511,0.013807732168783535,0.0006993370243244509,0.010980369477664937
2021-10-20,0.00885848761322351,0.010482701983315561,0.0014424882479294229,0.009893355686903294,0.051224364064108824,0.0316153890216762,0.038693975223628066,0.05045352153564736,0.0159194670217044,0.010429037948095545,0.0038577221470158583,0.01155062124331501
2021-10-21,0.0007577563531104439,0.005088428242877195,-0.0029286095168150708,0.003041457652849269,-0.034430299987499836,-0.053889724860301504,-0.01653203957687856,-0.03646025358312627,-0.005106919703657936,0.0051915788102173035,-0.004620869902156339,0.0014453373887556402
2021-10-22,0.0012181275672072393,0.002814337537430348,0.011481864374858312,0.0016019614880768873,-0.009454713940141793,-0.024019039988681105,0.0013251927247768143,-0.010918744619756539,-0.000560679350684266,0.0026626804335541914,0.01099870645482748,0.001121388313903913
2021-10-23,,,,,0.019371535732781185,0.015646912953516206,0.011542726035488836,0.019722035870193416,,,,
2021-10-24,,,,,-0.014741306991866012,-0.008846946438067526,-0.018912661828097987,-0.01492292674726801,,,,
2021-10-25,0.0061577379699742085,0.003874218310097664,0.012153117233708927,0.004501616245402156,0.018419186895322202,0.03431866665863833,0.008600556216651218,0.02056949216685504,0.00820131279086554,0.003980183153471007,0.010571914698070188,0.005086806142340185
2021-10-26,0.005035039278010809,0.0001119682114933229,0.011737946759481154,0.004768787496432402,-0.012946919667983725,-0.040166305139864335,-0.008052422859265997,-0.015103243396287548,0.002038046120345053,7.739792956975553e-05,0.007874278784661942,0.003942081075288511
2021-10-27,-0.016021570019775676,-0.009704437743656095,-0.018582480493451545,-0.013193424907130503,-0.09185131642847817,-0.03298925962427826,-0.10384935478514594,-0.08627859635354763,-0.02865986108789276,-0.009975859773676234,-0.023234224150099562,-0.01633435555986683
2021-10-28,0.008177747360443858,0.01774107503423699,0.02015492282458505,0.008553073562858197,0.056729009743049105,0.04225188562179702,0.048775988401085,0.05556620871827012,0.0162696244242114,0.017794889638366305,0.022794120236971357,0.01067851965132858
2021-10-29,-0.0029640878507516404,-0.0011945815666429133,0.0046397243127513955,-0.0029485543954605223,0.029088612824405093,0.026826592949989216,0.01628724577778825,0.02953285882231463,0.0023780289284411485,-0.0012000283848084825,0.004151895395973047,-0.0016470571871084918
2021-10-30,,,,,-0.010681812392085377,-0.006987572168332706,-0.023957763496754093,-0.01112248509340766,,,,
2021-10-31,,,,,0.014693243654273571,-0.00915363667674669,0.011009156220446112,0.011874865225806082,,,,
2021-11-01,0.007461175731891199,0.004646668063131479,0.0026941920321205837,0.005518287273023298,-0.004326641926342823,-0.004933202948401674,-0.0041488760960138645,-0.0035688131167342105,0.005496539455518862,0.004706523330174838,0.0031984905054785366,0.0051042259274046075
2021-11-02,0.004540063787491218,0.004401405312856659,0.01007104227499763,0.004858494456964989,0.033065335844914154,0.037038126470746474,0.038460482129120566,0.03395457971959208,0.009294275797061708,0.004474427985458864,0.011041086230478,0.0059819130637558116
2021-11-03,0.005006007983429447,0.0006414685040134159,-0.004106572532968122,0.004723040619565155,0.01674063604824131,-0.0038231125611341925,0.006214857693171332,0.015430784162469485,0.006961779327564758,0.0004890913096758807,-0.003474432203373539,0.004959000083320634
2021-11-04,0.004566805541999331,0.00017803851156078358,0.005056518522249527,0.0036968109628602664,-0.02555910524069758,-0.02387235201866076,-0.025302656333479723,-0.025364055324398775,-0.00045417958845015463,0.0003335325876632925,0.001600989004896943,0.0022954967709944685
2021-11-05,0.004317548129979447,-0.011042754497012752,-0.013692159937092658,0.00045236241754099157,-0.010200996638369953,-0.005467860551944663,-0.010281189883247749,-0.00989854094486644,0.0018977906685878805,-0.011296389392666181,-0.013397256753597896,5.6950333061216846e-05
2021-11-06,,,,,-0.004239194414665415,0.00660716968378331,-0.0015110773691474396,-0.002842068392940847,,,,
2021-11-07,,,,,0.023886360748030924,0.02905670810382518,0.02049652078032949,0.023495344658973148,,,,
2021-11-08,0.0037433371955652994,0.00029274153883459707,0.00961487996224488,0.0016535174281885267,0.060246401128590546,0.0662913281257004,0.0449026749704275,0.06132175269688174,0.013160514517736173,0.000675546168805267,0.010109249304058392,0.0037379529769742594
2021-11-09,-0.0007145187867039059,0.0007256028938651025,-0.0029730717154913566,0.00034417500070146824,0.058033521566359034,-0.00899249432805372,0.04188546463729888,0.053645326829552725,0.009076821272139917,0.000710776821626128,-0.00015112874373726627,0.00236434592739446
2021-11-10,-0.007127343452293766,0.0015879086272140386,-0.0064156532323504725,-0.0034970777130426465,-0.052120905365666895,-0.029290465443891325,-0.04917667188940033,-0.04900836161581242,-0.014626270437855953,0.0013824290802375537,-0.007845632702340163,-0.0050982509137640405
2021-11-11,0.0010659591267172446,0.001618236471890767,0.0073187492758132015,0.0004824372598035807,0.011579788077556885,-0.00015233558695151644,0.00904244349361565,0.010733508206258988,0.0028182639518571843,0.0018491363953164358,0.006432559891198945,0.000797093138990067
2021-11-12,0.002158136556547572,0.0019938907775603415,0.0033592547122882886,0.002270627145894004,-0.021045339029769496,-0.012254870195194265,-0.019559946873093682,-0.020699714061296916,-0.0017091093745052724,0.0021037199606789977,0.0025060266535672105,0.0013858583432203328
2021-11-13,,,,,0.012155992174102794,0.004674467181935058,0.007742365959083263,0.011035162926983342,,,,
2021-11-14,,,,,0.011670347080749634,0.014929260758201088,-0.004302112495917539,0.012891084055525732,,,,
2021-11-15,-0.000857079697434908,-0.002331746847458422,0.0022607147516313306,-0.001512403811614658,-0.014913367152786263,-0.028789689563929126,-0.02076418047776448,-0.015844329032827977,-0.0031997942733267997,-0.002394092026436945,0.002324333305817738,-0.001995540840336591
2021-11-16,-4.3818578374865274e-05,-0.005631318786492345,-0.0027622619940678946,-0.0009967824199951724,-0.0853953676242598,-0.05399581158234024,-0.07223857145511205,-0.08359146707441223,-0.014269076752689023,-0.005432455962870492,-0.006761158478443231,-0.004316900189422585
2021-11-17,-0.006410498431443284,-0.00272751605307753,-0.00765426599943011,-0.004563021209193381,0.005029029807759611,0.0037852691650711295,0.010490579373070515,0.004969916608805462,-0.004503910391576135,-0.002786597052252855,-0.00537570654136466,-0.004065051958637841
2021-11-18,-0.0012952494090488886,-0.0021951912824773583,0.009113832021313127,-0.0018996526381707657,-0.06659550799716892,-0.057013266171675916,-0.05939852189862946,-0.06664531906744385,-0.012178625840402222,-0.0021431270982953253,0.006032212185324022,-0.004543999110587141
2021-11-19,-0.008108011963673636,-0.007494008197351328,-0.008057114211309098,-0.005870101985056451,0.050189937841265554,0.022068864421100568,0.0578685570605217,0.04935038665434155,0.0016083130038162291,-0.007661709164169155,-0.007270980627229541,-0.003854686631842043
2021-11-20,,,,,0.01576936969310213,0.027113912443231088,0.013545282116794897,0.01734896191470391,,,,
2021-11-21,,,,,-0.01876418665940255,-0.01659755805434868,-0.017980389249157833,-0.01916618971826219,,,,
2021-11-22,0.0021290502357046793,0.0043375142365084576,0.004636611580877466,0.00015303885429421264,-0.036598052294896724,-0.04158898192887745,-0.04008386861122642,-0.03744931994945809,-0.0043254668527288875,0.004165742693061866,0.0021797620065030924,-0.0012121958335448056
2021-11-23,0.007614035389942484,0.006670705896124855,0.012067359806751596,0.006283154680072626,0.02241482154078316,0.023745009187414408,0.035827407038960014,0.02302072979038363,0.010080833081749263,0.006612847236084993,0.012297103218318303,0.007011783929942363
2021-11-24,0.0015933253638177255,-0.0014410241549084723,0.004737938519890738,0.0013833173399478216,-0.024994581710023545,-0.022405961008848046,-0.02392626295815307,-0.024967512030357925,-0.002837992481822486,-0.0012720399451904897,0.004333772864697325,0.0003492209757697492
2021-11-25,,,,,0.009420096135543754,0.017420939045403754,0.0009442046216654773,0.010083059221941689,,,,
2021-11-26,-0.02190708025971444,-0.01452854110110566,-0.02795241876401773,-0.018346955904941672,-0.06649545894871833,-0.06448879986222182,-0.043530113763348297,-0.06625272530813814,-0.029338476707881752,-0.014512827487630307,-0.030875403173471535,-0.020280434184234454
2021-11-27,,,,,0.01136172499470266,0.023068619495308005,0.011007184884142754,0.011971151082203327,,,,
2021-11-28,,,,,0.021529982658934313,0.04449153707898832,0.027269795662329295,0.02370691494121018,,,,
2021-11-29,0.0071002398395622725,-0.0010035733778304802,0.013019344614602715,0.00677275802735382,0.017998706153176246,0.010404775800331497,0.023320312284091302,0.018007713141216262,0.008916650891831267,-0.0009313878511097477,0.013816410440237709,0.007150842195233533
2021-11-30,-0.022736652197169208,-0.021956493620836293,-0.017336174053947394,-0.022296982230032642,0.0029870595108775207,-0.01241457034259485,0.01727226076675964,0.002827893325989093,-0.018449366912494755,-0.021864821121213955,-0.017004357512412825,-0.02139150968641473
2021-12-01,-0.013137975243081345,-0.011662055336882327,-0.010188595693822704,-0.01189315574083482,-0.004816033852340695,0.0037455995219638047,-0.010158824997962152,-0.004357314028636435,-0.011750985011291239,-0.011739176595248391,-0.010331648373513459,-0.011545477896459742
2021-12-02,0.021514026022957156,0.013851438143161952,0.025706004190600536,0.01960138619441007,0.0029771478098470144,-0.01318071034188393,-0.01683073491208983,0.0037382844634596033,0.018424546320772135,0.01383591673200853,0.027775939414732758,0.019033240237305748
2021-12-03,-0.0009151530011433471,0.009163673361410206,-0.00750075127772716,0.0016433608652378986,-0.054804135310390995,-0.05114773590470156,-0.05674018181805658,-0.05577021926742308,-0.00989665005268462,0.00913410855894102,-0.010212992560764871,-0.00037495427199977116
2021-12-04,,,,,-0.09966679308991833,-0.0813462200165425,-0.06553476140852209,-0.09558370037614299,,,,
2021-12-05,,,,,-0.025153555791845417,0.0036067030312915004,0.004787744341804272,-0.022079844585544232,,,,
2021-12-06,0.013552429844853974,0.010756375298767383,0.006931277733218569,0.013137323146145973,0.040040442806494346,0.024750105546667376,0.028804357279327862,0.038773673499316874,0.017967098671794034,0.010684337413805575,0.007931304659021473,0.014134650992325328
2021-12-07,0.014952137327276696,0.002775192889423543,0.022406375170875594,0.011898335597458278,-0.005612405331474191,0.002173389000504844,-0.0027837126175073194,-0.005716339594379244,0.011524713550818213,0.002808490779438102,0.020985462982514996,0.01120649090410762
2021-12-08,-0.0005769049565259764,0.0007698234493705805,-0.0019410370643027325,5.218465824905106e-05,0.03731739189615066,-0.003458213477594973,0.029696957937612744,0.03248773362626234,0.005738811185586795,0.0007822655529744938,-0.0013620493575216323,0.0013538260457580248
2021-12-09,-0.006819833181712462,-0.0024095852000729323,-0.007975680280700862,-0.005798745756760045,-0.06974011815598744,-0.056278818608157234,-0.07606782457398782,-0.06919232612920004,-0.017306547344091622,-0.0025039702518534807,-0.009872878438645968,-0.008013914797783413
2021-12-10,0.005428423454781843,0.007910422972891244,0.005306248278685647,0.005980249959383343,-0.03764782144196946,-0.009504966691461792,-0.0421191667343242,-0.035857042217649245,-0.0017509506946767062,0.00785729613092875,0.004180863664257282,0.004418154733756659
2021-12-11,,,,,0.062185845911676044,0.0448591652374506,0.043595740524982454,0.06091897631665178,,,,
2021-12-12,,,,,0.0005450006496776847,0.014874497984520643,0.006336478811267625,0.0022677122321733576,,,,
2021-12-13,-0.006038152907783944,0.006165704378833016,-0.005950056322786499,-0.0011498038575088949,-0.08065923921980626,-0.06729760487172785,-0.09034470332825276,-0.0800763092354488,-0.018475000626454328,0.005986635200613764,-0.008302745631343625,-0.004060020265453992
2021-12-14,-0.0019345036185553586,-0.00027168822095521134,0.0017579557873994255,-0.0024445538055782798,0.011911581619101387,-0.00276259837909637,-0.0030821782852525773,0.009664068177423405,0.00037317725438743227,-0.00027821217682204324,0.001671454019335544,-0.0019322199740782612
2021-12-15,0.008657972774681654,0.012053902217538893,0.018549810839704625,0.010194898675802968,0.04872903431115066,0.04928927854309458,0.061822136930084086,0.05013867711432925,0.01533648303075982,0.012186201006420054,0.02114511000260975,0.011618672256437554
2021-12-16,0.004803852555990486,0.010456674771740938,0.0008341637770333209,0.006102865446765321,-0.03275391370957651,-0.02504578929190268,-0.01843057033582348,-0.03240401272256484,-0.0014557751549373465,0.010468571950485303,-0.0007885381887083652,0.004865904673741984
2021-12-17,-0.012437317144134916,-0.012441021532531512,-0.014230932523988915,-0.01153530341160558,-0.024771957522853386,-0.030581403607717463,-0.022178862931168365,-0.0250809617264391,-0.014493090540587993,-0.012391958707151277,-0.01505522191120527,-0.012079051287356054
2021-12-18,,,,,0.020225622720911683,0.014079860877270159,0.02073804129470472,0.019404750309920026,,,,
2021-12-19,,,,,-0.002246589268154565,-0.0031059242424030893,-0.008008645153480591,-0.0019334139707343628,,,,
2021-12-20,-0.008131606148534013,0.0018534528059516093,-0.005130134949542906,-0.005068269774415946,0.0027239347357453153,0.0036994061581188285,-0.002605788711695382,0.00255936452585803,-0.00632234933448746,0.0018432047914620866,-0.003936907568787071,-0.004693391201015232
2021-12-21,0.01462265780225411,0.0032168136331043808,0.009079375395450806,0.010296276780132665,0.03319664389737751,0.04359963179556051,0.023111340955423176,0.03314697405766254,0.017718322151441344,0.003352435359012338,0.009342851532759803,0.011082772746626536
2021-12-22,0.0059381861769704026,0.006390223778939521,0.009137196652309158,0.005921882207630085,0.005615825220858106,-0.006334455834396094,-0.0010459434468344244,0.0046094485376434015,0.005884459350951686,0.006389385801638112,0.009482518462372497,0.005838592695804257
2021-12-23,0.005000741890955203,0.0015670409454706855,-0.00013750403812308993,0.004052187443046214,0.05288152119073466,0.044183416246227625,0.03960865828065771,0.05322533926195585,0.01298087177425178,0.00160769386666564,0.002231756322511359,0.005798960127631349
2021-12-24,,,,,-0.025854589725139758,0.000556406958979492,-0.009243072176219946,-0.023862229646935303,,,,
2021-12-25,,,,,0.012088707351344343,-0.007491841272116592,0.01394023233766489,0.011020201785613613,,,,
2021-12-26,,,,,-0.0019257207082916453,0.007361233487813919,-0.005271442693995769,-0.001246025506767323,,,,
2021-12-27,0.012643323884424486,0.010528381825593385,0.019956520612513535,0.01195229731998696,0.006955401909512826,-0.003376210460978325,-0.007921183482579515,0.006868850634242307,0.011695336888605875,0.010545579757488332,0.02026264633091893,0.011683670729902533
2021-12-28,0.0017823302262577135,0.004705583462199046,-0.0027792850993385325,0.0026840417270675735,-0.06626174340482956,-0.06023958553998069,-0.06335590584234188,-0.06560412705974188,-0.009558348712256833,0.004644535981884224,-0.004281885654762962,0.00020428068880198966
2021-12-29,0.00038045048004864434,0.0012790481321156239,0.001564050035563738,0.0013686703912638661,-0.02867247058178535,-0.02429908431866298,-0.03690813352909181,-0.02867567368082565,-0.004461703030257021,0.0012350079635970687,0.00030511978721675914,0.00031222739191028666
2021-12-30,-0.001522675024277136,0.0007181005500621609,-0.0038748303009714406,-0.000596074604096327,0.016974196767416676,0.015884206437189255,0.019691518199103582,0.01701728178250542,0.0015601369410051648,0.0007115074761432215,-0.0032414378314900433,5.161140191038991e-05
2021-12-31,-0.001103778985073085,-0.000755703137549951,2.077110865282203e-05,-0.0010428873689053851,-0.015267470914003978,-0.01835497092231889,-0.010899533657144356,-0.015595004752834922,-0.003464394306561567,-0.000829355939756871,-0.0006960164497560893,-0.0015975561774907749
2022-01-01,,,,,0.029122690504778354,0.029785289285226273,0.02279241446187354,0.02907409021440372,,,,
2022-01-02,,,,,0.015540556191764499,-0.007163274962024393,0.015881361175891236,0.014034095476895775,,,,
2022-01-03,0.007893532580496581,0.0012186683549004203,-0.009599471603591266,0.003727418234442431,-0.020728701930202723,-0.018736877469807907,-0.017804782359288628,-0.020417387169600856,0.003123160162046699,0.001331876744582476,-0.010560672101236238,0.0026855056367574943
2022-01-04,0.008287326862424099,-0.00020231310605119948,8.321010152332253e-05,0.004463101395454526,-0.011764087452726647,-0.0120655550135127,0.00868730793151571,-0.011618772851941886,0.004945424476565641,-0.00023543590086582073,8.661395820215315e-05,0.003959488086999359
2022-01-05,-0.009811024567845612,-0.0010261361462872336,-0.008311892416321869,-0.00877307741435141,-0.06206812715046752,-0.05073406061509758,-0.06422404850925867,-0.060944157985086615,-0.018520541664949267,-0.0011100526387751537,-0.00932128269623935,-0.010719798470986305
2022-01-06,0.000596376931055134,-0.004057402508258118,0.0018038219863070102,-0.0011189098435693465,-0.0008726027668847442,-0.009366159015892994,-0.037173063428041456,-0.0017442114137305178,0.0003515469813984874,-0.004071677804453365,0.002696117036408084,-0.0010884858278292014
2022-01-07,0.0013930725716407816,0.004297889031153367,-0.014785257139746983,0.0017894829312029184,-0.040404478130600344,-0.03714070469186993,-0.06587795854818666,-0.04104005048771208,-0.005573185878732739,0.004331462989109612,-0.015672184250678046,0.00019039371261635153
2022-01-08,,,,,-0.02093541927415324,0.004235994902819666,-0.03170407794247287,-0.019203524241397534,,,,
2022-01-09,,,,,0.00938373839620118,0.004256970472081849,0.021274058960640153,0.00915214341618692,,,,
2022-01-10,-0.006524926800297903,-0.0010821797058141666,0.0030522477795468187,-0.005886357876304372,-0.03018341787231781,-0.002155485364005572,-0.02364136800640173,-0.028341248004642074,-0.010468008645634555,-0.0010284203448490427,0.002506122583906688,-0.0068754368200091955
2022-01-11,0.010108670902059982,0.0030238963226227864,0.007130886739769724,0.006727450841802921,0.03416218451646136,0.021869109453241508,0.050278543492037635,0.033900922440348896,0.014117589837793541,0.003119360714242223,0.008091079769859504,0.007669779356897544
2022-01-12,0.002808856818174212,0.0009909314421581257,0.007890853058048958,0.0027497349185076347,0.05390506305509349,0.028389418684672728,0.041427457183560265,0.05309914193647828,0.01132489119099409,0.0010129180726587516,0.009998494570014197,0.004753990656225421
2022-01-13,-0.005023576980461088,-0.0015748875591569465,-0.012782650955084594,-0.004305943357688018,-0.034351553179315694,-0.030888714484173418,-0.036761634342713304,-0.034561546765770786,-0.009911573013603523,-0.0016443041817079064,-0.013142105718367268,-0.005331669807590549
2022-01-14,0.0018072024404420662,-0.0023874840048178016,-0.0014022229063604093,-0.0004725947295297549,0.025946966258798367,0.011930269358978686,0.018998586244709757,0.024391058202560052,0.005830496410168115,-0.0023554347053424633,4.8439220157158246e-05,0.0004637461329042676
2022-01-15,,,,,0.008994754628404667,0.0018027786773091633,0.006202201749167195,0.007848969388063912,,,,
2022-01-16,,,,,0.006503905118192477,-0.0014711291913973605,0.006122481592311341,0.007082688708650013,,,,
2022-01-17,,,,,0.00046937886742684986,-0.02002436679096498,-0.041366808457560626,0.0007787392756873493,,,,
2022-01-18,-0.010761970773172893,-0.009466268455184643,-0.011665945835555644,-0.009596518746000688,-0.015388287946141763,0.0029604828561313715,-0.015029639521672692,-0.016658833117412973,-0.011533023635334368,-0.009441981189086013,-0.011343097535103855,-0.009679526242038076
2022-01-19,-0.006784420342637872,-0.000553785681871245,-0.010916489887463333,-0.004154536114289013,-0.029012441761665654,-0.014897823244158791,-0.021554575451392312,-0.027816694417331093,-0.0104890905791425,-0.0005131680379337129,-0.01188481857303509,-0.005015159394626794
2022-01-20,-0.011862060931541647,-0.01074574313715315,-0.016063931055333616,-0.01066876623062587,-0.04252286623358551,-0.02548634039729205,-0.030591452089873718,-0.04090772688273482,-0.016972195148548957,-0.01076954036772635,-0.01700765649114317,-0.011765340000601567
2022-01-21,-0.012930960558085396,-0.00395549821623627,-0.01065751915406292,-0.009462515990606995,-0.115712541101666,-0.10381165615712487,-0.14767435465989756,-0.11580357091979276,-0.030061223982015495,-0.004050768563583292,-0.01229628929808276,-0.01339029871407284
2022-01-22,,,,,-0.05885921527965914,-0.03914348468076913,-0.05971640752836039,-0.05750250989659357,,,,
2022-01-23,,,,,0.03875242717376981,0.03558509252717302,0.053990906269038685,0.038999955396143406,,,,
2022-01-24,0.002307455792883595,-0.004607195887766499,-0.0006910663749470224,0.0008526255827283624,-0.02866215906522481,0.010406744495611067,-0.03735120652726632,-0.026424344466197996,-0.002854146683467806,-0.004640635917945012,-0.001714104010364492,-0.0002618147291203063
2022-01-25,-0.0033894377559069416,-0.004726168280722115,-0.00015970201512598842,-0.004860689361181842,0.0004887591135445126,0.008175727030871549,0.006385456601614813,0.0008405041510040247,-0.002743071610998365,-0.004754496274096789,8.544190085634073e-07,-0.004447573894268422
2022-01-26,-0.00884844116500199,-0.015463819014924779,-0.009646742223945792,-0.010846392006433572,0.005058996734153465,-0.002757016878562668,0.004924891967899035,0.004675076425730014,-0.006530534848476082,-0.015515776899026675,-0.008949785241879196,-0.01029204206100889
2022-01-27,-0.003411783232470778,0.000596872532192352,-0.0029189222908880636,-0.0027040703026932887,-0.008704446363619856,0.0077638212607122874,-0.018244935331225953,-0.008246932260960318,-0.004293893754328957,0.0005838562873024587,-0.0032557258396933154,-0.002851166884430854
2022-01-28,0.0168862597049742,0.015978961375188467,0.0326495571923956,0.017689633523088177,0.025426408633765198,0.017397102127314056,0.051213684604125106,0.02479089101267513,0.018309617859772698,0.0159404856715325,0.03249120640876647,0.018037689235191168
2022-01-29,,,,,0.014763887792000531,0.009364930838458244,0.01962735345885491,0.015150563267890566,,,,
2022-01-30,,,,,-0.01730228000829739,-0.005783656346668669,0.002457307571148903,-0.01678022297939924,,,,
2022-01-31,0.014021638256743596,0.009978173944242403,0.007576452942929169,0.012811411297854852,0.014535726144460116,0.014914536104501334,0.032576664282588194,0.014786127282014613,0.014107319571363014,0.010134144018507119,0.0069770036850361735,0.01264779530359745
2022-02-01,0.010950258432124882,-0.0031783409457361066,0.005444989764684594,0.006255250346989881,0.023033684182255224,0.006810427688638794,0.038626342838512566,0.022238419799273403,0.01296416272381327,-0.003121976060248946,0.006116340963620218,0.006813285073871159
2022-02-02,0.009991702955684327,0.01080963341979144,0.02630684322075854,0.010150419333399892,-0.0392681340350189,-0.04447002200550326,-0.039132735575322326,-0.03932599814826261,0.0017817301239004555,0.010923599632755474,0.025943851259640553,0.008101739792064397
2022-02-03,-0.00951382855415483,-0.005248468191275633,-0.007701367771339134,-0.008368250718185399,0.015430349548788727,0.005391681143316151,-0.0013759251322006966,0.014649541147993966,-0.00535646553699757,-0.005455929222782568,-0.006502522516349296,-0.007401748134339275
2022-02-04,-0.0009650934505631595,-0.004783143408399689,-0.003408137855812788,-0.0029542398493266992,0.08722734863520698,0.11376540556599372,0.11362666703116986,0.08881016482849423,0.013733646897065197,-0.004576761393087702,-0.0023820852791269923,0.0005904147365851269
2022-02-05,,,,,0.009422977778614994,0.0052459338626757585,0.010410717097086863,0.009804256041848801,,,,
2022-02-06,,,,,0.02460039905956177,0.022028351485983363,0.014206593311191505,0.024387620297556496,,,,
2022-02-07,0.0023266470700742483,-0.0008375581292622167,0.004261712293046788,0.0011451288340442866,0.07049951598030699,0.03647523220791175,0.027798951436755922,0.0678375134539954,0.013688791888446367,-0.0008301622253908679,0.005615572352168975,0.0037900277804532125
2022-02-08,0.004025120961881328,-0.0008929538718112464,0.002654157130613618,0.003425141838529568,-0.0025026088809162687,0.0029528833576668813,-0.006320523697205283,-0.0025791626109746063,0.0029371659880817287,-0.0009487748301895604,0.0019946788633630292,0.0030986079420645316
2022-02-09,0.0126067933136182,0.005489543238522789,0.019570580833368406,0.010355536869534138,0.019764412626272824,0.008128177221130996,0.03742011953678632,0.019675417367086594,0.013799729865727304,0.005719826041056583,0.01989279640232289,0.010491846638258763
2022-02-10,-0.016922118858680186,-0.016509651384805042,-0.01912922674711804,-0.01806100656356283,-0.026291180600430487,-0.016665316957720246,-0.05000061799033167,-0.02578110910866792,-0.018483629148971902,-0.016718561388981295,-0.01861370816368134,-0.01837914641483557
2022-02-11,-0.010206802133622505,-0.0032413652943776346,-0.006686445934384599,-0.008517152711236011,-0.05987846010561804,-0.0313220247069084,-0.048773193196199834,-0.058584112843498945,-0.018485411795621763,-0.0031692952239823734,-0.006373257605945137,-0.010148244103219108
2022-02-12,,,,,0.004881581624613972,0.0002727757452433386,-0.003423108656365886,0.00474026393966071,,,,
2022-02-13,,,,,-0.0009595511905362893,0.0013194019881238549,-0.011619882910758404,-0.0006507265985277258,,,,
2022-02-14,-0.006341009055696149,-0.00765779987061627,-0.006774978696680115,-0.006091078147306177,-0.004873680716226226,0.006588494534549313,0.017345677203978168,-0.004145022473177505,-0.0060964543324511615,-0.007679275440618313,-0.0075394813522342615,-0.006064757908208074
2022-02-15,0.0104701416520558,0.002087811759800766,0.0024278810015549105,0.0076075888669388725,0.05531791979116257,0.04520926704380429,0.08399521286202127,0.05469510905973374,0.017944771341906928,0.002142864280489994,0.002340341382068709,0.009166461232787812
2022-02-16,-0.0004521061122067474,-0.0015568591305718188,0.0010891773517290155,-0.0008089560267706959,-0.01540312500919441,-0.014944489780280424,-0.016367650670717795,-0.015503914484426512,-0.002943942595038024,-0.0015885659884900963,0.0007337987542980515,-0.001350436001981089
2022-02-17,-0.01523585324930586,-0.00567345111769731,-0.013871490593850067,-0.01235729067195623,-0.07783500010761192,-0.07646109851045807,-0.0787600791533169,-0.07754200313868892,-0.025669044392356868,-0.005927111429657621,-0.014747826034858635,-0.014692328023705941
2022-02-18,-0.008409016441980766,-0.005048850753918178,-0.008327252661534433,-0.007190109973221632,-0.007808763498197359,-0.011623207057573349,-0.033230954327666415,-0.008090592795949248,-0.008308974284683532,-0.005141123134696396,-0.008484077358801252,-0.007135495521367066
2022-02-19,,,,,0.005728448292466137,0.0024225511038937476,-0.007906863423876908,0.005403290592194265,,,,
2022-02-20,,,,,-0.04326270437002942,-0.04031951930327216,-0.04886661978848292,-0.042778697998658466,,,,
2022-02-21,,,,,-0.0626345494325867,-0.038847229419676964,-0.0208594936501947,-0.06085669975448092,,,,
2022-02-22,-0.006636163123505223,-0.004084089036383014,-0.00687748620429122,-0.005294744822090077,0.039267972983908536,0.032677047793081976,0.025442047983414894,0.03885679814053914,0.0010145262277304044,-0.004086040103194393,-0.005679512612166044,-0.00349126364444268
2022-02-23,-0.011444759515712766,-0.0035553541655376367,0.0073510670095665994,-0.01021298169803065,-0.020894244531552655,-0.024380193546864843,-0.018542685538320457,-0.020929512431764198,-0.013019673685019415,-0.0033653031601962695,0.008358803946989101,-0.010518887364977657
2022-02-24,0.00664616201331293,-0.0016278607935613955,0.0013489231941483633,0.0051088324721283215,0.0018385094903915378,0.029376122348833397,0.0029754631265472868,0.003654661660904761,0.005844886592826032,-0.001468606063650979,0.0007635587012206437,0.0047498138789478376
2022-02-25,0.025427521482620962,0.02667555468623417,0.035227703784301054,0.02564065936390508,0.0426568023198654,0.023322705403907993,0.06407398153092879,0.041104208267673976,0.028299068288828368,0.026521914580922106,0.03544747654452697,0.026341113161775523
2022-02-26,,,,,0.002904508069891176,0.00021499507758117542,0.005996005841990341,0.003053042987792681,,,,
2022-02-27,,,,,-0.04140870790385846,-0.03534482041771466,-0.0572828671087416,-0.041211844988290676,,,,
2022-02-28,-0.002195598379704531,-0.005409499191060808,-0.005126375275457549,-0.004326960567274889,0.1008640657054067,0.14049883710582134,0.1134332194172589,0.10254276860635991,0.014981012301147338,-0.005326900945174991,-0.0033451153216032016,-0.00014134150492450592
2022-03-01,-0.012896231197349312,-0.002884339507646043,0.004694336762461183,-0.010204478164293283,0.0031196221938872945,0.016338552344395317,0.019849761502466267,0.0036242899540112057,-0.010226922298809876,-0.0027237077129608576,0.005213034712999383,-0.009367664364124246
2022-03-02,0.019780619392027854,0.011854952811183834,0.018985660502452317,0.01722934330979878,-0.018961438742063776,-0.012399804707547115,-0.008049606210194791,-0.018466431810666758,0.013323609703012582,0.011967535452725457,0.017929530915146877,0.01568956816575027
2022-03-03,-0.0008418490610408497,0.008868143717362196,0.007779798380702831,0.0025848448189010396,-0.01945143008743081,-0.03023114584854484,-0.037834303157998773,-0.02012845737911832,-0.003943445898772509,0.00869824029872725,0.008466293577192892,0.001847456966969289
2022-03-04,0.0018169686926337767,0.00636828508935161,0.009757168376007425,0.003667003812940562,-0.0696371325993718,-0.07806688262694947,-0.07700521039143775,-0.0698588689320825,-0.010092048189367155,0.006293721443049514,0.008033295184730595,0.0009228165980792486
2022-03-05,,,,,0.0252353977196617,0.00842621957427564,0.015449634378138198,0.024306850447297395,,,,
2022-03-06,,,,,-0.036850288741983914,-0.027324704433429683,-0.03727530912901622,-0.03628105023455252,,,,
2022-03-07,-0.01776749892036473,-0.009476887200015759,-0.010853751987269065,-0.013887213113379522,-0.01777702786344355,-0.01308772459073661,-0.01926140800018759,-0.017634581040206564,-0.01776908707754453,-0.009276802261560642,-0.010392547594869605,-0.013735995946797145
2022-03-08,-0.004451663647359793,-0.013582839430601122,-0.022842524990731247,-0.00770506372750715,0.019149664845266434,0.021107050903070156,0.02827889483757388,0.01978819773653898,-0.0005181088985887559,-0.013361521248428775,-0.022366772267648875,-0.006677189465013923
2022-03-09,0.015019626125899074,0.00397433952285189,0.008723143988958286,0.011806582206426719,0.06142501332371159,0.08314344505349579,0.06526178113822825,0.06207740291504082,0.02275385732553449,0.003997143872752434,0.008790980567169667,0.013592516152827652
2022-03-10,-0.0008810613935192377,0.0012493955506159972,0.007353149430990114,-0.00042030990176112595,-0.04529719373610162,-0.06006095720848978,-0.048454065535553384,-0.045799830679561615,-0.00828375011728297,0.0013714928304949011,0.00632906546436166,-0.002191931774526015
2022-03-11,-0.008321164119682882,-0.00458070154144562,-0.007032603468183768,-0.007649225413394159,0.00725138935331222,-0.014119756512781386,-0.01803740178798426,0.005640447138891534,-0.005725738540850365,-0.004840807230583411,-0.006899730610132523,-0.007026999171162577
2022-03-12,,,,,-0.0003131008534325579,0.004193808036288626,0.005183177883685466,0.00010929550703786843,,,,
2022-03-13,,,,,-0.026829848389654964,-0.028807658478988713,-0.022981340614569044,-0.026802927714790904,,,,
2022-03-14,-0.009521426509802984,-0.002860764704725223,-0.00853724322182169,-0.007455836734077507,0.025832757715324072,0.04466785184807097,0.033182986018460446,0.026696269152032624,-0.003629062472281809,-0.003527881388451326,-0.00792864421634595,-0.005924846486619562
2022-03-15,0.009821014009503295,0.0076869893851960434,0.008166991056299706,0.00948461826533875,0.002887432540878421,-0.006354488123988054,0.006643370466969943,0.002711624751332886,0.008665417098065818,0.007528068984294111,0.006787065151079795,0.00893855163538712
2022-03-16,0.01583014592972459,0.0051165509159006445,0.006151244251127728,0.012855375677964223,0.041546730983816206,0.043535269673748815,0.055066903447259986,0.04137430625575753,0.02011624343873986,0.005421897273814268,0.006707518698063482,0.013741958360543286
2022-03-17,0.014569366617528789,0.010991321991524684,0.019825226375425407,0.013453731161993115,-0.0021367286149943324,-0.00573895310381722,0.010597712583255618,-0.0022319559676514406,0.011785017412108271,0.011042674609326895,0.019733802581311695,0.012886159975235947
2022-03-18,0.004900691902451892,0.0029498684632961406,0.007414412636826448,0.003653017227253185,0.02287071412696635,0.02297067341907694,0.04019502817026867,0.023182393710744396,0.007895695606537636,0.0030862099246691094,0.00713858933252143,0.004306197537227768
2022-03-19,,,,,0.04889256616829627,0.02104926053344209,0.0024779746205857442,0.04667456781917695,,,,
2022-03-20,,,,,-0.0008807548129557868,-0.01838632306084884,-0.02749078895170296,-0.002144209811461041,,,,
2022-03-21,0.003616403556229849,0.002094543219332873,0.013715367944843938,0.0024218227605950823,0.023983811636451396,0.0016948399580549215,0.008968732862684119,0.02249068406903657,0.007010971569600106,0.0021507495335213863,0.013534729892343295,0.0033113637678492706
2022-03-22,0.0055469342443239394,0.004467044268043101,0.0019868891429922894,0.005260970070837735,0.06288462575961842,0.04884150834556479,0.027196027281648757,0.06200989263565426,0.015103216163539686,0.00450751551038317,0.006132975976058224,0.007393496200026782
2022-03-23,-0.009675333619606638,-0.009316635818590416,-9.830896097578546e-05,-0.009116004356047565,0.012081167675711223,0.003939127010231367,0.017831736488397778,0.011220108698808054,-0.006049250070386995,-0.009280625842282316,-0.0003296628989479596,-0.008029511601610004
2022-03-24,0.010775713212324893,0.006534498493649219,0.01731555580813912,0.009152825075064071,0.02453322843609056,0.021039364215170733,0.025280795230859014,0.024238209442330426,0.013068632416285834,0.006561883655823579,0.017972358204419805,0.009574409109643798
2022-03-25,0.009012400337871583,0.008643832725509053,0.011288892787565164,0.009255589140818319,-0.011489590412916785,0.006167187804440005,0.0017830972976341302,-0.010506089080737833,0.005595401879406857,0.008624284309307945,0.01115180002218397,0.008579154351850445
2022-03-26,,,,,0.009594654493158005,0.0015034396391089178,0.009748731022710354,0.009255423946663415,,,,
2022-03-27,,,,,0.042547875454710636,0.049812733542553986,0.048395323422540416,0.043087034559165745,,,,
2022-03-28,0.0008465485017869987,0.005798155985341982,0.002296527522779451,0.002937309324100003,0.00445177065782223,0.0010283214793924144,0.011974968435056941,0.003965519315307209,0.0014474188611262038,0.005707127374346707,0.001901777712485731,0.0029400946551281105
2022-03-29,0.012421936723784475,0.012209850076801136,0.009249228010795332,0.012484844858726155,0.013999177555741139,0.008656213511751207,0.016597633979402476,0.013793234271472072,0.012684810195777252,0.01230033984870423,0.010136892619561555,0.012477154996252666
2022-03-30,-0.004279865159334702,0.0007248471454839795,0.0006507506588750039,-0.0022944400544610472,0.009501167971384695,-0.003251091011033577,-0.005800077645962631,0.009357320844159678,-0.0019830263042148024,0.000634119803970826,0.001043179259928583,-0.0017335409649561222
2022-03-31,-0.014612859704207257,-0.008524771900690224,-0.011281653713328604,-0.012494778598475899,-0.03077250341725826,-0.023627503295927988,-0.031013001966197502,-0.02947334908482094,-0.017306133656382422,-0.008704491938440397,-0.012126639660349173,-0.0131574504844566
2022-04-01,0.006186125023239843,0.00886564806999016,0.009224424143292026,0.008287468520693267,0.01314246889255092,0.01506936640042699,0.04335689804302249,0.013300737074224842,0.007345515668125023,0.008832505503714805,0.009059863977493041,0.008670355570089576
2022-04-02,,,,,-0.01024608862981643,-0.010358214883697764,-0.003001041081099141,-0.010194321046477725,,,,
2022-04-03,,,,,0.019144810628382403,0.011514618516641963,0.02038275684468391,0.01853899781594252,,,,
2022-04-04,0.0023851263573864533,0.0024309214813641356,-0.0033089553267969312,0.0012896485729882866,-0.006553388346854017,-0.002724178891611024,0.00046089480475765114,-0.006748628081122303,0.0008953739066797085,0.0026058487026464905,-0.0033223518990022466,0.0007827963633876853
2022-04-05,-0.01069834050561134,-0.003626972729735148,-0.0017870696105068491,-0.006983315914629014,-0.028460521862655356,-0.023207922070096997,-0.029252514085459702,-0.02812152513908667,-0.013658704065118675,-0.00394166768040781,-0.002556794195164433,-0.0076862147036724695
2022-04-06,-0.0012633246356550418,0.012630337179125251,0.017623186077379383,0.0038882607531486577,-0.09165544300198733,-0.06166278138881491,-0.06617886874485812,-0.09002793025266415,-0.016328677696710422,0.012045279035520431,0.01574081822650154,0.000330754692401029
2022-04-07,0.0016102370143205452,0.003330443310572573,0.012812610890669504,0.0019270314387637459,0.0361365525133895,0.010157596013459287,0.016619108753320323,0.03426882052694308,0.0073646229308320385,0.003446082078023157,0.015136090124829115,0.003249690350825944
2022-04-08,0.0031541323434364893,0.007025461086706169,0.005248630223074529,0.0038339938690852616,-0.041862478758459706,-0.028148971009569757,-0.016136273863759036,-0.040688801223238376,-0.004348636173546209,0.007033119685088811,0.00445856312712001,0.0021877197740440236
2022-04-09,,,,,0.01842106310011493,0.013772658713550105,0.019607539801179647,0.01816846559070883,,,,
2022-04-10,,,,,-0.01700182837889297,-0.015039628389130193,-0.014916164662747712,-0.016941255106479952,,,,
2022-04-11,-0.011840453695113766,-0.013835338687234588,-0.025354040444119506,-0.01148886620423149,-0.08038746598850147,-0.0663682225903878,-0.0700270497046049,-0.07938661534950486,-0.023264955744011714,-0.01394430411188494,-0.026628901807602176,-0.014291073244784807
2022-04-12,-0.0008602131354637923,0.0025777000038438537,0.0036329169733938624,-0.0006523468151508913,0.0283449435915488,0.018920863833990265,0.01627134987431242,0.027790943804936342,0.004007312985704973,0.002605928799311168,0.004226831251260484,0.0006123361528530429
2022-04-13,0.009111691535789813,0.005412551567467116,-0.007357135446081215,0.007204713276162275,0.037169341846512015,0.033840911373477126,0.02833215953970287,0.03784734653906623,0.013787966587576847,0.005680972059642789,-0.0077343368875587345,0.00830098893152778
2022-04-14,-0.0021576094399995685,0.0017922740300697383,0.006495692945428868,-0.0009554536439787935,-0.02365856424583321,-0.027584366271867476,-0.031196442008616203,-0.02377148799317689,-0.005741101907638509,0.0018094242131353367,0.0063686271813482576,-0.0017845994404217735
2022-04-15,,,,,0.031038335249899567,0.016396652521733175,0.008856181821044385,0.02982659987671414,,,,
2022-04-16,,,,,0.01442141326466836,-0.0010190190236973957,0.004756479993530171,0.013536423034668472,,,,
2022-04-17,,,,,-0.038583655169079335,-0.02129580733306819,-0.021386490465051793,-0.03756077157026035,,,,
2022-04-18,0.0008561339045568395,-0.004763270841748303,0.0017104992752165508,-0.0014765434714860705,0.022289250330103764,0.027149088223853774,0.022893971432247823,0.022732587932028182,0.004428319975481326,-0.004646287230207953,0.0015593724570661244,-0.00046434678883842733
2022-04-19,0.012514123824200307,0.008726416798452586,-0.003021353599886109,0.011012116187599204,0.021499995707293638,0.017106947164906506,0.015511981717488854,0.021038521961591356,0.014011769138049196,0.008669968251991563,-0.0031197747866122056,0.011221288427257404
2022-04-20,0.0015008733592365077,0.003711712977615382,0.005570075175672197,0.002942697484678965,-0.012096637850906011,-0.00668187143058291,-0.0072877977855228615,-0.011884226872495417,-0.0007653785091205792,0.0033559328675365997,0.005279009667276936,0.002446012938705386
2022-04-21,-0.012365582660085608,-0.008620890992552947,-0.015854019204982944,-0.011052754587214325,-0.020877854849308077,0.0004265518233200547,-0.027352750822390862,-0.0186250588466996,-0.013784294691622687,-0.009322681055160414,-0.016074114813826736,-0.011303073200332607
2022-04-22,-0.02310687701405425,-0.01558466750989941,-0.02610479536126543,-0.021048502364704538,-0.011750225224195167,-0.022478552396834578,-0.010221124530729604,-0.012451421554481486,-0.021214101715744404,-0.01569199468958336,-0.025316532630870116,-0.020617737539166354
2022-04-23,,,,,-0.01286054767525191,-0.005109752839581601,-0.008425819978330728,-0.012262818257052624,,,,
2022-04-24,,,,,-0.013762498814561453,-0.006207876949430742,-0.004165826452935507,-0.013506114445591678,,,,
2022-04-25,-0.002562322005097424,-0.0009399301205339457,-0.006979768283808283,-0.002498128807391569,0.01016629986165194,0.020628989704802234,0.02862612917818012,0.010881425476470261,-0.0004408850273058632,-0.0011291593024074236,-0.007010850545282092,-0.0021159262757261058
2022-04-26,-0.02058994664206025,-0.01466017030794353,-0.009614112316877383,-0.01793492793238826,-0.06831752801509475,-0.057794365621368096,-0.06482286070289403,-0.06742690614418322,-0.028544543537566,-0.015070752124105129,-0.010700262063937213,-0.019814820635485304
2022-04-27,0.0004532832337849469,-0.0025748359968205,0.0021931602504060804,0.000302145636287385,0.0244208828580192,0.02892438323182657,0.02888292551201559,0.0248484703569702,0.0044478831711573215,-0.0026735503722051766,0.00246978862589393,0.001313030757929944
2022-04-28,0.0175969767603209,0.014419335783342247,0.018853482619291703,0.015836779624446316,0.008911743483814662,0.011787253892890842,0.015940056889607958,0.009145125190998334,0.016149437880903197,0.014768465005938869,0.017886051652788955,0.01549924977189604
2022-04-29,-0.035137233680550675,-0.032185308034232626,-0.05425428353628932,-0.03407325781857773,-0.03646867383836265,-0.02709638682223109,-0.03862698629420798,-0.035675048255376735,-0.03535914037351933,-0.03188334347996296,-0.05455706023954955,-0.03401051123557642
2022-04-30,,,,,-0.053359876819118274,-0.024526678522773352,-0.028739824709658628,-0.05128692103712075,,,,
2022-05-01,,,,,0.04733577045165833,0.028835048494878664,0.03529110046150647,0.046788737896317656,,,,
2022-05-02,0.004282752066340887,-0.0014287861729970726,-0.012566887225097098,0.0011671356518368205,-0.003150579813704691,0.00038028729637461424,0.010486865128902735,-0.003011449887286893,0.0030438634196666235,-0.0008598076360757877,-0.012987239888862854,0.00067269357609248
2022-05-03,0.006419254004216235,0.002764647113201675,0.007946478390590497,0.005362498382881528,-0.010712090547274924,-0.015916527099944375,-0.025874505818675127,-0.010488916107399824,0.0035640299123010422,0.002715081349907897,0.007989289483201899,0.004578292443339765
2022-05-04,0.03059747582803359,0.02382940697156098,0.017979555290467013,0.02794712351781663,0.09768777207422855,0.062161837330013875,0.0564648084104727,0.09595575771276137,0.04177919186906608,0.0241055129516837,0.01779163533940775,0.030879875944329848
2022-05-05,-0.02522333353713442,-0.014046372507635414,-0.02211950917212625,-0.021484071964429488,-0.08792760957755685,-0.08102156631266916,-0.06509852608755547,-0.08756581031145756,-0.03567404621053816,-0.014377644225194434,-0.02255958212378955,-0.024186038830475848
2022-05-06,-0.0037348140552296684,-0.005532184079625723,-0.00023989653353871432,-0.0037027024319593546,0.009911536356464605,-0.0034462907127377988,-0.019726880303197584,0.010364801090211928,-0.0014604223199472907,-0.005642020162835898,-0.00046018683226751057,-0.0028482517662656672
2022-05-07,,,,,-0.025861551667197516,-0.01713346088445645,-0.021850523755786132,-0.025462292005672814,,,,
2022-05-08,,,,,-0.019123252337417542,-0.034510769322210526,-0.045003365150451904,-0.01951691804338653,,,,
2022-05-09,-0.03505511084284932,-0.012131534239374665,-0.05176410977608776,-0.029011207229845955,-0.13858540201932165,-0.11474235062843724,-0.10805714698013379,-0.13751177112608284,-0.05231015937226137,-0.012946318506946997,-0.051822256190754874,-0.033749064574140494
2022-05-10,-0.00435015726679066,-0.008212467547737943,-0.007336541409791163,-0.006250353999916858,0.03548752611899277,0.028333018565060205,0.04368007377831031,0.0356273900441641,0.0022894566308399125,-0.008166269287615522,-0.007664957027239393,-0.004527086335855465
2022-05-11,-0.003418132781437833,0.006802623497893894,-0.0004936532309188646,-0.0006009875700080693,-0.14409244004091043,-0.07217602714233948,-0.11581014355526476,-0.13964649342155763,-0.026863850658016598,0.006926728895055806,-0.0007033313582036104,-0.0068539338650837195
2022-05-12,0.0022033135934364755,0.007518315413567186,0.005675863001313991,0.0034507900489458188,-0.04872558742882796,-0.008928602464218612,-0.053282488294059044,-0.04678142230514898,-0.006284836576940929,0.0074035837631280755,0.005721958174919992,0.0010930504949035005
2022-05-13,0.022291124944625016,0.010208279089305973,0.016561808528937454,0.018153363495481266,0.06680643620759522,0.01714797945474235,0.026872933410718555,0.06449892971593571,0.029710343488453375,0.010129464045886074,0.016415261431194404,0.01997457157337588
2022-05-14,,,,,0.021150943771016485,0.024109880995700564,0.020778065161833236,0.021158714731216163,,,,
2022-05-15,,,,,0.041672055707046005,0.03694389690131289,0.04349267877534671,0.040712817761630216,,,,
2022-05-16,0.0013181692032246065,0.006155020547903896,0.005411420173667601,0.0025505258453267384,-0.059615598921542265,-0.04797844482611151,-0.057314837096923796,-0.05913140523033816,-0.00883745881756987,0.0061773452961712254,0.005073387750328742,-0.00019194186087713618
2022-05-17,0.019450539934054743,-0.004911529068961315,0.006785761746145476,0.014037780687965984,0.04388035967930752,0.022911564032864123,0.03346139276414232,0.042933860542350474,0.02352217655826354,-0.004127125224329417,0.007018097027959213,0.014988371198825434
2022-05-18,-0.02801387185213911,-0.0255395805519538,-0.03288766317846564,-0.025200802222498347,-0.0793407584536161,-0.05710387469819878,-0.08311915841461588,-0.07784037511803002,-0.03656835295238527,-0.02524275674995915,-0.032575061862159735,-0.027434588258777624
2022-05-19,-0.0018228315479148114,-0.006406023207678809,-7.004219314808617e-05,-0.0021107509421933288,0.047506905607711224,0.0537570379727927,0.05305075450376643,0.0475189612577689,0.006398791311356195,-0.006015831109132082,0.00015183150158211032,0.00019290225954863202
2022-05-20,0.0006859801810684973,0.003771073966585422,0.002630292061411403,0.002749585181847609,-0.031759637146683804,-0.03524832112168434,-0.0282512439360574,-0.03177803980218436,-0.00472162270689022,0.0034701747119941302,0.0025004358159903014,0.0012827882813312244
2022-05-21,,,,,0.01647804411295526,0.009834478596593314,0.006731520527228928,0.016233290357712378,,,,
2022-05-22,,,,,0.03472782004763588,0.032526319544828736,0.034768913056944864,0.03476752112311767,,,,
2022-05-23,0.019290594368582815,0.016378118068204765,0.016185396032547303,0.017269650994783132,-0.03280431624764311,-0.03857129195056191,-0.03474418451813724,-0.03328437512327113,0.0106081092658785,0.0167393315347037,0.015912882306386808,0.014777746441829878
2022-05-24,0.0004160499764193643,0.010850426092902005,0.003899054985255943,0.004704954611856773,0.03203904359740626,0.020098398652543495,0.0034484158752532586,0.031033420513424125,0.005686548913250514,0.01049288042328833,0.0036603119426203293,0.006310574074411146
2022-05-25,0.008934932428617256,0.00507541681042986,0.01059584227363094,0.006956377217570816,-0.009345323136245278,-0.0015547543089314705,-0.017258819749310216,-0.008561133976067968,0.005888223167806834,0.005173074723776744,0.01060052064303561,0.006128243685709043
2022-05-26,0.015234428874930364,0.005088734842875703,0.00906429999985863,0.010845829290961534,-0.05070413016976659,-0.018567919173907287,-0.07245605236746358,-0.04909209981878179,0.004244669034147537,0.005345782301419316,0.009109311317911827,0.007782796861856878
2022-05-27,0.01958241057376831,0.01068027384423331,0.018533641724851096,0.017153230752976888,-0.02852164180232375,-0.02447958143214833,-0.043788400029287425,-0.02869828524903243,0.011565068511086296,0.01076767757383198,0.018704065188095392,0.014825506767298949
2022-05-28,,,,,0.01804435320543567,0.008452610815509298,0.019142259532667138,0.01753693618425248,,,,
2022-05-29,,,,,0.02776182819934858,0.02101865037284934,0.030768501122035573,0.02725132567004748,,,,
2022-05-30,,,,,0.08357793585561525,0.07668321036510743,0.10176993535099804,0.0827689779642709,,,,
2022-05-31,-0.007686832348451913,-0.009077929270732912,-0.015910514244402256,-0.008044035833891133,0.011728387575256228,0.0004155369144244254,-0.027104869889641874,0.011339927963025036,-0.004450962361167223,-0.009157209107498402,-0.01576665963429348,-0.007184672889126267
2022-06-01,-0.005248085487194567,-0.00567115742915972,0.0007935214514649754,-0.005500942584844217,-0.0710803050374161,-0.060832793431577985,-0.010516339710219447,-0.06972056925037978,-0.016220122078898152,-0.006411836818636505,-0.00012954006743101144,-0.009208385127077341
2022-06-02,0.014666480722361935,0.0017777696059242958,0.0004490315414775343,0.011366017855221957,0.0241083992323192,0.019573830003081598,0.008924915904946065,0.023293213101927238,0.016240133807354812,0.002495292783776255,0.001307540768096104,0.011678231272000898
2022-06-03,-0.00828168804204499,-0.004924864565279095,0.0037846967744541386,-0.007441180173433235,-0.02621997954174823,-0.026459363537801626,-0.036511993480355054,-0.02603118932467204,-0.011271403291995528,-0.005113174450824844,0.0028266997200634665,-0.008374277079685766
2022-06-04,,,,,0.007294771740642957,0.0054217867661504795,-0.009575553603478375,0.007142842199819328,,,,
2022-06-05,,,,,-0.004211390828016736,0.0027493278551344114,0.013177089958018574,-0.004031172813228895,,,,
2022-06-06,-0.0004726634839063059,-0.004828412610308365,-0.0030603113344594714,-0.0008767816252673948,0.02920144611179571,0.044715234246340496,0.0034263556344134583,0.02907986611534527,0.004473021448710696,-0.00433540093189763,-0.003000406821658049,0.0008094492627798622
2022-06-07,0.010212564518665375,0.007471091633091315,0.015106930320557184,0.009224210979830188,-0.011969793902402005,-0.009057867440179949,0.0037697449969036232,-0.011864007380824822,0.0065155047818208104,0.007378904950760551,0.014060574551099943,0.007926305683307523
2022-06-08,-0.01288874606797629,-0.009484370039496181,-0.007024068203398475,-0.012475550809141598,-0.013612383477299806,-0.027019649595044253,-0.01677786409188777,-0.014800149515745277,-0.013009352302863542,-0.00979327024965086,-0.0073852646192529995,-0.012591589258687268
2022-06-09,-0.02355902207801281,-0.022119394289168152,-0.024655582376587517,-0.022281887819652603,-0.006290799584613549,-0.0029529001051589693,0.00420404299581033,-0.005924800296839416,-0.020680984995779594,-0.022477711754256807,-0.024723123410690714,-0.021293783487171935
2022-06-10,-0.02572519852341478,-0.009080185022397609,-0.012185385456552383,-0.021050541681441253,-0.052389569676345525,-0.03902843503145876,-0.025093907437285044,-0.051230099095672874,-0.03016926038223657,-0.009355658808489015,-0.012501384701166072,-0.022020018201524376
2022-06-11,,,,,-0.05910299544008756,-0.03349644697916955,-0.03796357082751812,-0.058106570375298844,,,,
2022-06-12,,,,,-0.05806915079641411,-0.05415707786587991,0.006267465900107764,-0.056652743303880204,,,,
2022-06-13,-0.04038529147505947,-0.03227633296687855,-0.041189869802700264,-0.03752183603217514,-0.12649945561716172,-0.1609085200696621,-0.16525123860314023,-0.1290027883866873,-0.05473765216540985,-0.03319957925207911,-0.0414875614043079,-0.04253389934848499
2022-06-14,-0.0064914420956831,-0.014325194141955407,-0.007783247789202555,-0.009323997222270796,0.011680498107776516,-0.013467451943474582,-0.1255290935154466,0.009185380874338641,-0.0034627853951064973,-0.013897818523191552,-0.0077504610919049005,-0.008579780197333216
2022-06-15,0.010895650187921786,0.003151358929832582,-0.005779226558504296,0.00906118852432198,0.06542525357596155,0.020286516436935083,0.12811457007507204,0.06282968650789333,0.019983917419261744,0.002829080630613322,-0.00511527495252411,0.01177356293702007
2022-06-16,-0.02883302653138866,-0.008930737626768636,-0.021999410064702622,-0.02321556060830428,-0.10718840066102221,-0.10130587072762567,-0.061064917002141963,-0.10681846533029124,-0.04189225555299425,-0.008669811271260777,-0.021266431447458285,-0.027300036940130744
2022-06-17,-0.0040129501461385695,-0.0036054015298758466,-0.022970884146958897,-0.0038100887116805354,0.03646198203338853,0.006613415430281834,0.013267871448294341,0.03548214038593609,0.002732871883782614,-0.0039956164130248014,-0.021031707468773458,-0.0016624435371648321
2022-06-18,,,,,-0.04251541303837564,-0.070256373404811,0.017520138991895435,-0.04316527030004157,,,,
2022-06-19,,,,,0.07927452664115972,0.08631321467802495,0.009388895965015794,0.07874509052518572,,,,
2022-06-20,,,,,0.0015757411640274664,0.0016682041526320723,-0.00557766747329291,0.0007907288697112615,,,,
2022-06-21,0.021283145794544635,0.022559662989729515,0.03675077823824612,0.02162106094773391,0.005971368768382867,0.006024610657553057,0.0604068809922897,0.0068166586213225955,0.018731182956851004,0.022431013103889653,0.036140497236683326,0.020922796376500602
2022-06-22,-0.003436148511325536,0.004051006500035912,-0.0062457672754522115,-0.00011970432729968756,-0.03599036081922781,-0.03907680080092898,-0.02653983468457401,-0.035992316559699394,-0.008861850562642581,0.0033408616744244318,-0.0045222765237300415,-0.001995259303532692
2022-06-23,0.0025338360448495245,0.013980676752083808,0.0006520729892741092,0.006333661887145413,0.047340504070337984,0.0582442209456301,0.009853533091909015,0.04754273437180955,0.0100016140490976,0.013711302695295448,0.002311393400336046,0.008977929423071424
2022-06-24,0.028722864719396547,0.013706753957226194,0.01834306891257523,0.02443104259577118,0.03819140914105866,0.017398226967960742,0.03378970820168068,0.037622829216551704,0.030300955456340234,0.013787139327468632,0.018256911195029066,0.024626785771874958
2022-06-25,,,,,0.007753439427377806,0.011965270749720036,-0.01497691033277023,0.007732765481684992,,,,
2022-06-26,,,,,-0.021408985862141752,-0.02324149007375004,0.0007701480956911719,-0.021745607391316098,,,,
2022-06-27,-0.0030991162767539794,-0.0015700214807021148,0.012898476995164507,-0.0023852380633092706,-0.006753675892738909,-0.01110471016106708,0.032448746003128595,-0.00666152296586059,-0.0037082095460848007,-0.0026198635695234753,0.012357505556562605,-0.0025292690658138633
2022-06-28,-0.009510549810128442,-0.007638133097281139,0.00369243615998255,-0.009457671493989562,-0.043163800565628886,-0.024517919989654666,-0.015416255334360328,-0.042329314194720594,-0.015119424936045182,-0.008391756052858534,0.002228392130516288,-0.011217470166829778
2022-06-29,-0.005108620032928052,0.001184680670886003,-0.006897342845280501,-0.0026103921591075427,-0.014634249838758707,-0.01355285093935797,-0.018292497182254775,-0.014800355106016322,-0.006696225000566496,0.0006733362272560838,-0.006337806967844827,-0.0031499192611673006
2022-06-30,-0.00757003786096443,-0.006061979950585055,-0.006808832437498224,-0.006162926437280577,-0.00736490300233722,-0.017284411078268978,-0.0011568339800731727,-0.007661397173150511,-0.007535848717859896,-0.007000241714815505,-0.006581414516541257,-0.00616254909497914
2022-07-01,0.010735052336339567,0.014383119923041657,0.012677312009836194,0.012993346527655216,-0.022743101604300778,-0.023820914520662123,0.0029186762025199477,-0.022549423887263203,0.005155360012899511,0.014509484293655504,0.012775850945046817,0.01105630598532267
2022-07-02,,,,,0.010206534368909838,-0.0010027502705937457,-0.002740850942955508,0.009718951440846203,,,,
2022-07-03,,,,,0.006203747849250052,0.0037933196294527537,0.022851584856107054,0.006296838016708979,,,,
2022-07-04,,,,,0.03434928007958627,0.048399790646615315,0.014974489922158447,0.034783004659374304,,,,
2022-07-05,-0.006293927342713394,-0.006188490989688503,-0.013184438473299427,-0.0072458328751472826,-0.019035901264224744,-0.0029099264426901226,0.014218133416779908,-0.0180549742923802,-0.008417589662965286,-0.004539410646050358,-0.013064483133513764,-0.008060599541187312
2022-07-06,-0.00013597333307193254,0.002239952347674585,-0.003834263891418726,0.0005038250662911716,0.01714929107079264,0.018762274818581337,-0.008915808026445092,0.01731745591097765,0.0027449040675721625,0.0017481190890760228,-0.00362069114446419,0.001531585228705233
2022-07-07,0.014110195282665636,0.0013678745979333056,0.004046428116118724,0.00962286694738447,0.03818408898870451,0.05080281815674537,0.015654201151573684,0.03858685808401712,0.018122510900338784,0.0019973378066098354,0.004027465683266916,0.011045850047808533
2022-07-08,-0.003327694098526209,-0.0020483153177294515,0.0004174960070525353,-0.0029913918118394047,-0.009716256354324614,0.002980767724041282,0.0055066392481604165,-0.008958962218416798,-0.004392454474492609,-0.0025364513340214077,0.0003879509400874941,-0.0033219931463507814
2022-07-09,,,,,0.014113331687002918,-0.005617149529790614,0.011749922495481346,0.012915521985337838,,,,
2022-07-10,,,,,-0.039914641433941585,-0.03452315048621701,-0.031303255677289206,-0.03983969851180845,,,,
2022-07-11,-0.007581620815643344,0.0005690814566924263,-3.6451387433236576e-05,-0.004593751210386771,-0.055941769132582544,-0.0442506135992001,-0.043298327086059525,-0.05531114694269254,-0.015641645535133208,0.00017061425816110805,0.00013030429484586314,-0.007396002045003188
2022-07-12,-0.0038619318641055773,-0.005220724296993249,-0.008322214136796057,-0.0043642987834546735,-0.023506154582261487,-0.03237764609158817,-0.001143409342271423,-0.0234793251556036,-0.007135968983798228,-0.005444520550359572,-0.008274027843680122,-0.005642327197463234
2022-07-13,-0.0037269688378600173,-0.002444482185749191,-0.0032909008218145737,-0.0038262064628480836,0.04427791375235155,0.04720436952270261,0.02473545679409051,0.04449062692947288,0.004273844927175245,-0.0017725617026140036,-0.0031921745491736405,-0.0008833731277281707
2022-07-14,-0.0041632110087867465,-0.003355247356301632,-0.002550050544958787,-0.004189773908951865,0.023188826061356818,0.02110538520746377,0.009646287784761844,0.023376101488210777,0.00039546183623718,-0.004284235465945271,-0.0023446092101667326,-0.002633987626405776
2022-07-15,0.018608815343360566,0.010694604664508068,0.01608361216570775,0.01635441397015018,0.013295712298953433,0.014008582003013997,0.002825855682735858,0.013415684713560187,0.017723298169292707,0.010445726988499712,0.01618189253725189,0.015905058832087926
2022-07-16,,,,,0.05154078995565464,0.023045177716002705,0.027224929424934267,0.049617428139387985,,,,
2022-07-17,,,,,-0.0009481346380628363,-0.0189653566217585,-0.02133619055889247,-0.0028275942635476925,,,,
2022-07-18,-0.0032098002043968576,-0.012742711158052982,-0.011343538994451782,-0.006326287325092545,0.10792768941483928,0.08697425045550396,0.024485687630326117,0.1048979728628455,0.015313114732142499,-0.012239204880087333,-0.011565792632683217,0.0002197369566809783
2022-07-19,0.027385120685752967,0.013082130568274446,0.011241058950412863,0.02247680250956727,0.018286943077011588,0.034335518911337924,0.0009264959728163616,0.018807331293990204,0.025868757750962736,0.01354244572390114,0.010937864371180448,0.02171745922586246
2022-07-20,0.002652137007976471,-0.007024897961242199,-0.007471827219140595,-0.0015060131798321763,-0.03622962949559685,-0.008858750576147477,-0.022229544954451955,-0.03471362156386024,-0.0038281574092857485,-0.006856859032483614,-0.007709244956622703,-0.003974462594006399
2022-07-21,0.005351057035176227,0.0029896668162869592,-0.0035856003968034655,0.003986406477919734,0.024561258029602205,0.0006273082147827063,0.0063159936476377965,0.0226985759638059,0.00855275720091389,0.0035558246121020196,-0.0035864591362640445,0.004947060726924415
2022-07-22,-0.004943947923047727,0.0014046750738211707,0.0030440095687785697,-0.0022650732574416256,-0.007789360004250422,-0.019527176562728996,-0.014375485976497852,-0.00784949576945909,-0.005418183269914843,0.000396349524598113,0.003168684788436953,-0.0024515941587875275
2022-07-23,,,,,0.007536720936223896,-0.009167855021177448,-0.0014168035950877782,0.005828222037533465,,,,
2022-07-24,,,,,0.01969238716296306,0.00823295713592504,-0.00022398808957524354,0.01987273954647335,,,,
2022-07-25,0.0035859017301082836,-0.0003073360258633724,0.017999750310787647,0.002232025357944335,-0.07276478282443084,-0.057985811644460865,-0.04614309156342878,-0.0721108426186401,-0.009139212362314904,-0.002186073413339197,0.01797203905261174,-0.0025369994289832516
2022-07-26,-0.004859655657097753,-0.0010200652858662956,0.0008992893857927458,-0.0027647297864191026,0.004279722862660339,-0.004540889481068146,0.02324014088837334,0.003594175215614296,-0.0033364259038047373,-0.0030709464126543505,0.0008253144494855501,-0.0023686816668800487
2022-07-27,0.011691570468449708,0.0044538685323532255,0.002906095466919296,0.008315914077163599,0.10911298957386757,0.08231256320807236,0.05090373027344765,0.10559581641995383,0.027928473652686022,0.004644282653602448,0.0027983583031461535,0.013903636410200678
2022-07-28,0.010345161395059147,0.00866333741864858,0.00467886984183626,0.010612806931079332,0.07791692582964407,0.040031663431730265,0.01588878544627526,0.07573034384041943,0.021607122134156633,0.008299241103587924,0.004624675786689968,0.014600515333033219
2022-07-29,0.009706179215131488,0.0029780512685948102,0.0010521391861701259,0.007180623347694179,-0.005829183344439626,-0.0013834145976429027,-0.006680486349147197,-0.005842349368727698,0.007116952121869635,0.002901275085884447,0.00011249013952706212,0.00627134977201761
2022-07-30,,,,,-0.004675670221653649,-0.006542457705714508,-0.00212151769483393,-0.004478031350763453,,,,
2022-07-31,,,,,-0.016465189612308164,-0.012785248781736137,-0.00289249732980357,-0.01588346547365767,,,,
2022-08-01,-0.0016167632894356567,-0.0040679778827673405,-0.014152247174669572,-0.002512193254937377,-0.012699082640371008,0.002011690906817604,-0.039713626748164366,-0.011188073409164475,-0.003463816514591548,-0.0045723126119044995,-0.013511675486475578,-0.003206806136425159
2022-08-02,-0.009763777204931854,-0.005985433196270346,-0.005644449045476368,-0.00917317178915597,-0.018731547141342078,-0.017015769970511064,0.042318148699935776,-0.019961823776352396,-0.01125840552766689,-0.005538244562085806,-0.005832319627644824,-0.009621953359123131
2022-08-03,0.0063489694907891345,0.014177831070394246,-0.010556428539204637,0.0071455622098102085,-0.005898263614123967,-0.006371552588055902,-0.015241665358177392,-0.00588921706182827,0.004307763973303616,0.014039185058132831,-0.009544553269658916,0.006208624135542033
2022-08-04,-0.001620504861874982,-0.0062096880435176735,-0.01871704105500502,-0.0021493013326421098,0.0014520885855312197,-0.004192211698994839,-0.03335217056145956,0.0022024275027183867,-0.0011084059539739491,-0.007116292873225329,-0.017387407082351963,-0.002117394349072523
2022-08-05,0.001588598643800305,-0.004271899792019597,0.005063904535436585,0.00036402577450161,0.04574473649123466,0.026914834081090397,0.09922749492462324,0.04339820064649298,0.008947954951706028,-0.004398764638155482,0.004759335435622747,0.0029275428601604364
2022-08-06,,,,,-0.009351144158146453,-0.008933459833852119,-0.010855094572901349,-0.00902847007117676,,,,
2022-08-07,,,,,0.006392427307688353,0.008635604476027093,-0.0032315128243923796,0.006409363410748416,,,,
2022-08-08,-0.00012185518376140356,0.0038316198701707793,0.0069118072198723485,0.001058975026161355,0.022944762116980797,0.025659993101456963,0.007481817281771222,0.0236092963555821,0.003722581033028963,0.003979672460434328,0.006940708822503806,0.002483640453996515
2022-08-09,-0.0008059676403024054,0.0032337266905750196,0.014529493192316483,0.0011681910634044408,-0.04364255068394754,-0.029144372558964758,-0.04165058947903488,-0.0429970352376512,-0.007945398147576594,0.0025748791553957704,0.01439839402002518,-0.001242147141273001
2022-08-10,0.01673915248481959,0.010410697902582514,0.003636561032677509,0.014141893833726693,0.050017755892849645,0.032153336211544155,0.06331010122317893,0.04865960537165995,0.022285586386157935,0.011002335332035788,0.0034469087095668695,0.015937974555112287
2022-08-11,0.005926270642628072,-0.0019587264312598955,0.014317631268126416,0.003725968549534592,0.013045285139439911,8.864041015827127e-05,0.09112905942611937,0.01061033141127936,0.00711277305876338,-0.001631554720024977,0.013518437052593682,0.004046323430893983
2022-08-12,0.014869254887947707,0.013544165977028625,0.006275833216823362,0.014517188570391802,0.014118240519318504,0.014654590722939138,0.02810762051372051,0.01360035852757416,0.014744085826509507,0.014016840295600764,0.00628206195350174,0.014461925960172792
2022-08-13,,,,,0.007878268833164915,-0.0005229388001725,0.001904227691049699,0.007127155592853018,,,,
2022-08-14,,,,,-0.012942023802462376,-0.002581697910057112,-0.044592959001860666,-0.011935380413381642,,,,
2022-08-15,0.004334572828434533,0.011497463850468488,-0.008277728510366986,0.0053602027421594325,-0.016734843725832,-0.0106434372832542,0.009580759883547117,-0.01685555906964778,0.0008230034027234433,0.01177046660998461,-0.007830419470957563,0.0040668385445200815
2022-08-16,0.002959074994956916,0.011117638779481617,-0.0001413192242070037,0.00425448503143258,0.002091266162104811,-0.0067525758262383506,-0.04869819315779644,0.002630998296029923,0.002814440189481565,0.012229621569026537,0.0002926371779588895,0.0043149588039519855
2022-08-17,-0.008142599544448665,-0.005349404747213333,-0.0001943901363149268,-0.007078475330602528,-0.006078541612463405,-0.021357929968222625,0.00642548899878692,-0.006858997533480799,-0.007798589889117788,-0.005863691405027666,-0.0006227205164113795,-0.006963643308890318
2022-08-18,0.00399189397737818,-0.002058685906580547,0.011693703966951111,0.002102051457278514,-0.017337879464370286,-0.009397632502051455,-0.015422537496979638,-0.016835581562590178,0.00043693173708676873,-0.0022731930499012227,0.011176287002912953,0.000871571963561418
2022-08-19,-0.008808503379776999,-0.0029523425362210517,0.016044683928914262,-0.00683460977461023,-0.10808945972908332,-0.08876466819775435,-0.16770785991580295,-0.10499754299959997,-0.02535532943799472,-0.0038542923063509668,0.016657219136603157,-0.012571080450307724
2022-08-20,,,,,0.01436897110145091,0.015830432082058477,-0.002610777067225123,0.014741579905582025,,,,
2022-08-21,,,,,0.031694698941254096,0.014754454107924446,0.024841004773427322,0.03073832219971471,,,,
2022-08-22,-0.019339684380979445,-0.01446428324180248,-0.012903788496602241,-0.017421566434349816,0.021473569506181945,-0.00691137086264396,0.01015252352060947,0.02006821996739579,-0.012537475399785883,-0.014226325743704424,-0.013495006014716157,-0.014892595648344227
2022-08-23,0.0019793433425868744,-0.005230480719161429,0.016621751008432974,-0.0004179094785470126,0.014107231905767193,0.007293503197739832,0.008457545541859401,0.014075532307998637,0.004000658103116927,-0.00502238653278786,0.01539029313621386,0.00040196090555601096
2022-08-24,0.0023558955475155583,-5.3399702985205293e-05,0.002690681550037069,0.0015740997735995568,-0.007648736420349412,-0.00938829482895716,0.029484841107094706,-0.008592858328429796,0.0006884568862047298,0.0001139114657318917,0.0025620510283598267,0.0009464458091475652
2022-08-25,0.01385520701878383,0.005536393180014892,0.0051313533690553114,0.011541055304458467,0.01094257699168686,0.009589039361903647,0.051649881143130516,0.009881101181875941,0.013369768680934336,0.005698458858264622,0.005337105144899346,0.011235238984050105
2022-08-26,-0.02769034731246524,-0.018755115970551812,-0.013314959667933002,-0.025182364847080335,-0.07803359417007812,-0.06127329947218607,-0.08741025297798977,-0.07668029842291955,-0.036080888455400716,-0.018402787743458868,-0.013412900673835826,-0.027995490392466727
2022-08-27,,,,,0.00217928456937987,-0.0029228095796386055,-0.026516156550363434,0.00224706830866644,,,,
2022-08-28,,,,,-0.033573061151733086,-0.02182890193671109,-0.06419132144199358,-0.03198131200089241,,,,
2022-08-29,-0.0038147275975503716,-0.0034701719106462426,0.006421296346167734,-0.0035010499964387015,0.04925487420357118,0.033564507861492676,0.08779453230308842,0.04742006409050316,0.005030206035969885,-0.003849637558160094,0.00550677288210847,-0.00029878788720114817
2022-08-30,-0.013364542345735518,-0.008858391855653834,-0.01923410766241174,-0.012191828052126064,-0.0268941958202499,-0.01709577766598541,-0.037934466256259514,-0.026262395785424417,-0.015619484591487917,-0.008563105039660802,-0.018470199133396425,-0.01296627642201394
2022-08-31,-0.007346647125874835,-0.0020835314785187338,-0.010674018621646537,-0.006397307680894127,0.0032082975179153817,0.007326862562803342,0.003377537891181338,0.0036109743626691468,-0.0055874896852431315,-0.0021144186497761546,-0.010889260401608248,-0.005759350377647002
2022-09-01,-0.0006877551969647988,0.012492497791184462,-0.004019763856509504,0.003781068665310583,0.02437063798841811,0.003246902030328509,0.015365403154137036,0.02314191181484752,0.003488643667265686,0.0119264100099919,-0.0027091916649475975,0.005296701250561579
2022-09-02,-0.009523452905370693,-0.010529278008432511,0.0024373969223908244,-0.009895042116597943,0.004941360554689911,-0.007948058138034276,-0.01356340553087465,0.004701442148050395,-0.007112650662027261,-0.009979311363674736,0.0011516466443662117,-0.008935383282224036
2022-09-03,,,,,0.002144406622791495,-0.0025797904305907165,-0.006652541188020609,0.0016458865936169011,,,,
2022-09-04,,,,,0.00946666488626442,0.007837622691648904,0.0062257590796706026,0.009171415643593426,,,,
2022-09-05,,,,,0.031521784509391984,-0.008995561386864977,0.21734620267723814,0.024122468731943056,,,,
2022-09-06,-0.003960837321840623,-0.0022203875350994607,-0.0083341532204442,-0.003281715994747918,-0.0711698190596358,-0.04635939478054554,-0.12378078884445143,-0.06783519735416851,-0.01516233427813982,-0.002344341810666584,-0.008055717454205105,-0.007356364298375134
2022-09-07,0.015912572907354684,0.01657682202558562,-3.976806806614444e-05,0.01660566871615156,0.05776727663863668,0.023980242406495496,0.07636679928418943,0.05474639205653378,0.02288835686256835,0.016530168576443603,0.0008450387277848983,0.019044115393578902
2022-09-08,0.006066542642071269,0.0013160409901965034,0.0003204588825167353,0.004150028346498338,0.005849298003899806,0.0014483838412590524,-0.004032575527606717,0.006184499063962214,0.006030335202376025,0.0019458908097013245,-8.665856764694427e-05,0.00411877595229751
2022-09-09,0.01464305635253413,0.008384441552432597,0.013767665807160582,0.012738983262428975,0.058616277059268106,0.09206670466038688,0.05731056334213158,0.060419515354467004,0.021971926470323127,0.008728040685877783,0.012973593424302349,0.01553680607895048
2022-09-10,,,,,0.01834220726446272,0.013723801638904168,0.0029540362690008166,0.01818332461247831,,,,
2022-09-11,,,,,-0.011384277713285618,0.000661736191282169,-0.02183662382953344,-0.010496268273998634,,,,
2022-09-12,0.008484821861791864,0.007482826140803506,0.010930815591192996,0.00857209490412776,-0.007453641423881051,0.018343789137747257,-0.003079269180967126,-0.005982254513690091,0.0058284113141797095,0.00794233219606083,0.0100576130956889,0.007762532036227446
2022-09-13,-0.040049309985713,-0.030156785603733728,-0.02310521615706744,-0.03663084935427528,-0.07111080127953137,-0.0822355700180846,-0.059186149317162054,-0.07153416373641912,-0.0452262252013494,-0.030123453619623076,-0.023481054309822336,-0.03843498488110575
2022-09-14,0.0031318623014507806,0.006441377035455394,0.022722443697985418,0.0035907754302392752,0.02134357991808681,0.00016264610534171415,0.08926133870400421,0.018392424933295303,0.006167148570890119,0.006371172491328261,0.02188133428569238,0.0046247894996342825
2022-09-15,-0.016171537094844503,-0.01146650343841628,-0.02091333535125792,-0.015076296371700125,-0.04826521767813677,-0.023716688494594115,-0.09488338092589466,-0.04557899339693365,-0.021520483858726545,-0.010995961884157449,-0.020360596130823548,-0.01688247224837977
2022-09-16,-0.007247144972022488,0.0015560925348568485,-0.008405368991350833,-0.004774245475091574,0.0130507130129396,0.00977215653029901,-0.04335069004224468,0.015002073198942369,-0.003864168641195474,0.0011360672118560305,-0.0072850802864853625,-0.0033267365066023125
2022-09-17,,,,,0.031041752444428396,0.022986860703671712,0.011277586497009167,0.03153414243803305,,,,
2022-09-18,,,,,-0.07844006705083154,-0.035527650067226156,-0.1421599601907424,-0.07370926873486569,,,,
2022-09-19,0.006236594572679689,0.0034886546941582924,0.004190707667627305,0.00548136569650981,0.022050621841714125,0.009127896023846352,0.029809156699880383,0.021662471874214467,0.008872265784185427,0.0035915064773394227,0.004202540517740522,0.006447634718969281
2022-09-20,-0.015572445225681552,-0.012570928973525427,-0.008742060239017196,-0.015051927541229661,0.00012092982397091719,-0.018246736462837414,-0.04128723001847179,0.0013557608930028376,-0.012956882717406143,-0.012965566980686965,-0.00887766139796331,-0.014028714930503361
2022-09-21,-0.01695516019963178,-0.01263524766363493,-0.015013557807928127,-0.016259687152216297,-0.039127276267486556,-0.021207195836406824,-0.04294938850065355,-0.038120821189624794,-0.02065051287760758,-0.012808374599312512,-0.015178391633231219,-0.017530294499430592
2022-09-22,-0.009265739650809665,0.0039398452034797365,-0.002469796503165554,-0.005720158707083617,0.06731721632356923,0.05165247328688587,0.025887440379298368,0.06922026936225392,0.00349808634492015,0.0036234903122430964,-0.0017545846627107097,-0.0007859376431053815
2022-09-23,-0.022218416288988612,-0.015539351754467655,-0.038522232033585485,-0.019983880921723065,0.011085161822327872,-0.0028334349667482788,0.009999796840097556,0.010843567976411353,-0.016667819937102535,-0.016066060276656503,-0.036198533914589354,-0.017945798549883287
2022-09-24,,,,,-0.021096523709983692,-0.01979004674713238,-0.006731812387183791,-0.021602461993422698,,,,
2022-09-25,,,,,-0.013323073667573293,-0.006033552944085137,-0.013922913810476613,-0.01264317226319235,,,,
2022-09-26,-0.016062688619373502,-0.011006061765534866,-0.019075842950749013,-0.015274132922333077,0.002677652663144337,0.010706217363531391,0.004158259638217031,0.0022858089541843577,-0.01293929840562053,-0.010806362172875564,-0.018746947801221474,-0.01413637291826895
2022-09-27,-0.003665789050752121,-0.007567333905288526,-0.0017626510677753024,-0.005434181260109614,-0.01530393045398919,-0.008418192379774755,-0.010526778122594395,-0.015337837407470686,-0.005605479284624965,-0.006709962745550276,-0.0023115369091910106,-0.006150311303966763
2022-09-28,0.021300718433708198,0.020533949715210623,0.030939402350993028,0.020470208293739686,-0.0012962799289126913,0.01016866531216958,-0.01684129131769696,-0.00024190351146313445,0.01753455203993805,0.021342190347050226,0.029940643921528773,0.019125226058449636
2022-09-29,-0.019865724827656667,-0.017406349797463205,-0.013029417428244034,-0.019835912981598924,0.026085138651090946,0.017919561314749467,0.004981862392405173,0.027048027188514515,-0.012207247581198727,-0.016785692201124892,-0.01365097824806732,-0.016911109855568148
2022-09-30,-0.014866290633047613,-0.016990064735507647,-0.01743223285810124,-0.01533034279347426,-0.004491731472247418,-0.006174332479,-0.002951363882658819,-0.004555085427184026,-0.013137197439580913,-0.016829601896071487,-0.017644877180987523,-0.014663640009171131
2022-10-01,,,,,0.0008534505682332936,0.000767558928470686,-0.006454573158777069,0.0010486962585818972,,,,
2022-10-02,,,,,-0.025340823712240203,-0.009560973000725963,-0.022395315271052662,-0.024207330942616095,,,,
2022-10-03,0.0321847780436476,0.02393850998310656,0.03728219483741871,0.030303357617419126,0.02177381961999727,0.019505655553441,0.019875575361258512,0.021510669429725352,0.030449618306372543,0.024453469681977924,0.036797307555169495,0.029587071046036743
2022-10-04,0.02965210942898404,0.020317729023325758,0.02984780881571113,0.02683367788156549,0.024596952998144017,0.02872366686729004,0.017330183060149783,0.02510338477274589,0.028809583357177367,0.020642128860015402,0.02956097449706712,0.026397402369441766
2022-10-05,-0.0032365855896064836,-0.005052898438971222,0.014468133352597012,-0.0051854689533115065,-0.004256612742547319,-0.005128576534603624,-0.011163940853987862,-0.0038456344277282483,-0.0034065901150966225,-0.004517696257177004,0.013781044388757413,-0.005277937001107938
2022-10-06,-0.011450484466690943,-0.010993210929210826,0.002263378933632537,-0.013254710459362532,-0.006072386991168044,-0.004343234343758964,0.006745464888963105,-0.006109090117046157,-0.010554134887437125,-0.009535540062776106,0.001526708083817508,-0.012783453063436954
2022-10-07,-0.023496317394339133,-0.013146174641827064,-0.009775152712310865,-0.02105194269953009,-0.004199723701290223,-0.011067364224329438,-0.011925881310039457,-0.0037220329371311367,-0.020280218445497645,-0.013348169870005543,-0.009753643450662264,-0.01967569889415704
2022-10-08,,,,,-0.0031627007461755177,-0.002156450297673054,-0.019067830132506902,-0.0023407969303454036,,,,
2022-10-09,,,,,0.010305532644744566,0.004854911761020866,0.0005099378453117331,0.010502149461666088,,,,
2022-10-10,-0.0056979257390414656,0.0013970621481824903,-0.01695883117433961,-0.00342405054863284,-0.04378364997925048,-0.012621175741805896,-0.10205848229109572,-0.039809432597521,-0.012045546445742966,0.001379207002120554,-0.016649378996207987,-0.0059246575195605
2022-10-11,-0.0033305028978534044,0.015689319597597173,0.0065397056390779015,-0.000534062630815863,-0.018113253905372405,-0.015349395045241257,-0.020476771027723165,-0.018435024042437857,-0.005794294732439904,0.015788989078417123,0.006803204995936126,-0.0015917071868753582
2022-10-12,-0.005622661763774912,-0.005383829548978057,-0.0016511068437095279,-0.007395302426993856,0.0017588610791762663,0.004491763497643062,0.003744143470001627,0.002055796931615835,-0.0043924079566163825,-0.004867697323490495,-0.0018661477131190212,-0.0069568345698352825
2022-10-13,0.02967841986663329,0.019644075323421193,0.03640538552396964,0.028096981223384346,-0.016872170705753243,-0.00024629993007484717,-0.03423044041768242,-0.015624185573222746,0.021919988104568862,0.019283942131665486,0.036370811074729455,0.024820864734428703
2022-10-14,-0.01841214369489535,-0.011507694915252146,-0.010977036088665418,-0.016188514599943544,0.002402632020752704,0.006599409905027806,0.006974740512235568,0.003053773082555492,-0.014943014408954004,-0.011585417736050424,-0.010576946499940443,-0.01467086140588386
2022-10-15,,,,,-0.007131151020167647,-0.01307042069772531,-0.016660345728548912,-0.007884422186199768,,,,
2022-10-16,,,,,0.011621146466186614,0.00819727752482793,0.015459436316509478,0.011349364098210156,,,,
2022-10-17,0.0200606025838804,0.012302848680080804,0.010705980556424605,0.01862439448376161,0.011846976355508422,0.013489125582466763,0.03128580567110695,0.011362958019972799,0.018691664879151734,0.012133467491149163,0.01068437049463125,0.01799601550882263
2022-10-18,0.011945856181977303,0.010740251774265597,0.003557975724557455,0.012277155206397638,-0.015818455509828577,-0.01082128101385226,-0.018451990594859143,-0.01534558448847382,0.007318470900009658,0.010690834881319243,0.0036280051338710385,0.01037843089632786
2022-10-19,-0.00776157460082436,-0.008106045989644477,0.003714321473410951,-0.00920604469483909,-0.02432465924149701,-0.00964708408596902,-0.04522768530800748,-0.02256638927014367,-0.010522088707603135,-0.007903100765004669,0.0029911769673196093,-0.010227883038876916
2022-10-20,-0.004160841489002482,-0.00415484133013872,0.0012156492145649711,-0.004818776017859574,-0.002619610516268811,-0.0016675416106118534,-0.0301310027643803,-0.002043306123956121,-0.003903969660213537,-0.003403827117270844,0.0011406090841100639,-0.004577690378287047
2022-10-21,0.02375712927962149,0.01940899033388035,0.02855455953017122,0.022337126742864415,0.013255302797449077,0.002449429453858073,0.01698762208838734,0.012240782129839305,0.022006824865926082,0.01968780743637932,0.028756042251353083,0.021579074660390322
2022-10-22,,,,,0.010854355840459342,0.001411949335497121,0.05401079859508373,0.009197451394793582,,,,
2022-10-23,,,,,0.019051152137463643,0.013359772495382692,0.007369990463987679,0.01885327160899516,,,,
2022-10-24,0.008125459137320445,0.01834695519970507,0.013654623106209567,0.009719023137681691,-0.0200393127323265,-0.01091938476246608,-0.03186247028200074,-0.019182548006995842,0.003431330492379288,0.01806299396506911,0.0137908344718166,0.007765164268120933
2022-10-25,0.016802467883056647,0.009131819059111089,-0.0019932585064511366,0.015101025154980775,0.0531888443019373,0.03035489085525486,0.0917860750355588,0.0503393293654401,0.02286686395287009,0.008834683353188148,-0.0018403173309975646,0.017434759140578737
2022-10-26,0.004962875049564562,0.01207997976028037,0.016537541193280027,0.007000496426298332,0.023395554187381106,0.02678198694352515,0.030491111371853348,0.02328298004419805,0.008034988239200652,0.01227650171446901,0.01656484393781812,0.008252443308315916
2022-10-27,-0.0001484410730095842,0.0017189154708077484,0.0031611280552975587,4.372306355326568e-05,-0.021055507328959756,-0.018787094584510666,-0.027118506618596168,-0.0208402886717688,-0.003632952115667946,0.0016608060323432235,0.003150423798364487,-0.0014375899698970977
2022-10-28,0.02428404944569426,0.02408509511044174,-0.014913334546510941,0.023664315904736347,0.020022714690651536,0.013375808378842925,0.02831226633160423,0.01925527514361681,0.023573826986520476,0.023606640459068347,-0.015699207744467376,0.02324595550925729
2022-10-29,,,,,0.016452207047095668,0.010163705253837217,0.014211386038809781,0.016172104579855705,,,,
2022-10-30,,,,,-0.023401822179841575,-0.012071412922785798,-0.051687954963192236,-0.021903842191307504,,,,
2022-10-31,-0.007574400264519284,-0.007569119201854695,-0.001127920368224854,-0.007126651366375533,0.001297689207573361,-0.003288662524418523,-0.010367958739022961,0.001060038824871365,-0.006095718685837177,-0.007527733108099633,-0.0011753128403654192,-0.006481627043830148
2022-11-01,0.0023824155053552665,-0.0009729502384682059,0.006810113534772656,0.0016332309032370841,-0.004912792959008127,-0.003968559664689817,-0.009552810363752169,-0.004698227313144871,0.0011665474279613677,-0.001180263771964464,0.006765529220227852,0.001023855280196917
2022-11-02,-0.017184054928434216,-0.010436722461748265,-0.01774915982970662,-0.01649594874041413,-0.014486227815160457,-0.01771736613271983,-0.036136319007128735,-0.012989450191391505,-0.016734417076221923,-0.010773937410698027,-0.017712462288656333,-0.016228411575568664
2022-11-03,-0.0024372190071154628,-0.003831389875943282,0.002046367682274189,-0.003120154354039849,0.015883857574179074,0.003832367952906665,0.029793112253826567,0.014108763377699115,0.0006162937564336262,-0.004244192377777084,0.0019015009047132375,-0.0017025558249127515
2022-11-04,0.01858260290394176,0.01341644575216782,0.010969998812621024,0.016457255453254882,0.0685059505372958,0.04577311995233921,0.05783088597602464,0.06754771185318947,0.0269031608428341,0.013777108517238639,0.01094510124562802,0.020117883357881026
2022-11-05,,,,,-0.00020999726714571263,0.0008192331673492205,0.015393044499100651,-0.0008647568926975263,,,,
2022-11-06,,,,,-0.03910438366190772,-0.01901288862141297,-0.042566008649006344,-0.03697899169531057,,,,
2022-11-07,0.007644605369874352,0.01240171660825707,0.02240690404408185,0.006332631079680294,0.00012663336940262884,-0.010821977856869667,0.001980658620726196,-0.0010589387145264687,0.006391610036462398,0.012912893174403568,0.022486639788105278,0.005599268520053394
2022-11-08,0.0069143443870953196,0.011766169863792211,0.020642397515236863,0.007664933783508477,-0.11677966879638127,-0.08942914149617774,-0.0999548447029818,-0.1146257804882317,-0.01370132447681745,0.011355487611318231,0.02087796469245614,-0.0019060174284031971
2022-11-09,-0.02140736571925811,-0.01128846104164468,-0.026563999599307653,-0.01863369172034743,-0.14533737478270545,-0.13284931226931596,-0.1326617219833289,-0.1441298943086276,-0.042062367229832656,-0.011501440458562783,-0.026294756026578808,-0.028263257614835852
2022-11-10,0.049564450163136105,0.021946051457244698,0.013036016461513797,0.0438365888060281,0.15718182435819014,0.10945652704454324,0.15078264907329628,0.15370789189729278,0.0675006791956451,0.021990512022783928,0.012933627934586857,0.051904645835833804
2022-11-11,0.011668351522039636,-0.005866154531627309,0.006717827171240253,0.007485577232623775,-0.017450224027057114,-0.030206287578452173,-0.026159640945886093,-0.018030229670660154,0.006815255597190178,-0.005380754364114817,0.006290551666825899,0.005052528333704916
2022-11-12,,,,,-0.031724200843263994,-0.018979247460325196,-0.03476180089768601,-0.030524342044152386,,,,
2022-11-13,,,,,-0.03424062873727751,-0.03908880043273464,-0.04409997931567405,-0.0356349293899581,,,,
2022-11-14,-0.00878482610937268,-0.0020940665092004968,0.0020417128921668623,-0.008634452132853063,0.023508344251123928,0.011591339813073278,0.007244821448511839,0.02319479625710284,-0.003402631049289912,-0.0021925838353278816,0.0020499873059065996,-0.006111226340497585
2022-11-15,0.009768660956136384,0.006499687633969061,0.0030707047576341833,0.008879367840390624,0.01477058664012685,0.014838464905785304,0.009292623524525133,0.015168868650707636,0.010602315236801465,0.006623168578546238,0.0029750094797818117,0.009385348417697056
2022-11-16,-0.010351341361087306,-0.0005504068610882586,-0.005714993188967887,-0.007270319782701138,-0.018455154464827008,-0.013925790953932378,-0.0219020290563084,-0.01786944152933284,-0.011701976878377254,-0.0006476937377542042,-0.005556626446659253,-0.00783126883835366
2022-11-17,-0.0023031547499413737,0.004498316049704364,0.005381150111444908,-0.0021436108080707906,0.005198850055400296,0.000836233265292274,-0.009913066531472805,0.006325398716766807,-0.0010528206157177627,0.004492321149692661,0.00547492253037406,-0.001539645426744668
2022-11-18,0.005043184604821626,0.008972259041138748,0.000752484760923133,0.006559967433517294,0.0022627748098978167,0.0020619641454322603,0.0017846654526285429,0.002432511806833677,0.004579782972334325,0.0087712943996132,0.000823231442715748,0.006403981968697602
2022-11-19,,,,,0.007957564572855104,0.009390579847177822,0.010080782074266117,0.008598306502777181,,,,
2022-11-20,,,,,-0.04097185663900473,-0.031651844123987694,-0.05758099456851661,-0.0398268564937075,,,,
2022-11-21,0.0008225379434163571,0.004593106851993378,-0.0011854936645925769,0.002219344720442701,-0.013766519939743083,-0.015229279846553116,0.0055650928663446755,-0.013421237511453554,-0.001608971703776883,0.004298547232017555,-0.0010557383238534996,0.0011283389464550352
2022-11-22,0.014802864627182208,0.00817773387138007,0.014978400320436373,0.013127852581422659,0.03818765204158874,0.016192185956134076,0.007854264451844522,0.0378223659261071,0.01870032919624996,0.00856569721847631,0.01480436575269233,0.014906204487665723
2022-11-23,0.003386155798051085,-0.0011665988885875738,-0.009251335009755111,0.0029792111867848986,0.046008196482222,0.02385609129508538,0.07226187359277284,0.0432341306002772,0.010489829245412906,-0.001135324255677017,-0.009247097703412395,0.0060958265995659415
2022-11-24,,,,,0.01047953732323903,0.008058130621492837,0.004297797812994068,0.011455877900734882,,,,
2022-11-25,0.0007421905149644115,0.0013194829484970494,-0.000971921880495914,0.0015888577268927168,-0.006553732974283943,-0.003416895602771565,-0.0032340391546707144,-0.006868055647966196,-0.0004737967332436473,0.0010993408258168924,-0.0008990756220966096,0.0010274827101470912
2022-11-26,,,,,-0.003913906244352328,-0.004919085940462506,-0.0077427667627188055,-0.003824889529278207,,,,
2022-11-27,,,,,-0.0016151355296764704,0.004126326298087526,0.0017779283564778243,-0.0010849896503324593,,,,
2022-11-28,-0.018420829031751167,-0.009647242292997363,-0.015138140251620061,-0.01675707529669335,-0.017932822384435165,-0.013493851696534038,-0.01670895825223598,-0.01735401218010724,-0.018339494590531833,-0.009763333234818398,-0.014938609277363355,-0.016626398504465806
2022-11-29,0.004199710872548122,0.0020077801178749145,0.0032431617878787805,0.003819777384408295,0.016379010998877484,0.012082144313908314,0.00808797517610384,0.016432547877485177,0.006229594226936349,0.0024259897355787675,0.0030908558968080558,0.004740865350570554
2022-11-30,0.023794226081712402,0.01741646064380935,0.013646481740274965,0.021916822564350062,0.034122282916634196,0.03511438328710752,0.03367550753028983,0.033833080757669165,0.025515568887532696,0.01739264308728657,0.013704830476586917,0.022620732716964565
2022-12-01,-0.0002670937734517388,0.0003032380580521221,-0.0037282587365400693,-8.345529418970254e-05,-0.02010211654273666,-0.011739434176495787,-0.009844719830518368,-0.01951909920467425,-0.0035729309016658915,0.00041307480608208263,-0.0037311238295069816,-0.0015472694829273264
2022-12-02,0.0015015822510261341,0.002653393299945751,-0.0006779678420934142,0.001633329529011952,0.00869650707204106,0.006605789590154485,0.004930365263350556,0.008485381505336863,0.002700736387861955,0.002721939596046889,-0.0007093303897121562,0.002135200547819878
2022-12-03,,,,,-0.019275456071140586,-0.011813882234819433,-0.014387830777725319,-0.018523907395006426,,,,
2022-12-04,,,,,0.011134860482354783,0.00815107173917918,-0.008277689769953356,0.010752146797014561,,,,
2022-12-05,-0.017223212605578294,-0.007644779481090856,-0.0076921076157771455,-0.015647708815748288,-0.0018791591478292907,-0.006492032983700568,0.0020866779521142576,-0.002130300529757245,-0.014665870362620128,-0.007803747948960189,-0.007727155645460547,-0.014426464724137097
2022-12-06,-0.01234790929014816,-0.008547149144821114,-0.013104354693933895,-0.010023726329131797,0.006433327246687715,0.0061220266242155725,0.0066972759430599105,0.0060603450466679455,-0.009217703200675513,-0.009306668645417656,-0.013107287822644038,-0.008545126334630341
2022-12-07,-0.0011825738283450572,0.003287230165222236,0.006575250279252871,-6.0311258161763016e-05,-0.019397341236739144,-0.013491030386170229,-0.010305188214220218,-0.0189533811780421,-0.004218368396410738,0.003212332176260761,0.006509560941769288,-0.001378829018870166
2022-12-08,0.007090693516795498,0.004467327237901967,0.0034675110665916384,0.005919060614492435,0.02164816239338476,0.02332936420242998,0.02604076684764589,0.021850334965852817,0.009516938329560376,0.004440996719177526,0.0032250321285024323,0.007045612132266123
2022-12-09,-0.01023016726281893,-0.01574507444606615,-0.017923549378223658,-0.010380352446690236,-0.005385923408072269,-0.003683992447408287,0.0029545546992206795,-0.005802190415939946,-0.00942279328702782,-0.015959035987672024,-0.017946574537058578,-0.010085812197901415
2022-12-10,,,,,-0.00041431654895387473,0.00044608588615112333,0.0025067475856639376,-0.00038883304058083345,,,,
2022-12-11,,,,,-0.012363960479477366,-0.005306195655222371,-0.015313057301952981,-0.01193349464503049,,,,
2022-12-12,0.01662403157485824,0.006867553498154038,0.006321772854356861,0.01533873465625893,-0.0025423718663757033,0.0025030636147542543,-0.00826674600916244,-0.0015382029343285533,0.013429631001319248,0.006693323605395068,0.006230540978755537,0.013941238558121901
2022-12-13,0.008769632273229215,0.003315692527920456,0.004458036149428973,0.0074098275325930295,0.022912054945997577,0.028104759963410258,0.01734416634714564,0.02252393669767593,0.011126702718690607,0.0034464031479277462,0.004324644374556681,0.008454604168399021
2022-12-14,-0.008793645194072683,0.0002545478097014617,0.0018287950407281086,-0.007138783189108824,-0.010998918446365035,0.006348028559388885,0.02265170619228485,-0.009380657207892523,-0.009161190736121408,0.00022772082662190674,0.0018867657547290333,-0.0071843386292693955
2022-12-15,-0.02158506981452662,-0.014671594131724936,-0.014888871614070537,-0.019592251770666345,-0.0234077154992274,-0.01833839189752916,0.0019401410505497374,-0.02248564224590469,-0.02188884409531008,-0.014963111856105561,-0.014922230032309865,-0.019576336295293408
2022-12-16,-0.009499489174056307,-0.006387539301701587,-0.0034543872852564805,-0.00906676002118258,-0.08042107349128047,-0.04541461975694968,-0.05054322753452689,-0.07706478177668054,-0.021319753226927,-0.006190782587544115,-0.00326650868882343,-0.014244918030162217
2022-12-17,,,,,0.014197022017520213,0.01569654253869805,0.036181639113612274,0.014378551974175003,,,,
2022-12-18,,,,,-0.006549228491721326,-0.0058861144678975874,-0.019737228909789573,-0.006300078001345104,,,,
2022-12-19,-0.006694591923182898,-0.0005694254335209674,0.000282383782003214,-0.005540282613285968,-0.030900155037951897,-0.016053827321675658,-0.002900279985477816,-0.029319169087361895,-0.010728852442311063,-0.0008058049506676202,0.00019202972994081222,-0.007231995316827431
2022-12-20,0.0031792629903663805,5.845823610307668e-05,0.0020002723542316345,0.0026805370752020575,0.03630442386762824,0.02791419618547068,0.025227534308138067,0.03517205893913889,0.008700123136576692,0.0003755598312423823,0.0019254544140588966,0.005161722299253617
2022-12-21,0.017830127277777864,0.012225348917652097,0.011366290854868401,0.01588681197994349,-0.003591498772828527,-0.004859470358216794,-0.002509836771517282,-0.0049096424176594275,0.014259856269343466,0.012018439543661757,0.011349856493411883,0.014172288219264173
2022-12-22,-0.011582264695177421,-0.00458841114895832,-0.006147573550816317,-0.008828896885238788,0.00618316497357957,0.00395727669424458,0.01285393977631677,0.006595514980422758,-0.00862135975038459,-0.00465768657487352,-0.006246738312215869,-0.007436880551457235
2022-12-23,0.007750029854520149,0.004862359099768131,0.008258401109276675,0.007379416087335009,-0.0010842824716702953,-0.00728397809961043,-0.023689512816616465,-0.0014942683386631604,0.0062776444668217425,0.004808881784139352,0.008236108060734632,0.006671079279853339
2022-12-24,,,,,-0.0009345266149806466,0.0038972260738321307,0.009329642111524539,-0.00081652389118701,,,,
2022-12-25,,,,,0.00034347157301206676,-0.00021694761462510525,0.001315236642559503,0.0006274744151592057,,,,
2022-12-26,,,,,0.01605461149027626,0.0029066281909765485,-0.0047797947277633535,0.015715768823849417,,,,
2022-12-27,0.00026554827864285954,0.001348877292267176,0.003349777850386807,0.001707141488619868,-0.011762568229070092,-0.011148366287497453,-0.008175671010812735,-0.011501910633052797,-0.0017391378059759656,0.0013473919603620378,0.003354220225100892,0.000842096670054574
2022-12-28,-0.012808033008290866,-0.009899639757436652,-0.011781789101969229,-0.012230009582232288,-0.027080495320851314,-0.008190639025258486,0.0007208084787291291,-0.02535114657816576,-0.01518677672705094,-0.009959071358076181,-0.01184107705989008,-0.01319123656465901
2022-12-29,0.013599359712046972,0.006493597137848583,0.0026552768410824847,0.011832183929909432,-0.0006051108231715065,0.0034714396191988612,-0.002419426193155827,-0.0015102989278129933,0.011231947956177223,0.006475763060222089,0.0026602458355249156,0.010626521127003234
2022-12-30,-0.0018817762241893554,-0.001002898654628823,0.002205569218748528,-0.002220974449857965,0.00041194725546174206,4.3804731399019545e-05,0.006664885887726957,0.0008281192690644501,-0.0014994889775808394,-0.0006249660175750325,0.0022394924672206958,-0.002020374784329913
2022-12-31,,,,,0.0012423581931927934,-0.0024949266358393896,0.0023172931538555375,0.0005904405899221808,,,,
2023-01-01,,,,,0.007755602914296445,0.005110276092702617,0.005871604483253662,0.007633607711754849,,,,
2023-01-02,,,,,0.01900434961362503,0.004747765309870448,0.006147340460813811,0.01815521505240579,,,,
2023-01-03,0.0022509057491670536,-0.00015749939805208003,-0.011102195530786722,0.003119924845406859,-0.0027050635667062563,-0.0022565528906726105,-0.005874135339137715,-0.00244441084415418,0.001424910863188168,-0.000101813643879748,-0.010984775939617218,0.002666819604466135
2023-01-04,0.018428178719494943,0.0077166491024466075,0.006380464031606333,0.01635584425301615,0.037039870961805214,0.006719147153666145,-0.0018419578179859947,0.030058708514681294,0.021530127426546652,0.007981321962466273,0.006427862473524809,0.017227995254966467
2023-01-05,-0.00679763801193668,0.0007409590300888394,0.01644159931198615,-0.005810284757080909,-0.014915270707060857,-0.007556530468476447,-0.019568052265692214,-0.01367218589040968,-0.008150576794457376,0.0010668338537981727,0.016357355383028446,-0.006414378938222292
2023-01-06,0.023249459158050576,0.01506970498393381,0.012250348508491271,0.021833815879542192,0.02399224989900126,-0.0020902136253834547,-0.021747625657639533,0.019764327651322952,0.023373257614875687,0.015035933197315393,0.012456606622361182,0.021591418898204876
2023-01-07,,,,,-0.0033150493784421474,-0.002691722756099888,-0.009048664309506568,-0.002714285972682079,,,,
2023-01-08,,,,,0.02215294241808401,0.016773036311188556,0.034525840634143164,0.021902129218596248,,,,
2023-01-09,0.00017208903132034817,-0.016523714498747746,-0.029707035850477976,-0.0031186891299088645,0.027339779788495805,0.009383432531128019,0.015070137078777749,0.02691463794067914,0.00470003749084959,-0.01659519572626121,-0.029594269435827273,-0.001068157843952432
2023-01-10,0.007616604974202161,0.0011046883143378899,0.006476950222006043,0.006484228492592864,0.006023627086972294,0.010556045809756763,0.00285578769950343,0.006147718219323414,0.00735110865966385,0.0013976309695198173,0.006541895230543266,0.006350007946025094
2023-01-11,0.00985384963869968,0.0033356982708701312,0.004402509594558678,0.008430248189341885,0.029362723562493698,0.028941880439254417,0.0311051066779336,0.029827017925293443,0.013105328625998683,0.0031818924570714818,0.004305321814142787,0.009983310053759348
2023-01-12,0.007037757028810942,-0.002951323930529292,0.010638664091116103,0.004406559239306119,0.025749110740923696,0.03813077172100626,0.011064678165609168,0.026465048127518768,0.010156315980829734,-0.002858583401855002,0.01044263521591661,0.005863643088139267
2023-01-13,0.003431146425461702,0.0018904632971829527,0.002070341440635441,0.00303302987963992,0.03391595944645198,0.05343988026011649,0.05077832157700825,0.035330092362561266,0.00851194859562675,0.0020408954427538007,0.002081840336851405,0.005482991454847874
2023-01-14,,,,,0.034338832142037486,0.045985177533874204,0.031060991689159108,0.034569727146137,,,,
2023-01-15,,,,,-0.0026764894860901167,-0.0003739050769451552,0.007773709944774623,-0.0025052291470567516,,,,
2023-01-16,,,,,-0.004590647914346924,0.00949700877112544,0.0011867806318571347,-0.0030071704477339974,,,,
2023-01-17,-0.004052224805721268,-0.00598274823029004,-0.011804344636863848,-0.005168037256920447,-0.004905501990651051,-0.004126834493032618,-0.011276655695467397,-0.005074363326318641,-0.004194437669876231,-0.006176844227599799,-0.011783389657664673,-0.005254838958358339
2023-01-18,-0.015965505018307232,-0.017559880293972405,-0.015510217836328954,-0.01691228669792436,-0.042835744481502354,-0.02969718586040507,-0.04411432680885625,-0.041219209282797056,-0.020443878262173084,-0.01750144600067493,-0.015533190589344352,-0.018926348683275567
2023-01-19,-0.007476202030265404,-0.0013652492682914962,0.010021950961592474,-0.0060667213600693595,0.02374091325805703,0.01935720929127277,0.01949054888225807,0.023656292985552087,-0.0022733494822116656,-0.0013963283200895647,0.00982807232107073,-0.0036496354076917432
2023-01-20,0.01531290783669132,0.007501651125900727,0.006582117520514906,0.01295542301761669,0.06451981663484793,0.06508446192880801,0.04451979841951907,0.06355485038564039,0.02351405930305076,0.007842285544712084,0.006546845443283556,0.016666445180954535
2023-01-21,,,,,-0.009632871913905806,-0.002472141370284561,-0.017491332301044632,-0.008397686175758428,,,,
2023-01-22,,,,,0.00994362955139263,-0.0018391231245488491,-0.0008586054070883117,0.008112910964936623,,,,
2023-01-23,0.011435710954858267,0.0015252895865113573,-0.0022497084901927666,0.007991403803344914,0.020945304673450772,0.012776458414932777,0.018547632608415895,0.02133641082417378,0.01302064324129035,0.0018472860427911576,-0.002314226184789886,0.008751676536959413
2023-01-24,-0.0028834216294746054,-0.002453250722413316,-0.008518309695111614,-0.002616275474906087,-0.041702126622754424,-0.022693039301127545,-0.041688527934194156,-0.03979494204466594,-0.009353205795021241,-0.0024818066467794967,-0.008512867834251838,-0.005555023826075511
2023-01-25,0.0018486905394841722,-0.0013794162624881834,-0.0008221444389925473,0.0018128052189517235,0.03070596164236805,0.02319483566506622,0.027207477707908254,0.02985893498452042,0.0066582357232981525,-0.0014833370188817561,-0.0009356910815701236,0.004020964402981714
2023-01-26,0.008422064284225662,-0.00039107809453009404,0.0034330015685705524,0.005946958325635871,-0.0017370736202734992,-0.0030910817263630113,-0.0017948765058584918,-0.002090700027912506,0.006728874633475802,-0.0002898527084659695,0.0032815570528738065,0.005088568876499912
2023-01-27,-0.0012064818542402754,-0.006141803788333137,-0.0145064329580288,-0.0018233948308091818,0.010663978155810239,0.011108609536704424,0.02998499347254735,0.010917884904711092,0.0007719281474348101,-0.006081459432700476,-0.014395758265850192,-0.000858092766212856
2023-01-28,,,,,-0.008871756409081723,-0.003823552646460483,-0.007706619956895791,-0.008270127839951949,,,,
2023-01-29,,,,,0.03185076197963703,0.02523259080635625,0.011126626921266862,0.03066525889993584,,,,
2023-01-30,-0.01014423915496513,-0.002489816132352087,-0.0033725558740927072,-0.008039078485766028,-0.04704284596112843,-0.0345482329972754,-0.024249949137417896,-0.045596224045016016,-0.016294006955992348,-0.002805827982317883,-0.0034104575345207827,-0.010795489292807724
2023-01-31,0.011922802217140906,0.007913132044686667,0.014554515045299346,0.011218049189315092,0.01970616656237656,0.008658177756840545,-0.00043377036335549423,0.018844191953554697,0.013220029608013516,0.007869031724798976,0.014421791399788183,0.011762642389951729
2023-02-01,0.006518284067217187,-0.01863229119207877,-0.00020287859928106214,0.0021089309153168906,0.025797610005811867,0.016866424245297388,0.06305817054444694,0.02486077792200593,0.009731505056982967,-0.018701367192137563,-0.00018033487579213053,0.003604894613256927
2023-02-02,0.00015704536703527584,-0.012529230164423191,-0.025936231317102106,-0.0024812915464877835,-0.004085517910096637,0.004634147328168735,-0.01745696486389614,-0.0037061989842436735,-0.0005500485124867096,-0.012308070485254742,-0.02589848830000302,-0.002870201171054318
2023-02-03,-0.012768350780830776,-0.008225827843816336,-0.002714123792581027,-0.011848426506048226,0.013795338410564273,0.0041909844774244,0.01297736774401037,0.012029105171825566,-0.008341069248931602,-0.008435074903960414,-0.0025998575844568177,-0.009820756215914286
2023-02-04,,,,,0.0008217074966740399,-0.004727869192616791,-0.013568398221254108,-0.0005291855897774649,,,,
2023-02-05,,,,,-0.021485676165057387,-0.00039944972256733763,-0.021860112148011424,-0.01939285574820715,,,,
2023-02-06,-0.004594982931553284,0.0002724814822814528,-0.001022329251276743,-0.0031345291951351984,-0.017506770629490034,-0.012707600758667184,-0.004108504899374643,-0.016699309564955498,-0.006746947547876075,-9.23890074753664e-05,-0.0009586978182451579,-0.004054604917158692
2023-02-07,0.010953461048114671,0.005925787278523007,0.014705034334495132,0.008764918360854936,0.038691178326306426,0.036679365976931756,0.05064633759502146,0.037821034340004035,0.015576413927813294,0.00651208294462245,0.014622876461841173,0.01090501078441902
2023-02-08,-0.009564990182089908,-0.006563538841089157,0.002381937223908878,-0.009347718308039628,-0.015035624875278054,0.00990834811874318,-0.017042373713516246,-0.012781709852854874,-0.010476762630954598,-0.006750708842504161,0.0023551002306324226,-0.00966642579485
2023-02-09,-0.00969477310696571,-0.0018764883544068966,-0.002454702265124985,-0.008704986868178924,-0.05771134865422327,-0.060401269915611344,-0.07165935277710556,-0.05733031927511293,-0.017697535698175306,-0.0017321319458480913,-0.0024972776588120444,-0.012449577155333858
2023-02-10,0.00760192629547806,0.011674533945385967,0.019625086363036146,0.00966095091664498,-0.0009264932442613171,0.007100096956058161,0.015535727451284176,-0.0006263417321464934,0.006180523038854831,0.011802748912422978,0.019552241707120367,0.009090526622922366
2023-02-11,,,,,0.011119083825479525,0.008174771791417457,0.009636212208593342,0.010509830632626298,,,,
2023-02-12,,,,,-0.014240155531741516,-0.0004493212639979785,-0.02154824826711632,-0.012874972052001856,,,,
2023-02-13,0.00875099441629904,0.008651377015969578,0.008261099482867788,0.008190205683163648,-0.0031842224978953057,0.021686745709532565,-0.013788372299263774,-0.0007729490143794525,0.006761791597266651,0.008502749832171674,0.008277198671356284,0.007369948828976661
2023-02-14,-0.000643929332159083,-0.008013581814744063,-0.0016149387480887873,-0.0031367480836050183,0.029872183904632737,0.017792550192761644,0.05010687812879122,0.02873513763001183,0.004442089540639554,-0.007743476391160982,-0.0015994751245976086,-0.0007744779805194564
2023-02-15,0.0002892134172157811,-0.000823859004967058,-0.009561252673383978,0.00029789859261073186,0.06536374685986238,0.06835233900550801,0.07428056312082587,0.06608000146665026,0.01113496899099021,-0.0006486019810602458,-0.009633101959337398,0.0053810456651388556
2023-02-16,-0.01393944574150931,-0.011663894777556284,-0.007856226183482,-0.012522855084833232,-0.0437863949888458,-0.049519644941600556,-0.037385963914877585,-0.043903641248874754,-0.01891393728273206,-0.01193175459674694,-0.007908542156956496,-0.014912135776081937
2023-02-17,-0.0027721399648127053,0.014075108998963259,0.007524372696040909,0.000806136528365263,0.04882788616562266,0.05043834897041898,0.013716798704812794,0.04789272728669596,0.005827864390259855,0.013897567659200158,0.007608608863172228,0.00485104973757075
2023-02-18,,,,,0.007887810379065562,-0.002837911137273434,-0.00516064779968739,0.006870695905173722,,,,
2023-02-19,,,,,-0.010708115017883579,-8.711717755972761e-05,-0.022322771620033932,-0.010234916362565164,,,,
2023-02-20,,,,,0.025052763815127686,0.021764462704013138,-0.016639274966712803,0.02494831145134368,,,,
2023-02-21,-0.017502776074307804,-0.005096941614420655,-0.00813182460169785,-0.01523208399215346,-0.01918195592707385,-0.030254879861111902,-0.023257446926101544,-0.019405409636014583,-0.01778263938310214,-0.004995350427304186,-0.008154158735208278,-0.015327588711343683
2023-02-22,-0.005551258644505817,-0.0034056768879343214,-0.0035439270815233433,-0.005619210384447803,-0.0074326139069554225,-0.0026189499567382695,0.01610771061613625,-0.007146750650534314,-0.0058648178549140844,-0.0036188458892802617,-0.003590529119641568,-0.00578904827297094
2023-02-23,0.0054789650955139645,0.0028560678273357536,0.00611219112393383,0.003021269754425307,-0.011735816425103697,-0.00042329130117048494,-0.00553389738500798,-0.01084750300244922,0.0026098348420776894,0.0027822954184102307,0.006019731545612002,0.0017935105881045775
2023-02-24,-0.00947722361510689,-0.006807946593828981,-0.0050094718539226875,-0.008323093047823662,-0.03497155614609792,-0.02642143768786471,-0.03312734374955939,-0.03367335781184131,-0.013726279036938727,-0.0068041201895078385,-0.005093574741336115,-0.010244643781152342
2023-02-25,,,,,-0.00247534121806664,-0.00042418658994831975,0.01865926796891082,-0.002261136709747863,,,,
2023-02-26,,,,,0.01773477469464306,0.022952105912491787,0.021360696263248435,0.017801226059402302,,,,
2023-02-27,0.0017761100564900143,5.14299813161689e-05,-0.001641070340304773,0.0010308648347821421,-0.004616748672202597,-0.0016595313007961646,-0.012271667302745759,-0.0044049271145646975,0.0007106336017079123,9.479070294820678e-05,-0.0016093407265012208,0.0005426945907201058
2023-02-28,-0.004292925502667183,-0.010685000923897525,-0.015233722289211235,-0.0054639341623774675,-0.012715198199124325,-0.007872240065140326,-0.003123710431507832,-0.012327580973151873,-0.005696637618743371,-0.010604293918147281,-0.01516752391699704,-0.006121603204453403
2023-03-01,-0.0010580319937396523,-0.0006244091550781392,0.002027484718708034,-0.00167407284728875,0.026136329455374235,0.013272630197980908,0.041977051171032426,0.024293671130474277,0.003474361581112662,-0.00047823284789765886,0.002124776506839081,0.0004733886553106051
2023-03-02,0.01196363459680069,0.005639660990146539,0.0035142451648909104,0.010430624857629396,-0.010070787872863439,-0.003666468852340174,-0.025221019763226375,-0.01005995819212866,0.00829123085185667,0.005748206466387841,0.0036351131259264916,0.008697194666132698
2023-03-03,0.013041698662887865,0.0034980564271373756,0.00528040884715747,0.01197110850764699,-0.022607444872867956,-0.03699717854006965,-0.04940696245322656,-0.02522544403197298,0.007100174740261896,0.0036099244742261033,0.005381845851509292,0.009080625714611372
2023-03-04,,,,,-0.018808995630489187,-0.006374887302513536,-0.01378376606530681,-0.016576145397258362,,,,
2023-03-05,,,,,-0.001995698481330155,0.008063829890415878,0.007344094355875956,-0.0009625058604140397,,,,
2023-03-06,-0.001808663736776781,0.01024370356884407,0.025912895790753974,-6.451205974581116e-05,-0.00392180502006011,0.0019029333865929767,-0.02782954427004346,-0.0031181374406217344,-0.0021608539506573353,0.01003772262492318,0.025614738981404536,-0.00019255904962788407
2023-03-07,-0.01716608729068231,-0.011191205957498842,-0.004589458429386951,-0.016794587127628918,-0.008894546655637114,-0.016095360232632736,-0.012729300465185665,-0.008807765341276927,-0.01578749718484145,-0.01108151265107445,-0.004721771904780404,-0.016104096333478826
2023-03-08,0.0031917270516937163,-0.0059993362233409725,-0.017927842464651098,0.0010788277880517,-0.02721030306671051,-0.015916898842707996,-0.040538120597369706,-0.025006115568079385,-0.0018752779680403205,-0.00617490094331167,-0.01766854452665526,-0.0011757387600797417
2023-03-09,-0.01731871782501915,-0.011009728179361073,-0.009132989451368707,-0.01608442662062424,-0.06062363391736244,-0.09985643858596636,-0.0730027741403781,-0.06345356545148774,-0.024536203840409703,-0.011138030322697832,-0.009274603474728783,-0.019661999173787616
2023-03-10,-0.013042274760361034,-0.003208098098008841,-0.001040844510155528,-0.011396653903628349,-0.004351473976778365,-0.016830512883492466,-0.06417333632223261,-0.005797004785225523,-0.011593807963097254,-0.0031727406674136828,-0.0012846609791001492,-0.010775676558714177
2023-03-11,,,,,0.0018321938898936076,0.03123214688452125,-0.027977531805143032,0.005529703283681371,,,,
2023-03-12,,,,,0.0674362877377666,0.08990988283712233,0.09453033163609646,0.06868538517495874,,,,
2023-03-13,-0.0035160180638044687,0.006637321575635406,-0.013620624765850731,-0.0012242425143440447,0.043876827588640886,0.04434174365050688,0.07135251816105603,0.04501168260145525,0.004382789544936424,0.006440627016991802,-0.013618518671478208,0.0025286260853770205
2023-03-14,0.014545495217757273,0.006737124085767629,0.015272532885552258,0.012553746512084346,0.020163527323838592,0.0012183304798007416,0.031401875721737,0.018550899871930787,0.015481833902104157,0.006834345068058797,0.015218348361087146,0.012955114108525633
2023-03-15,-0.00968814247115212,0.00536531291475752,-0.006868774414501745,-0.006623414837999434,-0.05192990719788017,-0.02583608916404722,-0.09325889671474548,-0.04766712338055963,-0.016728436592273462,0.005044691868188742,-0.007287429569899857,-0.00984099255115765
2023-03-16,0.01420064899894593,0.0015385688418941563,-0.00038707115993472324,0.010483882209106956,0.018210966972107202,0.003651428716796087,0.03413405609319858,0.01682989055715727,0.014869035327806143,0.0015667031496349288,-0.0002791644451875924,0.010817286509849502
2023-03-17,-0.012241012240181462,-0.013726860584995601,-0.02669744847345744,-0.012712289539076688,0.06565744021574993,0.04317324671801534,0.08144584350947029,0.06382556252258775,0.0007420631691404375,-0.0136194275328007,-0.026582902793533935,-0.006676054874037429
2023-03-18,,,,,-0.022695728368747784,-0.027076140933447457,-0.029333309095737142,-0.02415443208489891,,,,
2023-03-19,,,,,0.028497063352154364,0.01629197129203173,0.01746230971827353,0.027807155707715872,,,,
2023-03-20,0.011381656021337803,0.013308227057362315,0.019957190700487792,0.011984156005589889,-0.03439950547262127,-0.023243294068143145,-0.07076463408648694,-0.03177932005898746,0.00375146243901129,0.01332544811446966,0.019982997492164967,0.008538851627560481
2023-03-21,0.008352348230895297,-0.002759465366879253,0.005235710439578384,0.005728505325327057,0.07619108897481006,0.0300288737556206,0.054829074978167254,0.07257720043437005,0.019658805021547755,-0.002338341963894934,0.0053818504298332615,0.011108077451517864
2023-03-22,-0.01994875486296806,-0.014015397955402957,-0.014502702597155125,-0.019330947567673114,-0.049332456400027216,-0.10060365339099611,0.05491586928819238,-0.05284986443366324,-0.024846038452477917,-0.014199474190383771,-0.01460699765803816,-0.021870850687679067
2023-03-23,0.0017877909140547074,0.004369764346565797,-0.0005410806658769055,0.0010257386087625848,0.04653891872498438,0.08449379390072013,0.07234878517941545,0.048933192702353606,0.009246312215876318,0.004643380045726607,-0.0005094050988667668,0.004654596572897528
2023-03-24,0.007631212702629167,0.01711603243257995,0.006269368705155584,0.010130496125853655,-0.027248347242557584,-0.028074238214375782,-0.0002612649191336313,-0.027908467615072836,0.001817952711764709,0.016865213210271835,0.006255259920468971,0.007316226744579626
2023-03-25,,,,,-0.0020463756958890474,0.003956088078665852,-0.022536086225827468,-0.00046042868760729893,,,,
2023-03-26,,,,,0.013712003864556753,0.008830795580038152,0.021198226559406532,0.013167755630857762,,,,
2023-03-27,0.004297343942389522,0.005455265556086332,0.015912832283347805,0.0045442056658331585,-0.019250616939979114,-0.012065924894573523,-0.04562644008017547,-0.017705336130765734,0.00037268379532808264,0.005483373768961673,0.01583631591339652,0.0028682090476319006
2023-03-28,0.0015994860897350029,-0.0008304453715164144,-0.0013317081276634194,0.001631925818024179,0.02988053761945489,0.00943564676187537,-0.0008573114750273836,0.028314168256222825,0.00631299467802165,-0.0008927675601738354,-0.0012078408507355132,0.0038757343066194165
2023-03-29,0.01557046620206545,0.006678509263211643,-0.00027478421711142403,0.013862140704180114,0.02862273797752435,0.005910463048436723,0.024573539843400855,0.027545484776642568,0.017745844831308602,0.0066599906557358824,-0.00020360644087735286,0.014883408277639128
2023-03-30,0.004909293457587829,0.004255988052571188,0.00724780340249599,0.004305369092046065,-0.00176075907499288,0.005499472549367913,-0.02473236526196704,-0.0008358547639449898,0.0037976180354910433,0.004340903923027925,0.007251590145270009,0.0038581726704207367
2023-03-31,0.01245554165487161,0.006313697480423219,0.006671824565054295,0.011708577669378741,0.02249685501481828,0.01265663488882042,0.0071027084246543006,0.022470608129349288,0.014129093881529387,0.0064551902448836684,0.0067471337589083665,0.012445422518371774
2023-04-01,,,,,-0.004093416876705502,0.012655579137588713,0.008718324013364793,-0.003952197238118114,,,,
2023-04-02,,,,,-0.007162079471210981,-0.01871207061442639,0.0037072020218113623,-0.008131307297629595,,,,
2023-04-03,0.006940014431519134,0.009266520858687814,0.01979737966590171,0.006971296541506506,-0.0018588488543411661,0.0010883753161957956,-0.013782917078528552,-0.0010777325211939973,0.005473537217209085,0.009732583930970817,0.020036469062719237,0.006358442000758603
2023-04-04,-0.005064090563162217,0.00496922310804485,-0.007869337186459234,-0.003185079419800477,0.008769344303898264,0.00392371359351601,0.0011622021661251442,0.007868762580024082,-0.002758518085318804,0.005076078335366796,-0.00791447045828522,-0.002190496357504274
2023-04-05,0.0037000673038339793,0.01529475956770504,0.020744871792878688,0.0067979624285295324,0.004589962586101925,0.0037096368322376626,0.0019573686542539758,0.004833769010480745,0.0038483831842119694,0.01529635297446551,0.020587444126515708,0.006916216628634237
2023-04-06,-0.00016101982917674727,0.0008121736519375923,-0.002600060352348171,0.0003607537742545555,-0.008989619099706548,-0.0014068457402506348,-0.014175123466601183,-0.008721638631374611,-0.0016324530409317138,0.000642507325565138,-0.002695213990730985,-0.0002949627664342992
2023-04-07,,,,,-0.0007157523707202245,-0.0009758102490245386,0.004673817149371685,-0.000553346605387992,,,,
2023-04-08,,,,,-0.007581287504680157,0.0006538047185326088,-0.010044107291242516,-0.0068189104339228725,,,,
2023-04-09,,,,,0.008575166111636202,0.009232288869728052,0.005309121970964643,0.00859740649172656,,,,
2023-04-10,0.003514247817485643,-0.0018468051062227482,-0.002678064565455109,0.0020982976938797586,0.023579695263970035,0.02009228727051312,0.03139056018083569,0.023434170234760254,0.006858489058566375,-0.0017351442619841346,-0.002608892505666425,0.0036964178428446426
2023-04-11,0.002569206481788522,-0.00045931709463927883,3.951908839992129e-05,0.0024174059182019325,0.0038228605318978985,-0.004479883530200528,0.0030016344320024854,0.0028760194511490865,0.002778148823473418,-0.00040026603151697667,5.689614224050634e-05,0.0024730262433212474
2023-04-12,-0.002221933994919998,0.0014327542245028157,0.002796320462007097,-0.0014167555170823563,-0.0047451783135010975,-0.016296239678783738,-0.020109588614171173,-0.005674550165277148,-0.0026424747146835148,0.0013459461758903149,0.002799506865419805,-0.0016894495836962337
2023-04-13,0.006972895720065671,0.008566966470148806,0.012582242566184043,0.007195828324156246,0.023349721921274248,0.005509049723407789,0.017398827475898465,0.021542413987837586,0.009702366753600433,0.008704986316448312,0.012483282968953555,0.008333835689149955
2023-04-14,-0.005796901834398556,-0.004693476990677951,-0.0011149682904692967,-0.0059723221241591035,0.015352888933841126,0.011369727644184223,0.022466701319873324,0.015659286115726156,-0.0022719367063586083,-0.004557828356773936,-0.0010216211487266507,-0.004312416176704352
2023-04-15,,,,,-0.0004410469546381692,-0.004313361070465364,0.0006688757798260898,-0.0002344802774327318,,,,
2023-04-16,,,,,0.007813593645352734,0.006061087753333923,0.024150176508758545,0.00771185780571806,,,,
2023-04-17,0.00501314190495388,0.0008394726676881807,0.000965062754896277,0.004777453857091916,-0.023954347127940978,-0.016186046726221384,-0.017135569195432347,-0.023596922483980827,0.0001852270661380698,0.0006767998599555164,0.000935778689784324,0.0024581047020675387
2023-04-18,0.00031857017390728875,-0.0020909727509672306,0.003977851967343122,-0.0006305871497006704,0.02048926563833755,0.01959778967027746,0.03520619346174033,0.020776981443462586,0.0036803527513123322,-0.0019846923040833845,0.004139116192983191,0.0009850118317247993
2023-04-19,0.00215018613987956,0.0002569158529745117,-0.001114001393550775,0.0023929780006201936,-0.07030638123951992,-0.023995254920573243,-0.10031477079427567,-0.06616547347533058,-0.009925908423353688,4.0392433770994224e-05,-0.0011104050287839482,-0.003205988854450537
2023-04-20,-0.006963271769652834,-0.004395950003632421,0.00205208426022903,-0.007022692835335822,-0.016593825169400268,-0.010244028569586238,-0.012690915811642627,-0.016225902708705768,-0.008568364002944074,-0.004736659893052413,0.0020053957034487768,-0.007805199191473998
2023-04-21,-0.0010172047667623982,0.005340927648717555,0.013125081462924034,0.000642545395576862,-0.036250648570689395,-0.013878497483087485,-0.05275482653288399,-0.03443293098678618,-0.006889445400750232,0.005456254227910389,0.012958303941699258,-0.0020998550084158057
2023-04-22,,,,,0.027746816801226506,0.01741465488787897,0.02943410862791951,0.02625744622519298,,,,
2023-04-23,,,,,-0.011357535930528784,0.004445515428647841,-0.006869498868245949,-0.009762474198011236,,,,
2023-04-24,0.001757089349559311,0.001081724107585677,0.005765991348536262,0.0016991308656844294,-0.006202409007347477,-0.0065219429641221625,0.009015307628620725,-0.006123881865688818,0.0004305062900748464,0.0012070819140648306,0.0058572422003545545,0.0011125844995960377
2023-04-25,-0.014954209205319131,0.0004794698735695143,-0.005935705009032078,-0.011956588243729364,0.016867220618823685,0.0046361663798061,0.026722758264001705,0.01609462799720324,-0.009650637567961995,0.0002505192889899215,-0.0060106153898879045,-0.009446847494124841
2023-04-26,-0.012476823412631973,-0.018143798341502298,-0.02189062384185379,-0.014135627285461215,-0.012759860883439278,-0.006430051052702895,-0.026593092428695633,-0.011350080442097992,-0.012523996324433191,-0.018437292571349087,-0.021825927080656213,-0.014184366087787571
2023-04-27,0.01466191302179606,0.0033157874641547773,0.008298594614642218,0.01282224847697332,0.014932648311098052,0.016844611399777717,0.014348290775401203,0.015209336808430144,0.01470703557001306,0.003731629584038926,0.008413234468744233,0.012748722655083646
2023-04-28,0.009482238561268223,0.004140484420146705,-0.002574895766695906,0.007591146314810178,0.003736322462608444,0.008928642149108537,0.009759654484869264,0.003850445682554853,0.00852458587815826,0.004072334726293519,-0.002379832660842643,0.00719769771206833
2023-04-29,,,,,0.005886241885930077,0.013301515427043414,0.008868061519719745,0.006559669219866216,,,,
2023-04-30,,,,,-0.013803832708956977,-0.006901588402770258,-0.022994600057244824,-0.012922198157115003,,,,
2023-05-01,-0.0034225665792960943,0.0015261719454530013,0.005563960084393278,-0.0029037460806003133,-0.017095930932513506,0.0008948336012648537,-0.028419178182846953,-0.016283355304227417,-0.005701460638165662,0.0013783419266475908,0.005463555758354271,-0.003959136706228697
2023-05-02,-0.01668205447422317,-0.006609388722250116,0.0030834060015812598,-0.015665704256367523,0.01303856664680343,0.013709629176341968,0.019045251126061348,0.013517016890583575,-0.01172861762071874,-0.00692457444175727,0.0029967605330778026,-0.013303038871717132
2023-05-03,-0.01221749617771301,-0.009143164467293316,-0.014165294005831955,-0.010767704296177402,0.007033688642077719,0.0032154121834013045,0.008487964367919803,0.006746354479981847,-0.009008965374414552,-0.009203566140894074,-0.014045457844727969,-0.009269254674736056
2023-05-04,-0.005351289952589209,0.0008005408353231433,-0.01016554370344261,-0.0041486845116011535,-0.010527365221955643,0.0006083010545632428,-0.004862978756056693,-0.009637819281591364,-0.006213969164150282,0.0006770087248633589,-0.010190569848681504,-0.00450877031809089
2023-05-05,0.017515249613176284,0.010007693867729279,0.00999683140799236,0.015753895176338035,0.020691646115858102,0.022728745168421445,0.011305281264408435,0.021283488739707514,0.01804464903028992,0.010178353692063264,0.009999154016198742,0.01602380952335148
2023-05-06,,,,,-0.029721123498456306,-0.012872438805135425,-0.04472762499990566,-0.028309723815531304,,,,
2023-05-07,,,,,-0.011481109989431838,-0.01444619133516168,-0.006234388236968932,-0.011506439658655467,,,,
2023-05-08,-0.0006943661313251728,-0.0007553424575956931,0.003167899757699775,-0.0013688084310788146,-0.03585792627868483,-0.016916291048613013,-0.05275489820025524,-0.03384220235897338,-0.006554959489218449,-0.000664920020018946,0.0032003859193204037,-0.004154430870855659
2023-05-09,-0.004258718762879401,-0.005061128251846619,-0.0038248817203983044,-0.00410817626737934,0.016064871833109975,0.006352619217890163,0.016835477136639326,0.015678562170347795,-0.0008714536635478391,-0.00491609232145488,-0.0038345745751712386,-0.0024853286020121747
2023-05-10,-0.0017783329876314969,9.21530413713988e-05,-0.0029243736474092496,-0.0014194692051019552,-0.0016382682780426987,0.0030091683547783,0.007724190667386339,-0.0019922194507201317,-0.001754988869366697,-0.00013551049078761325,-0.002926948058386267,-0.00143627239047243
2023-05-11,-0.008972948417903201,-0.0011610884229792178,-0.002981965319937413,-0.007891946162185519,-0.02088555232312441,-0.023952493284898922,-0.008596914429950302,-0.02051480432421239,-0.01095838240210674,-0.0012708585025440551,-0.003038849634010806,-0.00878042755793266
2023-05-12,-0.0008388740546909412,0.0017195691960360153,-0.0032465027577449753,-0.00017357472053853077,0.006633145413243956,0.012651065708643734,-0.006864893890048488,0.0070333824847164505,0.00040646252329820854,0.0016641712138740087,-0.0032403634877946215,0.0004041088353806982
2023-05-13,,,,,-0.006690148368844429,0.0027214172770762953,-0.001829738860885208,-0.006156564288351769,,,,
2023-05-14,,,,,0.009488724033330365,0.00177072798890652,0.026566758716190894,0.00908129879489291,,,,
2023-05-15,0.004566875681341904,-0.0032032129310905575,0.005919660535129547,0.0025106910132861354,0.008324650956111014,0.011440015986368318,0.030867937190548554,0.008203000085577871,0.0051931715604700895,-0.0031669455155117964,0.005852655508086262,0.0028213744851211075
2023-05-16,-0.01596931677803586,-0.014557562872723797,-0.006678207878264373,-0.016581944209079085,0.008422101567971952,0.0016016775974650442,0.017982938239735888,0.007287271411394746,-0.011904080387034558,-0.014629553174347451,-0.006719838980424854,-0.01460891415742705
2023-05-17,0.012319075380388223,-0.0020159028129736654,0.002982302265987077,0.009567014889864795,0.014914573072979954,0.008806787320710885,0.03314977007698858,0.014081083023649833,0.012751658329153509,-0.001786657998032956,0.002981166628797562,0.00979152517367944
2023-05-18,0.0058853739811349,-0.0020769618452190133,8.067032930828233e-05,0.0035367663827799082,-0.011625633084243761,-0.013692735566624075,-0.03007289229548837,-0.011934508415566892,0.0029668728035717913,-0.00183131169967559,7.675590365900892e-05,0.002156166731297813
2023-05-19,-0.0024750102388178584,0.0008221111950345186,0.005369288209504643,-0.0017043743426198054,0.003288349523594647,0.004678258117604138,0.008840947387829652,0.00332151292752022,-0.0015144502784157742,0.0007387073800623023,0.005415867224641581,-0.0011681966221994454
2023-05-20,,,,,0.0049119396708774635,0.022537704416199494,0.007894282075416556,0.006233411760281308,,,,
2023-05-21,,,,,-0.010665021585102118,0.02044938574594221,-0.005785872914872529,-0.008106815862063622,,,,
2023-05-22,0.0006733174629292172,-0.006780287962129058,-0.007979599121848358,-0.00010671164819555146,0.00852947908232017,0.030046875798641612,-0.007708273984324089,0.009859737645380985,0.0019826777328277086,-0.006579194461897169,-0.007987377819467543,0.0006006747280937289
2023-05-23,-0.007158860298573353,-0.0037569590086175423,-0.01430642472752821,-0.006719579935155281,0.008546689643816751,0.006827428920906636,0.009928856494780768,0.008447517506107944,-0.0045412686415083345,-0.0035166673719222922,-0.014195770656425273,-0.005395089971002587
2023-05-24,-0.0092430297574062,-0.006975117180364396,-0.0002076154120341327,-0.00899956482802102,-0.029311627575694967,-0.023735304658823925,-0.05076040657229725,-0.028655681877455045,-0.012587796060454324,-0.006866788577134431,-0.00015328071918114475,-0.010556952879337967
2023-05-25,9.278741905413855e-05,-0.012379891139014224,-0.008435580499267004,-0.005403926359011549,0.0006137923240644661,0.0007332267051590628,0.006380253335026943,0.0006376262924427346,0.00017962156988919303,-0.012533615500159764,-0.008471869763551803,-0.005247105334851328
2023-05-26,0.008663674683658413,-0.0013910939016063975,-0.003024072404297682,0.005900743143222165,0.013862260516455062,-0.009734232125432382,0.008255672717529937,0.011534022915911778,0.009530105655791187,-0.0012604419539834432,-0.0030719592080521987,0.006201210266180565
2023-05-27,,,,,0.008685536718812826,0.017708753181223277,0.012018319875062496,0.009160975638332083,,,,
2023-05-28,,,,,0.027256993493929824,0.01526894185836042,0.03761217769817493,0.02655996912091301,,,,
2023-05-29,,,,,-0.006321640644553051,-0.015343177309187326,-0.008476341646096106,-0.007082695603950112,,,,
2023-05-30,-0.0018190711166541518,-0.0039887373459238104,-0.011219129090435162,-0.0026794894142450677,0.009550061586042526,0.0018295594254339293,0.008558490575264218,0.008370453403589911,7.578433379529432e-05,-0.0038642017091257267,-0.011241439140439376,-0.001725037960973671
2023-05-31,-0.004663092855496197,0.007046891560572154,0.0025691848681493427,-0.0018787990815836019,-0.010968334133005764,-0.015444516562820568,-0.01863688107855497,-0.010722879871448413,-0.00571396640174779,0.006971568131136313,0.0025369683946006426,-0.0024255501588045366
2023-06-01,0.005148317863618266,-0.0018095440759799295,0.02144833360483309,0.0029551994767765266,-0.0070050480359822205,-0.009726449984482329,0.012459469488541125,-0.007475636412430086,0.0031227568803515186,-0.0018058944893564145,0.016817949170988264,0.001890095787440062
2023-06-02,0.0195001976644241,0.012890789656349782,0.010388831629593328,0.01785762256285558,0.030470134154125517,0.07443375934778193,0.01642914674430152,0.032828553044689845,0.021328520412707667,0.012721517698623926,0.01304467149473946,0.019241889387210543
2023-06-03,,,,,-0.0032645391579624763,-0.00943837633511092,-0.0002302325007599703,-0.0036144104386421345,,,,
2023-06-04,,,,,0.0019090477931811847,-0.0022234183264843517,-0.008419821892080768,0.001328740510968632,,,,
2023-06-05,-0.005896949385171216,0.00098880389345332,-0.007018313611248585,-0.00419666525743933,-0.05556741970590499,-0.042587859289395597,-0.058642905037448886,-0.05434823639822281,-0.01417536110529351,0.0010766051034808456,-0.010562431271227081,-0.00837719068796466
2023-06-06,0.004403184679716094,-0.007156247636033213,-0.006755947457777575,0.0018831100499789024,0.03446928333226702,0.0195109743139625,0.04457485719280217,0.03373770859396171,0.009414201121807915,-0.006974194946297272,-0.002918629060331838,0.00436989498537923
2023-06-07,0.008253330916676531,-0.00044482422410786234,-0.004501503289041838,0.008295301019904815,-0.033975661274086084,-0.023959362914374106,-0.027260341019657394,-0.033422100965795266,0.001215165551549427,-0.00018771359302702974,-0.005928391736127257,0.0048009201242336826
2023-06-08,0.004105881849056212,0.006217332342063536,0.011725462639549322,0.004272250453498033,0.007310911144695709,0.00851914634791441,0.0009912662101668325,0.007337525113171829,0.004640053398329462,0.0062007265947675964,0.011575768348192652,0.004556252748761424
2023-06-09,-0.002802731516898365,0.0003105641843410892,0.002764138221077366,-0.0029371332105309397,-0.011508540340358876,-0.046166017366319735,0.00366237075600446,-0.013964977959203642,-0.004253699654141782,0.0002480132900343576,0.004844039511420116,-0.003908383508460714
2023-06-10,,,,,-0.08270980281888682,-0.02977666367144092,-0.08130049975689443,-0.07798591340599939,,,,
2023-06-11,,,,,0.0016502033140609273,0.006553804411264795,0.003715398078940297,0.0016477570022254433,,,,
2023-06-12,0.0052286646422442075,-0.0026813180844243263,0.0007158927462927676,0.00324692572421227,0.00048789843885728174,0.007337360761270848,-0.0021265054253441786,0.0006429389975664866,0.00443853694167972,-0.002658493446239021,0.0011662497722814153,0.002867308773830568
2023-06-13,0.007318719029048488,0.006419160382841036,0.00734915681973764,0.006461914487562833,0.0022993820597000175,0.008254781907244537,-0.0006075602090689514,0.002980419311378546,0.00648216286749041,0.0064074000746543154,0.005272782943987264,0.006075977971225347
2023-06-14,0.00012724349296770352,0.00236262487408797,-0.004815386044092219,-0.0005954926443953272,-0.0431723460804432,-0.019450495501737535,-0.04492996988916747,-0.04099803524231033,-0.0070893547692674475,0.002268203784416,-0.011908421644700523,-0.0042457757450601675
2023-06-15,0.010003512200136698,0.010405197601407507,0.005281444895548688,0.01066092215241326,0.0057891036915591046,0.006274932838291138,0.017512053316846594,0.005476391129285821,0.009301110782040432,0.010253671293852067,0.0049312169920719155,0.010180077963986832
2023-06-16,0.0005502064556709698,0.001535869831183151,0.0035738250270360224,0.0011836342107252019,0.011168012818247086,0.006499523741326348,0.024961981027374888,0.01160881714989393,0.0023198408494336555,0.0014068055403023603,0.0022961931753502293,0.002041327348608581
2023-06-17,,,,,0.00953205851289305,0.012312823633731082,0.009109793370682984,0.009656683321778835,,,,
2023-06-18,,,,,-0.005460914609440515,-0.015573999173634185,-0.0012517695794714103,-0.006311884103770493,,,,
2023-06-19,,,,,0.006550246328475962,0.005564754951760402,0.010385354294419539,0.006401454782818079,,,,
2023-06-20,-0.012622406708579165,-0.007039980374608454,-0.005328832200261627,-0.01175924839109456,0.027151896154307277,0.02530397443228859,0.04390297603241908,0.02769384774040201,-0.005993356231431424,-0.007192699377360971,-0.00492467808615434,-0.00834336936345528
2023-06-21,-0.0031648906733249046,-0.0010622398348394224,0.0048204735399186285,-0.0018084716390126218,0.06914386829461867,0.037722180083088704,0.05969792535115012,0.06983814653041001,0.008886569154665692,-0.0011443598148344236,0.006064284914529181,0.0042530857554636
2023-06-22,-0.005592422870120342,0.008440090394708038,0.005191093727146073,-0.003708899155543942,-0.0036441032838237077,-0.005349310265824353,0.003082468489085528,-0.0038576433765725184,-0.005267702939070902,0.008308241854362505,0.004019334114017672,-0.003607693080671571
2023-06-23,-0.007259581439822718,-0.005805631129473968,-0.004155616413006034,-0.007318287219413614,0.0747016117794201,0.0202079435536177,0.04176666483678678,0.07412370047421893,0.006400617430051085,-0.00571792825392407,-0.003093878457884752,-0.0006682791932547986
2023-06-24,,,,,0.011652634564868595,-0.00966889885809669,-0.010863753994298286,0.01269878959447575,,,,
2023-06-25,,,,,-0.010868836642279276,0.007731906090606774,-0.008024514942088622,-0.009892763438215197,,,,
2023-06-26,0.006682503230795585,0.00018251550480425386,-0.007028445435665024,0.006335595586126872,0.005978334015964882,0.0025618952386616337,-0.010443284935956035,0.007736199483377436,0.006565141694990467,0.00030775900702100797,-0.008377672512852794,0.006258014471758816
2023-06-27,0.007222896182025428,0.002045667581670533,0.00790932032583858,0.0051695536778405176,0.02263140143154352,0.010491778874044391,0.011217149433837923,0.023456301223544064,0.009790980390278446,0.0021914155035488688,0.007741322230552884,0.006569208761910158
2023-06-28,-0.0017040372863230946,-0.0045308918222185385,0.0039531981767404805,-0.002093122887156195,-0.03996466241134235,-0.012773235939172057,-0.03926408899097067,-0.037134457773320084,-0.00808080814049297,-0.004382922753265525,-0.00011526045459666484,-0.005152003617256679
2023-06-29,0.006333876012833468,-0.0017821865879214002,0.00562780331152969,0.0057010477804227255,0.029699728716752083,0.010388591637477176,0.016465396787917218,0.029594652017221085,0.010228184796819903,-0.0015871832660691123,0.007173447702903461,0.007657189298681657
2023-06-30,0.008314033679412115,0.0064487258756821715,0.018927667730153218,0.00826674832879331,0.09404904955033085,0.01557875262078429,0.1440606799380507,0.08821018239764725,0.022603202991231905,0.006463735213224395,0.016786874613482033,0.015196129333121481
2023-07-01,,,,,-0.0018449409424392102,0.006556419117653606,-0.040293394825820894,-0.0008236671286146427,,,,
2023-07-02,,,,,0.005238620849933817,-0.008494874238569835,0.03288213181144965,0.0033844299024642943,,,,
2023-07-03,0.005677130992006776,0.003745268087902943,-0.009854689136575277,0.00532012365496571,-0.005122109370999129,0.01552185462279268,-0.03748989618536853,-0.0020033859729533554,0.003877257598172458,0.0037220095159507596,-0.010974967738151245,0.004567578704642517
2023-07-04,,,,,-0.01944257981250476,-0.008006484936283004,-0.049037134192925165,-0.017666874497598805,,,,
2023-07-05,-0.004240653464778885,0.0028602399126515933,0.00013030905175248416,-0.002541138269950748,-0.015160100684215774,-0.005070156597587628,-0.005262954210337303,-0.014775863679049896,-0.006060561334685032,0.002611563350767725,-0.0005319795144865864,-0.003440648075645444
2023-07-06,-0.012084138933912192,-0.007816153770467089,-0.012017938883191446,-0.011746754224894941,-0.025132335253464935,-0.009702639254952706,0.002050134861140109,-0.024362568901640392,-0.014258838320504313,-0.00792176960133737,-0.010957590462992276,-0.012801922815310573
2023-07-07,0.0006819149565187499,-0.014376284304749227,-0.0025845481211906004,-0.0019217149569317035,0.01796298117539279,0.017786216045374406,0.008629513495345355,0.017792153679278302,0.0035620926596644236,-0.013928361995483137,-0.0025416877939558164,-0.00033514190736766387
2023-07-08,,,,,0.001531650931283768,0.009841290953308584,-0.019301608294797337,0.0031585329790314288,,,,
2023-07-09,,,,,-0.013726282828247383,-0.019286982618218772,-0.02403414723578822,-0.013478699639914915,,,,
2023-07-10,0.004779669698334353,0.0008976930704179673,0.014025068874857093,0.0043273339872398385,0.01268697689227245,0.0040299960745671165,0.030300424359807485,0.011453028272672357,0.006097554230657368,0.000859230910985195,0.015128954376757356,0.004945879697663235
2023-07-11,0.014211688018259465,0.008040573610255014,0.000895833090703724,0.013144869186693432,0.00029969873734785323,7.987479269034605e-06,-0.0014257092670457879,0.00021043662703960176,0.01189302313810753,0.00818046455267091,0.00024969243002691006,0.011828311426425434
2023-07-12,0.00823735096035434,-0.001456709453156463,0.0010688191721300918,0.006784944448855504,-0.004325411937046786,-0.0008381246873939475,0.02345365241014162,-0.004933266443942398,0.006143557144120819,-0.0016990760377232038,0.0018962814533629996,0.005708214191955345
2023-07-13,0.005613289998631371,0.0025051959241140904,0.0024111131524845826,0.004441329474873573,0.1954993284896968,0.08141676142686566,-0.011209733762518697,0.19734178512889444,0.037260963080475606,0.002464125661937093,0.014773752618969578,0.021691127897060673
2023-07-14,-0.006609687433745771,0.004635004696950134,-0.0033777810562957457,-0.005165283661615537,-0.06154752460039318,-0.03440083320658772,-0.042052229986547215,-0.06046552271895013,-0.015765993628187,0.0039390232996178755,-0.006996185557391224,-0.009999005219212986
2023-07-15,,,,,-0.01001040605553859,0.0027199740287133962,-0.03408305924066614,-0.009266341201340397,,,,
2023-07-16,,,,,-0.0053807677283610475,-0.005598471828377895,-0.01452553253833813,-0.004385213480952648,,,,
2023-07-17,-0.0035596088175880555,-0.004011657092263597,0.0024792288280591946,-0.0049791448820501304,-0.004097995284557188,-0.0017159602651751957,-0.025322746947483907,-0.0040030683878315865,-0.0036493398954162443,-0.00446652446768534,-0.00015855337232604797,-0.005106661485168252
2023-07-18,0.005936202752823029,0.000554849294598071,0.0028942757231617093,0.004823806177772571,0.0006437713452430377,-0.002807119708328654,0.004804143046649884,0.0008509751969676274,0.005054130851559697,0.0006454837197632782,0.004207980010168393,0.004514130574491218
2023-07-19,0.006037952272526241,0.007785812260395113,-0.006733184336381378,0.006588942287369459,0.029475186809692955,0.015807758822211297,0.0014050365391761223,0.031189081213008694,0.009944158028720694,0.007978246976675561,-0.005032238294967234,0.008844015204918896
2023-07-20,0.0017480758015509055,0.014865105793079397,0.010692926167279446,0.005118410560641704,-0.00025280173185267,0.004436204989715473,-0.0005664006291722191,0.0007638774228050857,0.0014145962126503103,0.015062687832670252,0.009700829550079495,0.005049961359918984
2023-07-21,0.004489892359851595,0.005480976181220269,-0.0023488391495562087,0.005599901320955892,-0.0015039225025845096,-0.001904650711920581,0.01059514851569429,-0.0025816228013682903,0.0034909232161122435,0.005650351332604284,-0.0015939476959600679,0.004967761306498736
2023-07-22,,,,,-0.012805089144875936,0.02007231411090385,-0.026708016511624376,-0.009713734125478433,,,,
2023-07-23,,,,,0.013126348690180534,0.0011173102050085727,0.03723957124713021,0.011534137181405488,,,,
2023-07-24,0.005464941830862187,0.0008025868707358086,-0.0029855710221276025,0.004438339471717794,-0.039110888204281935,-0.02836667498763532,-0.04404727407757332,-0.03830526929130154,-0.0019643631749951666,0.000754489519684299,-0.006544334342823981,0.0005031125003760938
2023-07-25,0.0034160131953540483,-0.0029428976773099246,0.03393970394316818,0.0019890020086476908,0.0004515707248740953,0.0031454350473693223,-0.0027971877841413504,0.000707231969391913,0.0029219394502740556,-0.0028359527586403364,0.030296555873951456,0.0017688399378808447
2023-07-26,0.0021904630775948686,0.0040793057117584994,-0.012651904634370622,0.002171734664682245,0.01536213004313094,0.009673136577837239,0.016946781091945366,0.01565550508910161,0.004385740905184214,0.0038556194417728898,-0.01047628156707449,0.0033811087239559684
2023-07-27,-0.004634011643839128,-0.007193888082149869,-0.0004163093189113131,-0.005156235208827092,0.0022443134630713455,0.0009223722880653306,0.008858884061266677,0.0021669617503530117,-0.0034876241260207155,-0.007025072120542479,-0.00039609564519036615,-0.004467566021195269
2023-07-28,0.004241321399844555,0.002614530753720139,0.0002080216481582466,0.0031334918054618925,0.007462819176447866,0.019605838747773,-0.007077295438507341,0.008639731882486117,0.0047782376959451065,0.002786137204419066,-0.00023239863193579875,0.003606061626362049
2023-07-29,,,,,0.003363640436718896,-0.012611087317009816,0.007494277049866049,0.0015256952051344664,,,,
2023-07-30,,,,,-0.0018887354070578285,-0.023508188887300104,0.03428454255541651,-0.004706540084221647,,,,
2023-07-31,0.004314741590100032,-0.0048449327416043055,-2.8106998877164388e-05,0.002657564979058307,-0.01723273511035757,-0.01747331183953076,-0.018465480923962763,-0.017295018880947807,0.0007234954733570977,-0.004696845575737975,-0.0010797040912126725,0.0007009593782889805
2023-08-01,-0.0036317010240047836,-0.004775619484258189,-0.009376788288464513,-0.004640460124958091,0.008097901202082248,0.010580391643150071,0.00735853805549294,0.008188999659316985,-0.0016767673196569446,-0.0046536444428750354,-0.00838728910430025,-0.0035542041796162924
2023-08-02,-0.013699281238668084,-0.006926843540162808,-0.012412036236562361,-0.011457598448952368,-0.03714694707929564,-0.020955595969259073,-0.025758471050696508,-0.033819652994103104,-0.01760722554543934,-0.006388698009324032,-0.014926781418144967,-0.013410963142469793
2023-08-03,-0.004931584621457254,-0.006370521649823091,0.003246163496353531,-0.005634472010015307,-0.01737553628357058,0.002829225527203907,-0.002469750336428861,-0.013510484747403406,-0.007005576565142809,-0.006110915854430964,0.0013181471492412537,-0.006490354090706892
2023-08-04,-0.002197023217300111,-0.005550495797101587,0.003901702648790655,-0.0024969693804480324,-0.007302872222976842,-0.004214367968324106,-0.0016817509790133618,-0.005593449976176639,-0.0030479980515795663,-0.004895426724088936,0.0018870018863983247,-0.002869381840718518
2023-08-05,,,,,0.004349784985149952,0.003541250919038441,-0.00035865053574843245,0.004478662726266724,,,,
2023-08-06,,,,,-0.005434122335717784,-0.0033585408544123878,-0.003912385944921163,-0.004970476336829055,,,,
2023-08-07,0.00802041392341124,0.012320200165410758,0.013997211992509055,0.008756726448695825,0.007016310190832321,0.0014721846789867447,0.014856688238256947,0.005055256643597911,0.007853063301314753,0.012686947019458026,0.014596017166066943,0.008578186014404292
2023-08-08,-0.003440940743932581,-0.0035410253320589673,-0.007146296966259489,-0.0025523694722773054,0.014720931908673896,0.01228740130670504,0.017238073029866546,0.014174481736916027,-0.0004139619684981683,-0.003295605496338154,-0.005429213513091356,-0.0011428047838290473
2023-08-09,-0.0019255958226743846,0.0019614649261608737,-0.012901108309953018,-0.0005379329459619889,-0.002395454912777484,-0.003441980060678238,-0.005574325763160468,-0.002344386653531608,-0.002003905671024901,0.001913333245762157,-0.012477422369792915,-0.0006586506634191521
2023-08-10,0.0009644399956669524,-0.00173125912733406,0.004576978969654317,0.0008466384313299117,-0.010313452290058634,0.0001573670825589655,-0.007832986599283144,-0.00818630597340787,-0.0009152087186206452,-0.0016081723018553024,0.0037200214287017672,5.27296824181164e-05
2023-08-11,0.001675815022885709,0.005181463335155715,0.003910733843424226,0.0029380662114582615,-0.0025053540918613675,-0.001352849382833493,-0.0033000817426384554,-0.0024466998277755964,0.000978953503761197,0.004887569254396566,0.0030415695159130575,0.0024316620901212176
2023-08-12,,,,,-3.937036608947508e-06,0.001808576866836904,0.0002607292134490447,0.0008023010856622818,,,,
2023-08-13,,,,,-0.006202337709924488,-0.004634957159677729,-0.004033104836073369,-0.00628291794561006,,,,
2023-08-14,0.0017062775996715216,-0.0008692263123340458,0.017091839297319462,0.0003233597938000192,0.001951599250878311,0.003901065764730872,0.0046056123988684975,0.0021271444342742417,0.0017471645415393202,-0.0009735603186554467,0.01628674467734122,0.0003529062301771481
2023-08-15,-0.013225456282507148,-0.005765580786435563,-0.009291254832645528,-0.012100919815866848,-0.028483106955607816,-0.010782800460349,-0.00811046743242191,-0.025627850571551373,-0.01576839806135726,-0.0054088024273649836,-0.011052581926582936,-0.013311547641433611
2023-08-16,-0.008186117279367163,-0.0021559229092703515,-0.0041605784595996,-0.006901997973615721,-0.03890073461971866,-0.01712206492076348,-0.028103945065702032,-0.035270043339806115,-0.013305220169425746,-0.002068026149804495,-0.007354233080066689,-0.009461064007983735
2023-08-17,-0.004655788275770239,-0.0051221050219681305,-0.01369608391016926,-0.0045379559839971145,-0.08842940887497387,-0.053925713018171395,-0.07752068647330379,-0.08087103768697905,-0.018618058375637504,-0.00513634646068051,-0.02291074390791143,-0.011131447125210633
2023-08-18,0.0017330293707238818,0.0038308313553798152,0.004470035425763123,0.0017152442982913052,0.006166164594595425,-0.011745060570932104,-0.014824798792317437,0.0034391186244456117,0.002471885241369139,0.0037884762840577294,0.004899996569891987,0.001973483287911673
2023-08-19,,,,,0.01446029421699644,0.00708850337632567,0.0017864955172270111,0.012347777412638811,,,,
2023-08-20,,,,,0.016883672615801638,0.01223583312012785,0.00577632166641029,0.014818876674656239,,,,
2023-08-21,-0.0005131283529655393,-0.003718800702264701,0.013553789267471281,-0.0017434929838651527,-0.009879608817271868,-0.007026455001209925,-0.006094513256387728,-0.008542713088021776,-0.0020742084303499277,-0.003816006682350888,0.010756061299327976,-0.002535490592768423
2023-08-22,-0.0049044034665741655,-0.005733786931473718,-0.010893572507270426,-0.004481666979213285,-0.014368192690346893,-0.004628034939440221,-0.007129367263041687,-0.012891476867401582,-0.0064817016705362865,-0.005708871319475765,-0.009826022550225176,-0.005132718378885858
2023-08-23,0.007321780440630265,0.010443630729398197,0.022764402771173756,0.007112806776991098,0.03150211746919023,0.022872252822387813,0.02329868146382737,0.030126177953502375,0.011351836612056927,0.0101931876626141,0.022075073631445948,0.009008017048724282
2023-08-24,-0.012228581664713429,-0.008719230566687287,-0.016377833997655876,-0.010964211672272453,-0.012132670149970026,-0.011690744686137355,-0.00794357464999681,-0.011631635258847198,-0.012212596412256194,-0.008619339368829713,-0.016319635589436842,-0.010941881818499716
2023-08-25,0.004912513294952161,0.002908408337629259,0.002360820563730631,0.004794049978206329,-0.0010979540234162925,0.00020745179492681468,-0.005742715214208653,-0.001404895813062813,0.003910768741890751,0.002989126417975466,0.0028392231478960453,0.00435000446144139
2023-08-26,,,,,-0.00558602193954032,-0.0005080140860927243,-0.0034088402985455084,-0.004450382741225178,,,,
2023-08-27,,,,,0.009236659750104226,0.003246280814724864,0.010405555242045858,0.008513533846620944,,,,
2023-08-28,0.008364884527056863,0.0029994746229887776,0.011804875813135461,0.007145673440976179,-0.005905699793415332,-0.005538749901798211,-0.0067883215357985565,-0.005443436121082396,0.005986453806978166,0.003040349025441982,0.011088749015633054,0.006006267080045107
2023-08-29,0.011982477817999241,0.004346946211222038,0.015630525838282283,0.010820454420857396,0.055070350603778455,0.04122625213994675,0.07931603117786801,0.05221216642055574,0.019163789948962447,0.004240174185616409,0.02000392049795948,0.014374301618170734
2023-08-30,0.0015849659208836808,0.0015076055816893382,-0.00233992660519658,0.0013080745329119533,-0.022248078588893397,-0.01751054888289285,-0.018964131510583595,-0.02102397981371751,-0.002387208164079165,0.0014611223650614973,-0.004426216044457541,-0.0006796684488184038
2023-08-31,-0.0030555686910886835,-0.005623348121943933,-0.0016447383970349119,-0.004073361272682492,-0.03801269052597048,-0.024043684666041367,-0.04542536450680303,-0.03592954057974028,-0.008881755663568981,-0.00567189127645083,-0.0031980820824937563,-0.006717340249447944
2023-09-01,0.004049068438607958,-0.0011314425336207586,-0.0022457195310984727,0.0031448254449814796,-0.012928701106311181,-0.007779458797600629,-0.01528254350937989,-0.011356766714607563,0.0012194401811214358,-0.0011545818873608855,-0.0036429494212567846,0.0017950730337820704
2023-09-02,,,,,0.002151171943819353,0.006805788437062352,-0.0036630558575752423,0.003363945854424728,,,,
2023-09-03,,,,,0.006164628955449203,0.0012892152067257123,0.004150527602824626,0.004218524360085178,,,,
2023-09-04,,,,,0.0031609911132003286,-0.0015336299393992412,-0.007169351272151776,0.0016735911733308678,,,,
2023-09-05,-0.008724813019335222,-0.00946448913209667,-0.011747404580013636,-0.00961993831369928,-0.001604615569630974,0.00018921152468493962,-0.0030869116562184918,-0.0006066878071868029,-0.007538113444384513,-0.009556437648520374,-0.011360043060005586,-0.008965323380775131
2023-09-06,-0.00417614715166231,-0.002026243944534603,-0.00889790386124445,-0.0039381308659102564,0.0014576500461318865,0.005955881953208645,0.0028733526481660027,0.0019165326580432743,-0.003237180952029944,-0.00209444283887827,-0.008246848104664306,-0.0033346936329169737
2023-09-07,-0.00017340816510796176,0.005094600487347182,-0.003098509793869519,0.0018970739432887952,0.007585107840102846,0.010327375312227025,0.012138786816814276,0.008061749192665247,0.0011196778357605054,0.005137743843744153,-0.0034701886569293923,0.0023667038106819664
2023-09-08,0.002637923536046847,0.003322146261770665,-0.00029549363152984944,0.0037012884913834496,-0.00505856760002702,-0.006218708249098763,-0.007976102810738628,-0.005852383790410732,0.0013551750133678688,0.003336217455125861,-0.0005741199495176557,0.0029489790340265372
2023-09-09,,,,,0.0036530195165871745,-0.00020261527247597875,-0.00019877941572648674,0.0024316282132222206,,,,
2023-09-10,,,,,-0.01358203824648161,-0.0077520496002172565,-0.006352811046986932,-0.013525978514249222,,,,
2023-09-11,0.002865687446399157,0.004254071080120084,0.008003079282143024,0.0032226469126076076,-0.033173901462008853,-0.024601658536806785,-0.026933132306305667,-0.031300929248684606,-0.0031409107050021797,0.004402011898281345,0.006789668475946147,0.0002884283553710701
2023-09-12,0.00230824385120429,-0.003019616338739866,0.0028707258674284743,0.0020141975122921177,0.02023627737002509,0.03207244063479666,0.04402114026412398,0.022820082240137003,0.005296249437674423,-0.003124278158568248,0.004454070517099894,0.0038364839978596394
2023-09-13,-0.0009672270966173916,0.00032666018615124117,-0.0065627656514374,-0.0004117470532791265,0.010910137712222902,0.010058890686462072,0.011316524134382472,0.011332252126534008,0.0010123337048559907,0.0003730276326439591,-0.006063495886087665,0.0005457283207012724
2023-09-14,0.012360870706178877,0.006743978059212859,0.012550341585722206,0.012365244619059712,0.015075647116377934,0.018577086881373512,0.02204305926633335,0.01566644929040352,0.012813333441212053,0.006323729312757387,0.01326962632997712,0.012755276710081326
2023-09-15,-0.010489077213557506,-0.00866765701721439,-0.01018060422607966,-0.009260315158292521,0.017594204754288658,0.004980664129999628,0.014977325734249697,0.015210135221146748,-0.005808530218916477,-0.008660074083786875,-0.008448983083180013,-0.0070973901665031735
2023-09-16,,,,,-0.0038962074747921236,-0.0038584305659871173,-0.004322312848495859,-0.00367398857981504,,,,
2023-09-17,,,,,-0.01639326751851299,-0.0032067847869383863,-0.008209144473287992,-0.01411975942505411,,,,
2023-09-18,-0.00024995003851792564,0.0018150554702125077,0.005317967053825887,-3.984922862414626e-05,0.01968908084512331,0.008356421839998612,0.01641654446161519,0.017690073719562913,0.0030732217754222803,0.001949444301028153,0.00622727931184842,0.0014997405218399294
2023-09-19,-0.0042135020148569065,-0.00025762814814145216,-0.004759978770094238,-0.0034084654259962308,0.011995626949226115,0.009528280889838543,0.01324177811762596,0.011541507347348436,-0.00151198052084307,-0.0002711474699509536,-0.0039850926546421,-0.002165115496692276
2023-09-20,-0.005264643861468341,0.002076103369554171,-0.0113896202037889,-0.0034699558329499363,-0.010665434056974475,-0.004974387252003559,-0.006595148202462309,-0.01039636041582011,-0.006164775560719365,0.0020371416815275433,-0.011261774582138818,-0.0040300303596157595
2023-09-21,-0.018588068789013295,-0.014023075534689605,-0.015806647748349282,-0.017286472769576903,-0.01980039929133833,-0.020312100945273016,-0.02354960587859191,-0.019343351712453397,-0.018790123872734134,-0.01418998140218452,-0.01672310924981517,-0.017482774872325607
2023-09-22,-0.0033341264056424035,-0.001310076589644401,-0.00512935632505421,-0.0033757847791822124,0.0012225372952483827,0.003058768398619705,-0.0005165899690182835,0.0012053040485547361,-0.002574682455493939,-0.0013516959949668402,-0.004975273493162335,-0.003024170136492474
2023-09-23,,,,,0.0025781426251764274,0.0012121625348307443,0.0007926018683437904,0.002874116856702575,,,,
2023-09-24,,,,,-0.013020335411775552,-0.0068134627096355736,-0.012096586601556773,-0.011975866838508632,,,,
2023-09-25,0.002086940375641444,-0.0025494248910603876,0.004292510524583274,0.0013210294015476075,0.00871039004850741,0.006127411633420214,0.010038490554238768,0.008086962870602277,0.003190848654452438,-0.002717306891508184,0.005045600313730802,0.0019247144313719463
2023-09-26,-0.012038678588931193,-0.006963329670425017,-0.010669969526992187,-0.01145559501758741,-0.003099137163124954,-3.10350312670992e-05,0.0035495119585754677,-0.0027279101111298827,-0.010548755017963485,-0.007020805918717271,-0.01036619309922754,-0.010775213648136219
2023-09-27,-0.0014106684457594154,-0.007421664661882798,0.003230788057146589,-0.0028837745071285947,0.009322785106952891,0.0057941963662209595,0.0237786519451854,0.008184775147134456,0.00037824047969263556,-0.007452927021537664,0.0049581553484693355,-0.0018727100948352296
2023-09-28,0.004051206390830819,0.001752937977605519,0.010419548131296478,0.0027761307135376373,0.02507332442056951,0.024491251830363842,0.030064990750055528,0.025010669615963838,0.007554892729120601,0.0017241216567081379,0.011573035556270688,0.0045520969878395864
2023-09-29,-0.001064597661618716,-0.003984827734799271,-0.010195111686133306,-0.0021028791025546924,0.005434094670924462,0.010968092998195945,-0.004253032540613161,0.006470025331455862,1.8517727138480408e-05,-0.003942942573365438,-0.009640113221947666,-0.0013160221460642991
2023-09-30,,,,,0.004049637744505442,-0.0004988843930146541,-0.00043002686097358975,0.004390454942223526,,,,
2023-10-01,,,,,0.02950824562609182,0.030443530506666205,0.020479851995623872,0.030245699785974363,,,,
2023-10-02,-0.014277794548844161,-0.005882556281593057,-0.0053481536307302905,-0.01455311163461948,-0.02263630601154587,-0.027260555656956478,-0.013409609941966135,-0.02436177890900085,-0.015670879792627778,-0.005780390428228148,-0.004113731774467008,-0.01541999627920415
2023-10-03,-0.008623840049693498,-0.00882817877228616,-0.012472007760628543,-0.008055624455953073,0.00018829581268208287,0.009872816857135463,0.004130741945658259,0.00048555047810953066,-0.0071551507392975675,-0.009065953357083965,-0.01480709740085727,-0.007187933129331411
2023-10-04,0.0014587619619191331,0.006577084763506819,0.00684287347682795,0.0019233391744425,-0.006274930158273262,-0.003243456597559843,-0.009335503045580788,-0.005839279531355109,0.00016981327522040047,0.0069822535567683934,0.007186796255475026,0.0012009197492965056
2023-10-05,-0.0018481504494788205,-0.015487232347508494,0.0024032718153803355,-0.0026388776671211946,-0.011059632702356848,-0.014314530572461404,-0.008386178501577177,-0.011277306471338976,-0.003383397491625158,-0.01581080404329732,0.0008403949926515603,-0.0035082466361514805
2023-10-06,0.010572819190709796,0.004698026585584136,0.021019107462637413,0.009494329589922735,0.009812111022711312,0.009711938649623648,-0.008193734481789049,0.010342091710329303,0.010446034496043382,0.0046411183100641545,0.02157371920295987,0.009406492706256823
2023-10-07,,,,,-0.004232898693495946,0.0015845291106127304,0.005791299042544085,-0.00340448184601147,,,,
2023-10-08,,,,,-0.004816313761426894,-0.0010223524772642583,-0.003906640118704251,-0.00417115196819495,,,,
2023-10-09,0.00876392630362377,0.002116000331368884,-0.004596222463368867,0.008710315629494288,-0.03092759364739514,-0.021180947057355615,-0.02762085723355607,-0.028978078619669622,0.0021486729784539545,0.0017013272870671865,-0.006507651318124254,0.005411420715521431
2023-10-10,0.008282561086268073,0.011367872099586441,0.00807361821691267,0.008160552449317812,-0.0074236072208691,-0.004570295352220151,-0.008088410698939154,-0.006282456575155687,0.005664866368411877,0.011297393795578516,0.00791434417838448,0.0069268585619061745
2023-10-11,0.003365157629009226,0.0016150900006607388,0.014334813490023064,0.003388465342202753,-0.008962957009541505,-0.00837367139114288,0.0003337811585499619,-0.008593841736373486,0.0013104718559174375,0.0019915425118504334,0.01430248845833615,0.0023350600314439437
2023-10-12,-0.008311144835865696,-0.004598779229083503,-0.009879499520825083,-0.008150991528067381,-0.008336279694453464,-0.011044620553114302,-0.009234077332833483,-0.008873280587391686,-0.008315333978963658,-0.004727061302140594,-0.009993328117406166,-0.00829509443465803
2023-10-13,0.0011147766253742544,0.0028841346403678117,-0.015635423809493544,0.002375670871917873,0.00703169466928315,0.0062434636555341,0.009806603615186354,0.00679740772568433,0.0021009296326924033,0.0028831043438108193,-0.015859092113253127,0.002796339460117778
2023-10-14,,,,,0.0015492963973016472,-0.0010544372559156533,-0.007211534037964538,0.0012442470877181725,,,,
2023-10-15,,,,,0.006085723990029368,0.011051079548423763,0.013771369277498348,0.006548308636105099,,,,
2023-10-16,0.01005749232970492,0.006844638139404695,0.0025845299571866363,0.009458826380783929,0.029826719180017006,0.035377326108205584,0.041672300753267985,0.030160768371672086,0.013352363471423599,0.007026346831913303,0.005135122567883976,0.011300219356934956
2023-10-17,0.002793269700487219,0.005271976578453757,-0.003183898763276769,0.002893539558129818,-0.018865643579989568,-0.009044456179414979,-0.009073810856301517,-0.017044171145985876,-0.0008165491795922449,0.005166679253311252,-0.002744085596280255,0.0011768389078013147
2023-10-18,-0.014298523672335571,-0.006055289110589174,-0.025656437241900847,-0.012922338669247264,-0.006922478049449166,0.0009540263750693408,0.005485359577992312,-0.00610040136338168,-0.013069182735187835,-0.0061276110498919316,-0.025401090872277,-0.012334515295291651
2023-10-19,-0.009313396223776079,-0.00549219100274867,-0.007706439675875154,-0.00917240826245443,0.017096205176686596,0.00872365445406237,0.0062159384154590195,0.013617276198152261,-0.004911795990365633,-0.005727715870304253,-0.00711839447166093,-0.007146220266043411
2023-10-20,-0.008972743882415861,-0.00015634032644024336,-0.00671001811134966,-0.007292712755034173,0.02151512776330269,0.02248973593631516,0.024440431568882353,0.022431878531143336,-0.0038914319414627696,-0.0002822328337816534,-0.006477054321306422,-0.004867956384663685
2023-10-21,,,,,0.018699108965846388,0.010517730213581343,0.010267397779741814,0.017842513428337564,,,,
2023-10-22,,,,,0.00468562831336562,0.002622719130923188,-0.009197718108095903,0.004857969167039548,,,,
2023-10-23,-0.00659698441956091,-0.0035513039203912953,0.010334345690718416,-0.006671074499924882,0.057254370553528625,0.06358600682688788,0.036447469730828574,0.05833076811667665,0.004044908075954013,-0.0032121647512782635,0.012623893265630506,-0.001317437997760692
2023-10-24,0.010865236461424664,0.015882922506683602,0.04007241742195889,0.01110619850198915,-5.517032091718671e-05,0.01286344014038198,-0.010130792122399979,0.0020493952897395,0.00904516866436769,0.016180862148476548,0.03943656272940542,0.010349606905669839
2023-10-25,-0.012071946699170874,0.0005524742725585062,-0.02126723681662842,-0.009592832178418954,0.003641279162773314,0.01127102037932202,0.011466543494222272,0.004989376474189704,-0.009453075722180177,0.0007820886142876907,-0.022040869193970407,-0.008209564277714495
2023-10-26,-0.0020912306436232254,-0.0029722759053181884,-0.01781206771907405,-0.0015332050098545128,-0.0004957256077606444,-0.003390262237162274,-0.013050748142457104,0.0003263640611984984,-0.0018253131376461283,-0.003062330489311183,-0.020013591920155758,-0.0014717590540870504
2023-10-27,-0.010091752733279386,-0.015472832016321072,-0.017232367044882315,-0.012365393017178575,-0.01083655687974755,-0.003784926437139438,-0.004598654001417892,-0.00927108690001548,-0.010215886757690747,-0.014927934774423555,-0.017034644109081815,-0.012140956704023041
2023-10-28,,,,,0.012065201809833436,0.003939582150887447,0.012473148299189052,0.01088314004359285,,,,
2023-10-29,,,,,0.012478492769189997,0.00999441212555749,0.005744426572267597,0.012046569687334582,,,,
2023-10-30,0.010000411649502996,0.006204007286716418,0.02309743414831658,0.009294798148223527,0.012115615043815276,0.004513980070832231,0.0049448264471950885,0.00996000264426072,0.010352945548555042,0.006003453679799403,0.02443891733533276,0.009436857247828665
2023-10-31,0.005876567388702727,0.006083384282602502,-0.013167440622848529,0.005467953966784099,0.009585151462079566,0.008252513893342694,0.009522197889695936,0.008695532449902926,0.006494664734265533,0.006108511713118147,-0.013634946512682076,0.005856985919322411
2023-11-01,0.004883111660390648,0.004612035821943869,0.003624679210249146,0.00457756735771596,0.020423321832506593,0.024085048416542725,0.02294932260796015,0.022165962080173053,0.0074731466890766395,0.005364590640759466,0.0034467174778669814,0.005771303961922215
2023-11-02,0.025794960167503007,0.014269359818272183,0.01130617489253421,0.023533569801997275,-0.010673215464948316,-0.015755721187878637,-0.015119866940811614,-0.010351552177123004,0.019716930895427788,0.013851165668137651,0.008149829010977919,0.021077828133303753
2023-11-03,0.012794021607402126,0.0011565334424620817,0.014682628683781621,0.010823832976264032,0.005687092970192598,-0.00400476710537425,-0.010276489374050304,0.003592195987205348,0.011609533501200538,0.0009166535980012355,0.015371623836598796,0.01032953233989838
2023-11-04,,,,,0.00926673148983166,0.00911487436147222,0.007839025430368093,0.009347387768743894,,,,
2023-11-05,,,,,0.022180669055755532,0.007487111154056501,0.0005339994979086665,0.019345420817900014,,,,
2023-11-06,-0.004456576056500964,0.0008895029556760673,0.019658227291924436,-0.003760109945359893,0.029873216562228896,-0.001135647137673669,-2.4646873642817866e-05,0.023464843991050133,0.0012650560466206794,0.0005942359653077654,0.020431301557290314,-0.0015380425522125575
2023-11-07,-0.0037390629774691317,0.0016989521717716751,0.0026050440738878355,-0.0035207535016643886,-0.015245608939161114,-0.0024727383097985544,0.0008525501403188814,-0.012558845434447671,-0.005656820637751129,0.001530841736785514,0.003443120429434371,-0.004310812835672286
2023-11-08,-0.0011798844009914004,-0.001142169459907352,0.013000003367212477,-0.001544656421203697,0.009123363828995878,0.008966774705741688,0.011411878531728146,0.009599617483487193,0.0005373236373398129,-0.001907062718256485,0.013592057752775718,-0.0006906204931054664
2023-11-09,-0.008903880726641446,-0.009962643789984255,-0.0025809948163545322,-0.010041585306618871,0.018942521337077956,0.04850144657272462,0.011930809765157535,0.02951795647305583,-0.004262813716021547,-0.010324030645010232,-0.004655033490795218,-0.007622216130213566
2023-11-10,0.010646732594233557,0.0051491934083718865,0.02160693787001418,0.009192141022463834,0.01611912776409111,0.02763226617374573,0.04031775167872033,0.019537624051124206,0.011558798455876484,0.00545532367772927,0.020771146912347965,0.010123551682434746
2023-11-11,,,,,0.00038478683348709415,0.0011136467105318545,0.003509870298728678,-0.00020216508806232292,,,,
2023-11-12,,,,,-0.0006957615929076177,-0.0003141031971617974,0.000763013950166751,-0.0004591340719875065,,,,
2023-11-13,-0.0011335907036108964,0.003122086882426975,0.003542016375562003,-0.0009285729282308443,-0.015109750322123416,-0.007538484193489556,-0.012552901145619542,-0.015267381031671592,-0.00346295064002965,0.00250167149203809,0.0018555204694606436,-0.0021938860954862738
2023-11-14,0.02459404341561296,0.007491490010051131,0.014827449075559954,0.021656134719988757,-0.03211101876751308,-0.0370538068261703,-0.033255244268715435,-0.032151722743819104,0.015143199718425291,0.007801959732933142,0.01385369106539974,0.01774758242497153
2023-11-15,0.005349194798091736,0.0036948735426899845,-0.007289200210425766,0.0046580439781361465,0.04185776999454001,0.03979975961627549,0.03997521149761912,0.042851510999790454,0.011433957330833114,0.0036181004096048916,-0.006023741798944204,0.007698992493306274
2023-11-16,0.000763167978912289,-0.01499775196846587,0.006295492857459732,-0.0004741017867851459,-0.0333948653714404,-0.0351808528888276,-0.029102271554395685,-0.03333513132787652,-0.0049298375794798255,-0.014287918755640746,0.010616109524630706,-0.0030224870194369316
2023-11-17,0.0031683198127045098,-0.00027249434103770727,0.003380310652257142,0.0025857984780850367,-0.001351106118128609,0.008626816244847312,0.00831164015917754,0.0005817830395288687,0.0024150821575656565,-0.00018690940168020176,0.001983704463383515,0.0024164561252919907
2023-11-18,,,,,0.0010200089476241625,-0.002259248820071338,-0.003931537359445482,0.000901505293279585,,,,
2023-11-19,,,,,0.01752721150821428,0.016390822830947206,0.01324489050375327,0.01733836532446236,,,,
2023-11-20,0.004432305553655234,0.0033878548280791222,0.006921542953114393,0.003951351409989843,-0.012497110479452678,-0.00672435098216535,-0.011238741355176498,-0.010975631789386917,0.0016107362148039155,0.003013997824293049,0.005688075376665146,0.0025966579324466165
2023-11-21,-0.0023448833096139056,0.0037843527539700925,-0.002914415095107544,-0.0013603876172319342,-0.05277398882146188,-0.045158511694572266,-0.045722782730424405,-0.052362906420293856,-0.010749734228255231,0.003727917916164812,-0.006378299972459357,-0.005363496514107505
2023-11-22,0.0017220553186484743,5.9454719831609274e-05,-0.008346028850356185,0.0015806220487195293,0.04727342608349422,0.054078893762268904,0.04655538197892663,0.0489010947301687,0.009313950446122763,0.000618710373517337,-0.004505397226669783,0.00528092296761513
2023-11-23,,,,,0.003197785503091077,0.001719719753940696,0.002704923758729546,0.0027271128965274433,,,,
2023-11-24,0.002442867504645432,0.004483740966998701,-0.0019754706978115243,0.00262819043729372,0.010683066717420787,0.016322164545530045,0.017136232563320326,0.011927480129251503,0.0038162340401079907,0.0042658070761547855,-0.00200204189938661,0.0033915440096703793
2023-11-25,,,,,0.014944736662485992,0.01614518355746125,0.018736489401151128,0.01545031996331125,,,,
2023-11-26,,,,,-0.010789537345764112,-0.009087230510794301,-0.007877165267787018,-0.01083101496988145,,,,
2023-11-27,0.0005314905739881359,0.0003351076027143745,0.0029630784324187836,0.0002286032011402791,-0.024229064196371886,-0.02773797077814358,-0.028153959556619212,-0.024988528234685354,-0.0035952685544052006,0.00034145897785587277,0.0012453326637733716,-0.0017949824433626535
2023-11-28,0.002042655700020208,0.00026362703141777225,-0.006048114109751484,0.0015729484251038425,0.01087535974875631,0.011646036274932322,0.010870633284072626,0.011195178833579058,0.0035147730414762245,0.00036228921426175896,-0.006444935744915725,0.0023673432166943517
2023-11-29,0.004678034968830294,-0.0021318302800207895,-0.0005833084378068803,0.0036931044156381827,-0.00156338881621233,-0.0008168830562406701,0.002379877966707011,-0.0016743277673140495,0.0036377976713231892,-0.00214532887966044,0.000196183621743084,0.0032804486109167742
2023-11-30,0.006384512229031318,0.00878052683181836,0.0066412689161082835,0.007491075602902615,-0.003735138334125721,0.002135664119377465,-0.0027322515632867057,-0.002826754772285169,0.004697903801838477,0.009058860620495405,0.0059028240437477356,0.00664756472751857
2023-12-01,0.009225927380084266,0.002878706958719972,0.0017962699578310739,0.008637603949402725,0.01645782673107902,0.009775114009119543,-0.00114418827390033,0.015957071559950093,0.01043124393858339,0.002941452343944112,0.004211279806423084,0.009434505811969232
2023-12-02,,,,,0.01966302971088343,0.014036343540727662,0.0029991535887271084,0.0200223822357062,,,,
2023-12-03,,,,,0.004459218640063989,0.0059599323346707055,0.00023653674888660952,0.004841516173905247,,,,
2023-12-04,-0.0018134092183667125,0.0016324796263567198,-0.012995897261761674,-0.0008547579020733145,0.02434106799439686,0.023939045169579752,0.013768611918129815,0.024151079963759137,0.0025456703170938827,0.0015267632433112013,-0.004581530467289324,0.001503994992345722
2023-12-05,-0.005261485729965479,0.0020267970338311687,-0.0021671878203444756,-0.004111457245174231,0.018389489538105593,0.019726148262455116,0.0018717502201384883,0.020893321006789544,-0.0013196565186203008,0.0013542278907868182,0.0024077915040937657,-0.0023289988836865437
2023-12-06,-0.0007160063436409096,-0.0019146498131693015,-0.008124258011161145,6.104908421951177e-05,0.001323715687506553,-0.0019533415342883214,0.007964826108963928,-0.00040719225385400315,-0.00037605267178299846,-0.0008510767501767035,-0.009078952669093905,0.00020208194063275415
2023-12-07,0.004900293951280299,-0.0006365689919634079,0.005833506419761903,0.0031000142620599617,0.02423427798230167,0.004012629480296995,-0.005079468487068116,0.024211276794437745,0.008122624623117193,-0.0005222243105764282,0.005293625619896253,0.004747512772550425
2023-12-08,0.00322869369613636,-0.002341060090118627,0.010212294384020272,0.0023708240383531775,0.04694566876400497,0.018460130653201713,0.023766004526379364,0.04284111610877978,0.010514856207447795,-0.002231525200784408,0.011386078692557061,0.0059692686632116885
2023-12-09,,,,,0.006388985528143444,-0.004839007844538632,-0.0012046692356475854,0.006118849211627387,,,,
2023-12-10,,,,,0.0019439946326410106,0.006527140480746024,0.009238583169695029,0.0029023442145126995,,,,
2023-12-11,0.006783475745804727,0.006924933076345739,-0.0012549113932574774,0.006676432077974716,-0.06588507928304639,-0.04728049076002733,-0.04096761963196082,-0.06295429269862118,-0.0053279500923371255,0.007247708324532545,-0.00772628092602812,0.0005575724651304911
2023-12-12,0.0007978025859253553,0.00451489097961128,0.016925411799348464,0.0010651245128139321,0.006350064513168773,-0.0009123052088063498,-0.0006941717502610185,0.005954085526277357,0.0017231795737992592,0.0048160573095542,0.016091623861113867,0.0013890834692593225
2023-12-13,0.020902411458579087,0.014826403991112295,-0.0009670992527161214,0.02030940592607413,0.03016846894188363,0.019502251831924597,0.008898437773557847,0.030676805571131203,0.022446754372463174,0.015343084935671979,0.001428932868904311,0.021373924674885015
2023-12-14,0.01449340725484245,-0.005142535236937293,-0.006373544340798246,0.01078414503714301,0.0058804058603049054,0.013358848998924481,0.0148391781071998,0.00650642070246459,0.013057907022419529,-0.006251969437939597,-0.007256960029387427,0.010796996201150724
2023-12-15,-0.003011783157942525,-0.004805627812232951,0.00935347043787086,-0.003970023919673201,-0.04007389396266611,-0.03635402444908603,-0.04066056863044242,-0.04027377127093932,-0.009188801625396455,-0.0052164794149441775,0.004634537749265779,-0.0071649036773334725
2023-12-16,,,,,0.01889895317922652,0.008808225054863887,0.011438184086417622,0.018349796624368118,,,,
2023-12-17,,,,,-0.01908536977025386,-0.012406191367513744,-0.007761422106304901,-0.01862247556700839,,,,
2023-12-18,-0.0013770380177555875,0.004058401651689675,0.009069706125627259,-0.0006056227595322592,0.0026682168001951447,0.006081479802742081,-0.007776716933744974,0.0036527975348334143,-0.0007028288814304655,0.004347272147897643,0.011628293977932892,-0.00042411217719635365
2023-12-19,0.008156436334441006,0.0032857346309687323,0.010234300555588043,0.007250215316986538,-0.013889862746785242,-0.007576558796549177,-0.004108403279823842,-0.013375786270757889,0.004482053154236632,0.002590396487960408,0.008038020666079865,0.005505419657079386
2023-12-20,-0.01475297813585756,-0.012830446839472964,-0.02062894156064885,-0.014146040240434959,0.01919465039816033,0.023154908245747292,0.021857781052025092,0.02001012446024825,-0.00909504004685458,-0.01318361244040775,-0.014681563533203277,-0.011225119469912517
2023-12-21,0.008160532810200164,0.007408428581103049,0.022188711645741932,0.00758200675022519,0.028038946398433566,0.014092385752468921,0.0180310939687963,0.027344862445098414,0.011473601741572397,0.007245179583914758,0.02025735795587062,0.009192544001052419
2023-12-22,0.0019599641329174915,0.006095731658269687,-0.0005198497386566518,0.002987629453252958,0.017659209009807143,0.010085748907256812,0.0051962372692352515,0.01744615147648918,0.004576504945732434,0.005961169349047752,0.00026228831993414727,0.004034011800913985
2023-12-23,,,,,-0.009033084431587101,0.004348333972244647,0.012311567913834453,-0.007250210482669567,,,,
2023-12-24,,,,,-0.017737058550317875,-0.010631209047970805,-0.00517866834257898,-0.01769915437757745,,,,
2023-12-25,,,,,0.03047235648036244,0.003060053056111199,-0.001611998495209212,0.025489343994209,,,,
2023-12-26,0.006506457589898613,0.0028540091794575255,0.007049219634294638,0.005392736067823227,-0.022479580266228292,-0.024771227575300498,-0.026784341905497094,-0.021848450974343202,0.0016754512805441284,0.002623369615063071,0.002880231460113648,0.00306187586197406
2023-12-27,0.0014553578874705298,0.0033822478650817186,0.0032648264070501073,0.0017406697259876405,0.05254635573080771,0.030137074221719223,0.028745886514468477,0.04884460084104926,0.009970524194693393,0.003251020654102741,0.00895146715791178,0.005883994160423387
2023-12-28,0.0012242203691481567,0.0022545975231647777,0.0008817805417601987,0.0016387394231350467,-0.00840828058475297,-0.007702378992357178,-1.8739812323603797e-05,-0.00976782189422461,-0.0003811964565020311,0.0025503089805067815,-0.001132811471990081,0.0007214791331120516
2023-12-29,-0.0030351187391592354,0.00012909682096905217,-0.002907979253319893,-0.0023332149937503955,-0.018570001800694725,-0.007291994234425934,-0.0015720937087790575,-0.016331094507512037,-0.005624265916081816,0.00031090133232855463,-0.0043639097876357995,-0.0037400347291285043
2023-12-30,,,,,0.00732226086147536,0.0011484930635376422,0.005641708114068151,0.004339442357140024,,,,
2023-12-31,,,,,-0.011748167139113263,0.00779954644009921,0.012166318022087307,-0.0076154504540256705,,,,
