,equity_equal_weight__base,equity_equal_weight__tilt,equity_min_variance__base,equity_min_variance__tilt,equity_max_sharpe__base,equity_max_sharpe__tilt,equity_risk_parity__base,equity_risk_parity__tilt,combined_equal_weight__base,combined_equal_weight__tilt,combined_min_variance__base,combined_min_variance__tilt,combined_max_sharpe__base,combined_max_sharpe__tilt,combined_risk_parity__base,combined_risk_parity__tilt
2020-12-31,,,,,,,,,-0.011734631048652775,-0.011734631048652775,0.0016054924524870656,0.0016054924524870656,-0.0002570361818874505,-0.0002570361818874505,-0.011442011112451696,-0.011442011112451696
2021-01-04,-0.014701064199660194,-0.014572042717873605,-0.007194914609721894,-0.005279066151521119,-0.01478353237260165,-0.013813324799408496,-0.014453171945196935,-0.014050867300685038,-0.005557421460846824,-0.006883248229861933,-0.004659655726745145,-0.0029796509047528633,0.0061579153391777604,0.006050313122363262,-0.008907310180526823,-0.009489228905187183
2021-01-05,0.012674408604811125,0.011919000461164043,-0.0010629940585023118,-0.0016613152604322838,0.011027279802643996,0.011757342962501915,0.008939421462187817,0.008292131601111839,0.01812037653999204,0.016701865667623814,-0.00010034557877026914,-0.0007775241106671503,0.0618435639948187,0.06086396798879642,0.01269854335561247,0.011498672882858448
2021-01-06,0.013264430714510802,0.012762059043620806,0.0004377465288468616,0.0010077412572028022,-0.02423074010092818,-0.025914554588396525,0.010643394034967432,0.010356194722140628,0.040182477161079845,0.03594024999908125,0.002202668540911057,0.002861267908649767,0.10400830972512314,0.10001968272033218,0.02729707604770869,0.024390442387778443
2021-01-07,0.009679796812702828,0.008949284663446319,0.008049290823998283,0.00645473470017851,0.034075631234092546,0.03541262893707435,0.008534463071311255,0.007758209393563528,0.010143704534638191,0.009452012110703813,0.007603676318120618,0.006165317793549068,0.048911836440885786,0.049118065971543626,0.00918624092308689,0.008386064349572106
2021-01-08,0.00286576936205043,0.0030039188195504635,0.0020449293408079093,0.0019377613721121582,0.006458352608304565,0.00576439110539807,0.0035526447096971107,0.003644907117162736,0.001220860711885404,0.0015721728522843348,0.0002873772943139026,0.0004240340162815911,0.01949750117788211,0.01890218316141009,0.002369595035269458,0.0026165882123769767
2021-01-11,-8.806647741709266e-05,0.00010361759513454507,0.004521418752779453,0.004615505424181978,-0.001718907812575931,-7.932059784509712e-05,-0.000819200932939386,-0.000500966187601418,-0.02152422578249631,-0.01832449960537081,0.002308785983954735,0.0028760176909021266,-0.0658793812502739,-0.06364174720909627,-0.014784533220389934,-0.01224548309177802
2021-01-12,0.003012843574414887,0.002424470857868755,-0.0026103495243498037,-0.0014380644306213593,-0.024664668210248836,-0.023698397544128197,-0.0004105862889272352,-0.0006581117401662393,-0.0006109898860971223,-0.0006020339268100272,-0.0014990154973146823,-0.00044916601989167677,-0.03563253393803775,-0.03501591693979204,-0.002608411417219328,-0.0024611977279015173
2021-01-13,8.709165777319482e-05,5.12067431482477e-05,-0.004095897089568319,-0.004309624122593709,0.0009543208904150045,0.0010555184058965881,0.000753957277248363,0.0006227028729081622,0.013803567861465397,0.011830496384838492,-0.0036853354912541585,-0.003921943285933259,0.07894174466534408,0.07708363267839348,0.009589172132419626,0.008029740289818602
2021-01-14,0.003088648294878564,0.0023335968489124298,0.0001731088667268169,-0.0009665500082680796,-0.02162848472747625,-0.02123435778789496,0.0013257876211578872,0.0006885160379499137,0.005860779073975743,0.004821202355296877,0.0015683266546721259,0.0005721119243997081,0.03758331278735965,0.03605750617350572,0.0037001150226080594,0.0027806473469930123
2021-01-15,-0.010835450462099163,-0.01065188765648065,-0.001825727723349963,-0.003369888702640613,-0.0022564881712676048,-0.0039051831377916297,-0.007251864979690026,-0.007303797817309172,-0.015495323336940953,-0.014678161190214672,-0.002830274981243809,-0.004043940445809257,-0.04906985569575008,-0.04848195504851106,-0.01070375082162267,-0.010187162185891952
2021-01-19,0.00728379663203324,0.0072128270443576935,0.0031457191036556695,0.0022675512317864737,0.017043908031893703,0.01708633564316561,0.006432558401178513,0.0063529061064646775,0.007634480717274238,0.007524005863174283,0.00605987138690562,0.005199851034293768,0.005960337652990265,0.00613066988044556,0.006886631553589805,0.006794108051742263
2021-01-20,0.007972222095949907,0.008198677968920372,0.008276628877599335,0.007916506368127157,0.02564623287591201,0.02523976978141042,0.00920415857381803,0.009293677523041208,0.005661901921990957,0.006183112388989226,0.011267362730743847,0.010391502060549083,-0.003816279413936462,-0.003070781350946729,0.007698946568419243,0.008029637739469212
2021-01-21,-0.00735487307514049,-0.007044166964845824,-0.007003447698292142,-0.00671158249418681,0.0057161534652438225,0.007514792017672711,-0.006001635863623912,-0.005817808972640181,-0.02779127793435051,-0.024631127852996506,-0.007856607397711449,-0.007492154212117388,-0.11355092081388962,-0.10985522014464129,-0.01955236729835037,-0.017224932855708072
2021-01-22,-0.0028008371292316966,-0.0029751809264937164,0.0010893728172400683,0.0014451067249428903,-0.0050720438533417775,-0.00538216501272522,-0.002460138632831004,-0.002587444198897155,0.007759507727108146,0.006114709821152616,0.00030434381065917547,0.0008725246245610556,0.061073435384708594,0.059298624248737816,0.004404302851427511,0.003202889177482717
2021-01-25,0.0019324605381932259,0.0017008797731649008,0.0032124695377348973,0.0027595437138753795,0.0009048350200927839,0.0008343648282197957,0.003120364399636492,0.002837920281231079,-0.0020777196750773348,-0.0017083079074367985,0.003332911523579173,0.0029615209634567792,-0.008450597121406882,-0.008348412185330044,0.0005124789406224593,0.0006976850566565657
2021-01-26,-0.005039220682649927,-0.004942707684036438,0.0007965763478469938,0.00110167009306382,-0.010229017630975008,-0.01044549640135072,-0.0032966261198824416,-0.0033397376206851922,-0.004617090510871493,-0.004594160933908556,-0.00023324106981738148,0.00018912092875813467,0.00416958850483743,0.003671552338932847,-0.003312389497560616,-0.003365667333412003
2021-01-27,-0.02581577840422142,-0.026372637671057436,-0.02276292695974473,-0.024078617233352584,-0.04339401296914814,-0.04337255445901264,-0.025303570276499144,-0.02584541096876715,-0.03390197079643124,-0.03323411792182945,-0.021549853811877066,-0.02287913303830106,-0.06269377689744211,-0.062090202360438454,-0.030493546701224228,-0.030135634076072077
2021-01-28,0.010643214962448225,0.011009635138147506,0.0006718794726338358,0.0017334922405639222,0.02222739126208787,0.021255109989474774,0.009823680975326531,0.010187237569229915,0.024511344724528247,0.02286154733015157,0.0006540462639973519,0.0013451460195231335,0.08689329551066136,0.08501614722462511,0.018682183695516223,0.017545243854921105
2021-01-29,-0.01479378312667068,-0.014716721731714231,-0.013027860953422258,-0.014535780975082409,-0.00596023478075059,-0.0058699490924162614,-0.013137658707110436,-0.01324132055004219,-0.0076170751428229,-0.008567295736537722,-0.01171452121933504,-0.01328662039452047,0.021024877972129315,0.02039468887333449,-0.008357354625785188,-0.009186484633859382
2021-02-01,0.008517686014717273,0.009247674502567037,0.001285950543437697,0.0010467118090231498,0.014290328732163987,0.01604758178513281,0.007923436569336506,0.008571434191884324,0.010204431715737181,0.010802507364027639,0.0013463995724185193,0.001047848763464799,0.022660787180008343,0.022594128656250136,0.008900117886361683,0.009466387338172094
2021-02-02,0.017473889706152945,0.01717533379433059,0.007654119908053253,0.0074535563268942505,0.025541336740384186,0.02502615206348839,0.015943897566278866,0.015663217947686433,0.0214035617840536,0.021185343304976203,0.00718120421686614,0.0070893780712253515,0.051117342436031,0.050596288831256234,0.018393447508735263,0.01819161818950923
2021-02-03,0.0019027846101926735,0.001735567276648033,-0.0030385318642877973,-0.002361091355967143,-0.011750135452588397,-0.011055538876168535,-0.0011602322794912769,-0.0011258032291693526,0.009427809957152509,0.009346498933488746,-0.0037776422247384474,-0.0028673409090113375,0.03693526103200215,0.036182536872324894,0.00389480601528613,0.003996860122914631
2021-02-04,0.009138734300265725,0.00902520707113026,0.0017417945632215654,0.002006361078952415,-0.012781537839221183,-0.014299324834184526,0.007963781754790154,0.007939189671815929,0.004677017929212064,0.004548273284608957,0.0011920190953665488,0.0019216514639281467,-0.016288128458318268,-0.015779469987278923,0.004974018152692517,0.004969645870345609
2021-02-05,0.006317001689045663,0.005992001045507848,0.008862314772892989,0.008759469698960529,-0.005034376515167593,-0.0051598132980335875,0.007000712050301002,0.006689711828947014,0.01929836944865081,0.019127701161176798,0.011622118848734101,0.01105298040594013,0.03393178507559853,0.03317836822454292,0.015261256121257356,0.01502176946015446
2021-02-08,0.013036997474039065,0.012717701861114419,-0.0006815300324404638,-0.0004221259592081213,0.030689571004516365,0.03193918995926528,0.009572066608812923,0.009282833659266687,0.024349974909302272,0.024171233528026092,0.0012973934805650899,0.00114998820353298,0.12190443383774532,0.12072745019240921,0.01772100920615524,0.01751933870540177
2021-02-09,-0.0027438667563593655,-0.002210002859232243,0.0025313812565515422,0.002505477747019289,-0.01892471654648649,-0.01747916446776477,-0.0024068658679153227,-0.0018866004005205974,0.008633479616969735,0.009165106488851497,0.001289837685410726,0.0015192008541289373,0.0016536130000042015,0.001398809248367869,0.004971482186946928,0.005513447965936065
2021-02-10,0.0014557026145883098,0.0015713054188702079,-0.006922729542132458,-0.006974603152295613,0.009429708808895876,0.010888949757849573,0.00019119087440095707,0.000343336258382626,0.008348949512855613,0.00849810512560508,-0.006851754285866704,-0.0069168641118628965,-0.002714919119427053,-0.0019985832976130323,0.004077512307438585,0.004251254856688422
2021-02-11,-0.001030383556659906,-0.0009451338449370398,0.0013266220221010187,0.0010782578944967692,0.008507181962197923,0.00954615384789095,-0.0008318525559901737,-0.0007980958682977607,0.012119537999230361,0.012291514785332457,-0.0010265630854958566,-0.000856213292370211,0.06070785214830092,0.0601512454232489,0.007654530324824704,0.007787982139348267
2021-02-12,0.004467629428637099,0.004054723757154459,0.003466158084925927,0.003419980147707186,-0.0007252936309878828,-0.0012252517537799897,0.0037764056144795367,0.00338846637112486,0.012771234706878482,0.012491480688277755,0.0038291311901034165,0.003646259557417381,0.02247993455264323,0.021687059140462782,0.008633700640278706,0.008329152031904282
2021-02-16,0.0005560289992204572,0.00048757085614454187,-0.004713145515225295,-0.0045123264506101955,0.0008652818320867153,0.0021222796342490547,-0.002229451321145366,-0.0022095417558367827,8.878331594455713e-05,2.823220091214575e-05,-0.007002127681377571,-0.0064949315951917976,0.01677821935370561,0.01691793687683843,-0.002307498426057565,-0.0022637739385213563
2021-02-17,0.002470031678470779,0.002424377560139276,0.01088579885307357,0.010881558705312424,-0.015065290553478248,-0.015894277949533377,0.002871935559338367,0.00287183462265016,0.009077872795865008,0.009090661087509085,0.008655421753405251,0.009184110268463448,0.030230986453621565,0.029119148009250063,0.007163017507416758,0.007223075884637207
2021-02-18,-0.005919355778125219,-0.0056511256312520184,-0.01630390445144312,-0.017025746138347533,-0.001205569777214538,-0.0015022000419207737,-0.004280494034765239,-0.00411941422437563,-0.004446512107421032,-0.00421201310907945,-0.01345698363677352,-0.01451317592508413,-0.0025160120809609786,-0.0025627878520075335,-0.0035688445585467616,-0.0034392092791029746
2021-02-19,0.0011058595895655542,0.0007969680486011985,-0.006780403291380054,-0.006532215344568511,-0.00025661178720205025,0.0004105592543891345,-0.0016650944534986366,-0.0018728658124838179,0.00908485215560188,0.008889149033560827,-0.007198235348364599,-0.006871257196756455,0.0497400094463999,0.048901111990169,0.0038604610488428047,0.00375095592208573
2021-02-22,0.0021419187071920528,0.0013163402426347548,0.0017987472491542927,0.0020336660509360366,-0.029331449928453695,-0.03014810243260541,0.0004718220211788048,-0.00014508377131120507,-0.008683328312674092,-0.009453434712215044,0.0014475925815374696,0.001526822460533628,-0.05521890993516578,-0.05487373227552114,-0.00652968859610652,-0.0071423346531042245
2021-02-23,0.000247470338147786,0.0003913565510104297,-0.006831302822457482,-0.006693186001937432,-0.011814645957980978,-0.012159166218263741,-0.00031222315474388777,-0.00012112338543373129,-0.026107713165073612,-0.026190506570213518,-0.006936598704250524,-0.0066326464719740925,-0.09254452068313482,-0.09103831955310433,-0.0171274908556013,-0.01708989669257391
2021-02-24,0.014576435503532909,0.014168162043039683,-0.0037310918638470093,-0.003702574060498172,0.018085754378933484,0.018617816600712527,0.010079953929668033,0.009767029439230517,0.018758703010906316,0.018451134707270236,-0.002943306533618144,-0.003000989418423626,0.0270636637838681,0.027017397956158616,0.012953312048768838,0.012717882892733845
2021-02-25,-0.018364899811465815,-0.01826958864467078,-0.008287093680664496,-0.007991884616799557,-0.04088450138635272,-0.0435618879846794,-0.016001218235688366,-0.01585344242016588,-0.02413005959171149,-0.024095055406136406,-0.00845797751237234,-0.007994009287745914,-0.06404213437462125,-0.06436851572566862,-0.020023039257647857,-0.01993031710330366
2021-02-26,-0.012928311779984667,-0.013001334546760864,-0.018534148586143925,-0.018767074866421825,0.011623944649574695,0.012587898098549474,-0.013076681153764976,-0.01323142370290054,-0.010366431104046593,-0.010407504295155271,-0.01851509937778819,-0.018595075221817494,0.006846933725860526,0.007295637764195136,-0.01193086990538428,-0.01203785845566084
2021-03-01,0.019963326496913788,0.019075375721986372,0.00788751733166828,0.0076684780299236905,0.016760151378192516,0.016656809921714966,0.018177044110377977,0.017315313957772516,0.027648109503017663,0.026937233548072592,0.008320157642174005,0.008040857651592938,0.05112268661821256,0.052094790639861666,0.02322753303612376,0.02245391100420836
2021-03-02,-0.002791341663546041,-0.0027481745369056024,0.0005143482053132356,0.000553101916614787,-0.009947257497043609,-0.009748755537962273,-0.0021936370947620433,-0.0021426048164685527,-0.004995095667853329,-0.00496754095864398,0.0029299003752168993,0.0028390452386115234,-0.022631000046668258,-0.023265276811080583,-0.003380737120465927,-0.003330955566715146
2021-03-03,-0.007037085444928419,-0.007352703774969048,-0.008661463623008587,-0.008796409738551848,-0.022064591458465396,-0.02263899941592249,-0.009105891950714984,-0.009434300120849814,-0.00033320893871828755,-0.0005704998046082142,-0.011111682641064088,-0.01118538088931574,0.01560100049723008,0.01635269725577965,-0.004677127624947475,-0.004967276993374332
2021-03-04,-0.007899217627752664,-0.007445362756588223,-0.004901651727589347,-0.004786359758556572,-0.019454564524063328,-0.019857328312125673,-0.008332767844492012,-0.007981374996410847,-0.009153766461762134,-0.008780618597960473,-0.004634795357467087,-0.004497363415502836,-0.035721159685211404,-0.036601976673811154,-0.008944613338702615,-0.00862930463825305
2021-03-05,0.017580768996769722,0.01769106409624892,0.013983212202894462,0.013993803918449663,0.015584926190525976,0.01478596956218848,0.01714431327789244,0.017131051994278716,0.013226334721981786,0.013301598378878544,0.014072742898121264,0.014072184199204127,0.02014824488113037,0.01984980479470616,0.014496582797551253,0.014485010235645324
2021-03-08,0.0018204582191550921,0.00159119232656159,-0.00014539546046482815,9.04360352017618e-05,-0.03230997090975343,-0.03297770183683731,0.0015349834250005334,0.0013620776218892165,0.004461557087061158,0.004280703297162055,-0.002638312324899446,-0.0023245210227993123,-0.001053847309923172,-0.00031774096388297886,0.0029242511330228997,0.0027745989164322847
2021-03-09,0.007318624501726561,0.007187709521780179,0.003206182129783767,0.0032102444275375333,0.026159566185739853,0.026805978606398256,0.007987461120529048,0.0079171184154272,0.013254338704809365,0.01316792541455596,0.0053429287399424305,0.005286328251320081,0.04238585168920027,0.04312860451586602,0.011722229039383674,0.01164495703877758
2021-03-10,0.009821255768227701,0.009661295165870205,0.010199666555016355,0.01020728434901558,0.002123727080907915,0.0015397061051871412,0.008610898248938664,0.008471612642977756,0.0034800257662523444,0.003322683368172413,0.00946371837054593,0.009439865588100844,0.0008684426692948544,0.0005476790784491065,0.004888749709350162,0.004777032003990467
2021-03-11,0.00529644073907005,0.005631772844568725,-0.0024734682821239504,-0.0025706773057598917,0.01968735531442491,0.020151711915425315,0.00457996922112111,0.00484216392324452,0.004812708500153618,0.005090097385562601,-0.0009646174009959858,-0.0011590682177583201,0.016358430726010224,0.016433945606429818,0.004543710996060428,0.004775174177008505
2021-03-12,0.007082392417840365,0.006853168982911554,0.005946207497989391,0.006183491104083525,0.007952743131604347,0.007631016555549503,0.006516757105601832,0.006420984074942683,0.002555291877315303,0.002347181463437324,0.005357212313949094,0.005622977828054872,-0.019166058109962244,-0.01983262005206907,0.003867562321200225,0.003784918032646754
2021-03-15,0.005841980012247008,0.005995069481323608,0.010550655359757759,0.010406875352701834,-0.004138504843471016,-0.004032983428012809,0.00737966672556746,0.007595918838816799,-0.0011713058424096994,-0.0010705305949231022,0.012408566575408812,0.012149438748862372,-0.038467609208397105,-0.038841971678783255,0.002899437702196905,0.003090591569872588
2021-03-16,-0.00020791992646234755,5.884215966170853e-05,0.004977321762323791,0.00511590984975926,0.002946378003735837,0.0034122237313765403,0.002125313352966134,0.0024396831452389274,0.007015489487125953,0.007265124131896719,0.005329555430269057,0.0055046400053727455,0.04469599853184276,0.046060613280662195,0.006134703861767456,0.006405486244509486
2021-03-17,0.0021785532396102394,0.0018414069060437262,-0.008481636342037024,-0.008645244432478192,-0.0017271647080928658,-0.00219003609071601,-7.900861682762225e-05,-0.0003830145548769866,0.00692559633696336,0.006662928742605937,-0.00827421352002867,-0.00855081320879563,0.032517255038557936,0.03392891289359595,0.002997398393265804,0.002726758674512288
2021-03-18,-0.01347521339947774,-0.013834580958941363,-0.007643805697019172,-0.0076606597944109,-0.016114106682264803,-0.016141265088054683,-0.011314421701045326,-0.011496135787769663,-0.01504850789771685,-0.015353742935441632,-0.007700881887240274,-0.007739659631276152,-0.028397586473271605,-0.029120860840570945,-0.012448532277276117,-0.012604325132419852
2021-03-19,-0.004686513277944682,-0.0044819904044614365,0.0009609040928618973,0.0007357079314739335,-0.001622991939653711,-0.001188259465815186,-0.004604618003558976,-0.004458982401531126,-0.0007063611481626299,-0.0005209012957521228,0.00011418767075427325,-0.00012480576218511406,0.01124946501606708,0.011755214619803642,-0.0019323705220934163,-0.0018130801880860657
2021-03-22,0.005873122338467358,0.0063016161290969245,0.009650591968936691,0.009631996579309018,0.012685040928779506,0.01275139934682723,0.007227175258610357,0.0076151134931973456,-0.00010487066879600714,0.0002291751606514485,0.009119917692662087,0.009212328818270981,-0.03159670566406101,-0.03297421717861452,0.003281192011994823,0.003626110617349655
2021-03-23,-0.008100983457706074,-0.007598834381896425,0.0010154671078577997,0.0013171326553493396,-0.01001534048966284,-0.009540000244741872,-0.005758455392513308,-0.005293607352761559,-0.005565115183487839,-0.005137321279140681,0.0005753644610320447,0.0009569059260132271,0.0015722763156667213,0.0018611601827547468,-0.004405944560758186,-0.003996325468025284
2021-03-24,-0.003305425688800321,-0.003167107523074844,-0.006092275186907687,-0.006115990376379073,-0.008524718601945496,-0.008925272830753206,-0.0044029205810297645,-0.004388110738358839,-0.013883901971090518,-0.013809000764386702,-0.006108246704432436,-0.006201271738466575,-0.028621751476890358,-0.02947207817943455,-0.010761650796340963,-0.01073797566145033
2021-03-25,0.007122806063378129,0.006728215485635828,0.0033807880650143594,0.0033393565537887795,0.007673486954845991,0.0073596404780339325,0.006405939524320224,0.00607366629407166,0.00575361294981287,0.005419824837259614,0.002729932222103269,0.002690931932636799,0.0010891832504818435,0.0005214494855814886,0.005344968860372908,0.0050483410032623865
2021-03-26,0.019635042704920398,0.02001285009003828,0.015323922610929607,0.015294617301320906,0.026254927993849528,0.02625356415471833,0.01925235140912933,0.019554817504859226,0.03094468102817685,0.03130234073729981,0.016499869164628943,0.01640923046081921,0.05983900780803428,0.0608227894289403,0.026402352658598437,0.026658471933560895
2021-03-29,0.0011022909356362366,0.0013088703332438032,0.011734873830286,0.011790615369827662,0.004877292245139361,0.005028051406573089,0.003048873852092899,0.0032897255230042903,0.0072085187609616285,0.007403785832648935,0.011582034512947465,0.01166082383061992,0.01753410102780976,0.01804286878028239,0.006827563825264212,0.0070335754082016455
2021-03-30,-0.003326924065019588,-0.003777151623497378,-0.0076975563776602645,-0.007723788462042333,0.0033437354714717046,0.0033136511135106396,-0.004541729543680277,-0.00492738043294364,-0.0005418116981099118,-0.0009061116833265622,-0.009026238013378712,-0.008939169855490066,0.010807044560250069,0.011070942273017336,-0.002780139444182138,-0.0031211329702355945
2021-03-31,-0.00091454863134901,-0.0010542875084643005,-0.00015645515755940008,-0.00012165542231642494,0.008514493154503278,0.008421430927787382,-0.0005342839117191856,-0.0006430152431383191,0.010304119991946515,0.010230473208926586,0.000534737102110819,0.0005405172656433961,0.0012440030450382067,0.0009752560675886484,0.006809986376508617,0.006698754655024648
2021-04-01,0.011919235422437929,0.01169425704362574,0.0065816158395019895,0.006431345899285256,0.0070347660324214896,0.008030520518388274,0.01092545474134008,0.010732444930137686,0.014672578757863942,0.014207682649172208,0.006588211647230346,0.006415887335205558,-4.190792011505174e-05,0.00024264095051253795,0.012156666351254421,0.01182154795812305
2021-04-05,0.005203894475596236,0.005673483577178513,0.01193791253987414,0.013039001148019225,0.002612999027379151,0.0031659054263629338,0.007947970264428375,0.00842771004599606,0.02308196696215761,0.021820817399010154,0.011911074279033446,0.013006957764031924,0.0042872311016305675,0.0043981840749191285,0.01644980632028941,0.015973088712470638
2021-04-06,0.00031178142225714674,0.0005730981565043871,3.9657869675963856e-05,0.0004635510281314801,-0.00026199970274780375,0.0003632762694228583,0.0005361723248475112,0.0008116304977196159,0.005966440099026121,0.005663287990580079,5.7479874867426804e-05,0.00048437809474802533,-0.004664665698100031,-0.004174637747245459,0.0032302140004604137,0.0031995611045432405
2021-04-07,-0.0009843279076349229,-0.0006376297415569271,-0.0005007918361598803,-0.0005063437977844262,-0.002686143645610782,-0.002333888083441676,-0.0012017422361264775,-0.0008596056290470697,-0.013625912450554611,-0.012158031067155932,-0.0005149597593059567,-0.0005207569955776596,-0.02143852924909585,-0.02069334699112679,-0.007601747076017579,-0.006609335136531718
2021-04-08,-0.00125898675424055,-0.0012046086062842461,-0.0007378694157323598,-0.0007368963937934926,0.0030270220304081546,0.0033203612821308816,-0.0010764845872708426,-0.0010685859261273562,0.010035511307399434,0.00903312489006629,-0.0008162150658312407,-0.0008166798048114829,0.02173450254490648,0.02154478073107868,0.004891335543125061,0.004257934556774369
2021-04-09,0.0025702524318601074,0.0024346783271443017,0.0037009794158468943,0.0033695321196024947,0.006305088574389472,0.006009488540360792,0.0027534305282456385,0.002584377785425994,-0.0022646376081477187,-0.0019308589304038912,0.0037261981468321905,0.003398798870586677,0.0012720181668104192,0.001364223742604353,0.0001759449587700623,0.0002920832201562779
2021-04-12,-0.0004073299999306901,-0.0003457031372158419,0.0014363595165208163,0.0014583729197796922,0.003887461407618224,0.003803029657004957,0.00014708171212190606,0.0002682293004024947,-0.00014566428523633758,-0.00011764718625272615,0.0014305700410119713,0.0014562139892393543,0.006698540870502245,0.006649000571337406,0.00023982852270465954,0.00034641508835515217
2021-04-13,0.0017323719424837077,0.001930527587783974,0.0019053490841959505,0.0019581350545723403,-0.002958396300681429,-0.0021994464030666407,0.002777541749089457,0.002836028979224295,0.0197269451628339,0.018224585692475304,0.001866983378594292,0.0019153084242180371,0.024951200950165665,0.024476809384876876,0.01219293312034661,0.011253249410757133
2021-04-14,0.0033581112989769886,0.002997921727267588,-0.002507005723486397,-0.0024878553589844743,0.00045820764469796567,2.6679713088181087e-05,0.0004748410050461635,0.00025488788953426117,0.0071798581772897566,0.006519329043364803,-0.00251164876491728,-0.002496801919083503,-0.0013979129653432336,-0.0014671632381102952,0.0027947300576077355,0.002350930595160953
2021-04-15,0.009449393897939496,0.009534360766167137,0.007067288623330385,0.007106162408218152,0.008875786466107163,0.009165559355160531,0.011094472203958783,0.010986725006419238,0.018026410097255228,0.017302269378438165,0.007075762206509183,0.007116601994787013,0.0158348888745878,0.01579436822417591,0.016039377550932238,0.015424934713485557
2021-04-16,0.0028414438132387267,0.002675312644369077,0.002243378297085311,0.001898607813655098,-0.0024556565819595887,-0.003203832484029411,0.003405242002853268,0.0031402107677726996,0.010810640530123879,0.009929794166015417,0.002257804166840116,0.0019120242814046635,-0.011794907160727038,-0.012068076880831186,0.008191476538807573,0.007454483193919661
2021-04-19,-0.0035293475918233945,-0.0036189945416920904,-0.0010189504539372743,-0.0011525849604055367,-0.0017066812678026544,-0.002023103580745107,-0.0036314862827504465,-0.0036895839897910033,-0.013429808386374403,-0.012586776038561884,-0.0010599983128990415,-0.0011929167609617836,-0.009292353085771692,-0.009074201255793573,-0.00874897617344068,-0.008246780255032195
2021-04-20,-0.008747199313497123,-0.00824480937046502,0.006069157384027102,0.0061213804916528175,-0.01302331222792072,-0.012483289693490746,-0.004208768186465274,-0.0038363299116585454,-0.0017194123355581928,-0.0019454166111277623,0.005957227545055371,0.00599755137907129,0.0008034548748866174,0.0007514807844267822,-0.0010008296020677136,-0.0009859331915697115
2021-04-21,0.010748101009074381,0.00996731375150627,0.005058915979474374,0.0047322363952720815,0.011960256785996699,0.010516993235918799,0.008415843839359281,0.007701083164563781,0.002052752340624871,0.0021972620525949494,0.005090485896298717,0.004769264308043605,-0.00895118602782777,-0.009007603274404682,0.003963046177571913,0.0037883078538634724
2021-04-22,-0.009628306971395235,-0.00876230871204122,0.0004679915418270911,0.0007639120103125428,-0.012719860006888404,-0.010786536478100375,-0.00778983269147022,-0.007050795579431856,-0.01619857718772049,-0.014853550961874854,0.00045016237895978894,0.0007500569310253022,-0.025222304262203572,-0.024253530041026636,-0.011328565673708303,-0.010276199824277391
2021-04-23,0.008856224632086745,0.008521962910146102,0.0026465867785796745,0.002533797274530719,0.011942669001571348,0.011154128222914504,0.006960292442917383,0.0066817769258473115,0.004644271415590373,0.004751571488021477,0.0026305238859946458,0.0025213094879977835,0.00701953652694629,0.007191530232359711,0.004829168961213749,0.004806600904914487
2021-04-26,0.001031024202245785,0.0007651667366258231,-0.007082336627902251,-0.007415646672726274,0.005862568789512293,0.004947457730264545,-0.0008738538419424568,-0.0011021796747622621,0.026003937241607523,0.02345987519333109,-0.0070043957538605765,-0.007332244696653832,0.042531826209115206,0.04120005137244548,0.01242951277610655,0.010799854007561704
2021-04-27,0.0010263258205212857,0.0009895045949641747,-0.004389848166376517,-0.00417592603750326,0.009506777799173244,0.010156107783062699,-0.00014312617489888355,-9.522464254710009e-05,0.007995005006577837,0.007316802368020197,-0.004408091581475155,-0.004193077850351909,0.024549655493640212,0.025602894051150744,0.003680742575050959,0.0033114986934964356
2021-04-28,0.0005173149641775312,0.00021454472447982048,-0.000443821432791494,-0.0005811136388093612,0.00489777070935959,0.004783969539956234,-0.0013639214049156504,-0.0014947721765218016,0.0006928192729146093,0.00041953282080392344,-0.0004800612172976681,-0.0006176988719026719,0.004241511743992808,0.00459869130897671,-0.0011425666147800665,-0.001285453483923428
2021-04-29,0.008854898351562737,0.00942773990335665,0.0070480138168270146,0.008250343701698451,0.009260940218133736,0.00954788189000763,0.00812345119245017,0.008920936062219893,0.005640496360681095,0.006425141951905902,0.007021289670516028,0.008230882232557258,-0.0015909660442097308,-0.001012662092131715,0.006412917804156646,0.007318589601930209
2021-04-30,-0.006729647523317546,-0.006429561156648972,-0.0006914127589196799,-0.0007824837103163768,-0.006534457327768559,-0.006707306405996283,-0.004539939143511053,-0.004361605981937532,0.007084977550949063,0.006057189718197139,-0.0006944503681188446,-0.0007863156722020159,0.02231937122684913,0.021458285701868782,0.0028242686916101255,0.0022173917398583907
2021-05-03,0.007437644948144481,0.007345910696533883,0.008025656846608532,0.008179709716089096,0.006653136456761452,0.006172500897761054,0.006324465766940817,0.006369262005090777,0.015444054543423336,0.015051734330978802,0.008095442953654823,0.008248912233957288,0.012428151806455595,0.01150239422123179,0.010314416545480197,0.010211954958377362
2021-05-04,-0.0023142375990448214,-0.0017192975022423491,-0.004340293355455807,-0.004256619711546507,0.0037700838898529197,0.003938312693349343,-0.0034967048343665062,-0.0030163903583554836,-0.005648499007211,-0.005023332808337294,-0.004638824823470097,-0.004556541985245213,-0.011147785039953615,-0.010175670850731254,-0.0046060010708420486,-0.004123865692871473
2021-05-05,0.005992361499102263,0.006094986217540184,0.002151364473741324,0.0022562182456122054,0.005775216324589899,0.006223002659165135,0.0032599705016077727,0.0034058774107032764,0.04372333086818185,0.042387665702445586,0.002698099645637454,0.0028061338726403985,0.0292995287330106,0.02822804585038266,0.02012013089915733,0.01968635826940372
2021-05-06,0.008050152328450045,0.008444603976220924,0.007140754349029473,0.006993386038151778,0.005906123564212002,0.006940136894757169,0.007964185070544801,0.008206404760309562,0.02255009727366065,0.02233487748114446,0.007197537172284365,0.007050004743499797,0.00865486302590871,0.009403615757310168,0.014240557614514563,0.014250875800564953
2021-05-07,0.009636659392556049,0.009497868904918386,0.0010170833951626782,0.001094484363776943,0.010429016962337521,0.010285486127154525,0.0076652211868492946,0.007657122663424789,0.0018000016406711852,0.001978782939230421,0.0010340745577702905,0.001109279868271687,0.009179147689231264,0.0090762889285079,0.004380934401975983,0.004483027614919595
2021-05-10,-0.0043271232369361135,-0.004267295011265458,0.005270758349290763,0.005184403363286532,-0.004151308759418318,-0.004295349737385026,-0.0021516636521282766,-0.0021805368932733583,-0.014161891036241459,-0.013741051173785731,0.005036872879642685,0.004949029277526768,-0.015201360564860244,-0.014741246336909222,-0.006855176422909441,-0.0067411342313806345
2021-05-11,-0.009261384465219461,-0.00944494017766643,-0.008557693655773241,-0.008581715511461314,-0.009813715322436013,-0.010220940006274989,-0.007470784729735926,-0.0076474302577752805,0.012826295389902967,0.01183984111819363,-0.008245325849606553,-0.008269084896384175,-0.00019709424027162845,-0.001162310259395584,0.0019136070221675253,0.00143018896757858
2021-05-12,-0.01593679259010353,-0.01584117989554332,-0.013624082589445115,-0.01340799012452503,-0.016517145675717236,-0.016427895583539256,-0.016435070295560798,-0.016333534640922874,-0.0431285166313494,-0.04202356292335057,-0.014101062013353625,-0.013887485958837837,-0.04148610180836719,-0.03984414312881547,-0.028334453153983575,-0.02784389709306747
2021-05-13,0.008494958615479204,0.008959800844828556,0.012468345105613654,0.012541843477850723,0.013642969266374035,0.01391727068244231,0.0102370519696173,0.010533991301918795,0.017429437963871506,0.017483044614470998,0.0125624965215611,0.012634589472181317,0.027220850225768096,0.02650419122737383,0.013639476205366966,0.01379736316033685
2021-05-14,0.013989839118725322,0.014114681954297674,0.002637086457218252,0.0025125438833747795,0.010908825352167122,0.011347261525535703,0.010772466964170115,0.010949658823181168,0.020617598770978452,0.020472662191557283,0.002639047417444195,0.002516745393911615,0.009044628460434736,0.009624749488335931,0.013865844834093413,0.01392943689939188
2021-05-17,0.0031098894478385737,0.003610530074428755,-0.0013709053884463178,-0.0010239664657186822,0.005677442674396421,0.005938334297800933,0.001064879595424363,0.0015880555449446696,-0.008442744291785171,-0.007587057223849737,-0.0015880957894709375,-0.0012446756341585592,-0.013940698531100248,-0.012631027452252273,-0.004076960000070762,-0.0034312801336140127
2021-05-18,-0.008646340971441622,-0.008743263747875644,-0.00400314601012182,-0.0038565717168191375,-0.00901508140428891,-0.009021396991795176,-0.006271325630700886,-0.006335336139617851,-0.004358603510738576,-0.004601557643573074,-0.003925024767539964,-0.00378090846339235,-0.00857111768078558,-0.008553991273188292,-0.004731423433839695,-0.0048431427620459705
2021-05-19,-0.005355264782657149,-0.005738871514474566,-0.000346520912529767,-0.000410847658992125,0.0018314438235290558,0.000971915817510198,-0.003176209337623985,-0.0035598202323797196,-0.05502496853780312,-0.0534753279582456,-0.0013986220079567208,-0.0014634043164844293,-0.045256187950674244,-0.042975887599782804,-0.02551479960984556,-0.02511667251494089
2021-05-20,0.008595708763838073,0.008186243268154194,0.009951330869535015,0.009860010346076626,0.007968201325326238,0.007765463132832784,0.009789717903606037,0.009469060379798715,0.0316634356068711,0.030450372862775184,0.01034658743107729,0.010259154283493528,0.034221013427750885,0.03253290794370272,0.019988266208360007,0.019354144876230116
2021-05-21,0.0023746797752530234,0.0026297894400336367,-0.001498395407205338,-0.0016685745856395407,0.0024276868272725223,0.0030343242856507775,0.0008218905651873102,0.001013845652548031,-0.02149782473760328,-0.020384034554537522,-0.0019048983749710771,-0.0020761578946859637,-0.02218631253997468,-0.02007255533732603,-0.009541490139262731,-0.00901347007325201
2021-05-24,0.006160084121522577,0.006242818117554294,-0.001618784755055828,-0.0016068956908255828,0.009400781383199719,0.009477939712174789,0.004588958618857293,0.004707471726095777,0.047287331314570705,0.04580698240767496,-0.000974191520912961,-0.0009612378832716033,0.037855038442842756,0.03621369545952938,0.02298940703803052,0.02248839268471036
2021-05-25,-0.00548226486313403,-0.005645768416084303,-0.005694236491738875,-0.005791631807783028,-0.005807818009690957,-0.005901044323097983,-0.004835354178958925,-0.0049652889447831935,-0.004097105160568199,-0.004286582509556102,-0.00569674278383881,-0.005793470596060705,-0.00508206139440887,-0.0051138402877664735,-0.004202178320313724,-0.004339376325044756
2021-05-26,0.003712752675729429,0.0036019345934666033,0.00063680350723521,0.0006246049360765537,0.004839163230671857,0.004789957036046761,0.0024667726590293783,0.002380139898347861,0.014872081029443266,0.01435851546143716,0.0008539265366139444,0.0008430960065349262,0.016335105439630505,0.015554306082433723,0.007467644762075107,0.007219689275500171
2021-05-27,0.002493264197657326,0.002610367757674452,-0.004752327152096671,-0.004896271323163308,-8.871384614545085e-05,0.0003554149575515338,-1.3218719756239521e-05,0.0001208499221787847,-0.003959701442402558,-0.003618210135640776,-0.004908453028324008,-0.005050640487247124,-0.009104331020813986,-0.00813448906729348,-0.0026455140180249347,-0.00243268065801907
2021-05-28,0.002936812078919124,0.002940785096757058,0.0014998260505598212,0.0016049764163771948,0.00829014221277847,0.008116457176785394,0.003189135251109423,0.003197926263928857,-0.011492925379301376,-0.010945828356161112,0.0012236689994709225,0.001326376193698001,-0.011858203299198542,-0.01085613055389043,-0.0034554328389030395,-0.0032242990124736917
2021-06-01,0.006155867931106327,0.005734803225339521,-0.004466909183974358,-0.004589277534666304,0.010930134881387206,0.012307910906419226,0.0009532781815986088,0.0006180874154958835,0.0019320991050394568,0.0017367590857274746,-0.00446947517832919,-0.004594244701558591,0.004677332033593241,0.0053175114730961434,-0.0002092224291136623,-0.0004805111458947712
2021-06-02,0.003927973385446996,0.003065203889702189,0.0017929476840908513,0.0016344769000638704,-0.005438409090114995,-0.007475486431316319,0.0031642035408837002,0.00248156075110255,0.005887695082374621,0.005089930005032672,0.001693606244513723,0.0015322356944454407,-0.0013856505238135015,-0.002748331365026321,0.004052716131552466,0.0033764496875239307
2021-06-03,0.001535642621894657,0.0017394613409721052,0.004376767718803861,0.004214165318262952,0.004938581829127759,0.005248462387142604,0.0019427791119553213,0.00207175757291025,0.006975701709594549,0.006943057130457766,0.004334614814226268,0.004174280796993326,0.007808712532229558,0.007949473933345764,0.003916324965578235,0.0039406531832673185
2021-06-04,0.00663026846810969,0.006439415877969902,0.00561941091054697,0.005616132076777143,0.006146064255431302,0.006607605356318299,0.006710350643063246,0.006536774079493188,-0.006163965303206661,-0.005844972582241377,0.005682785710233129,0.005680183583836554,-0.0028829620274194957,-0.0024973058897008044,0.002431541954478349,0.002498233371880509
2021-06-07,-0.0019190242636381518,-0.0020784509840754495,-0.004156303714853742,-0.004176458244871703,-0.0008417729248712693,-0.0011072827088138798,-0.0014910309579454334,-0.0016420653347636596,-0.01536834264353445,-0.014998428297289923,-0.004087342971749269,-0.004108535430940195,-0.00788016480264675,-0.007970495645106192,-0.005892810229974218,-0.005796844964686827
2021-06-08,-0.0026256523440645065,-0.002733450503064214,-0.00579020847619135,-0.006107086919604767,0.00016187183375597342,0.0008709098538671569,-0.0038744834829045533,-0.004066819141253779,-0.002371154567070978,-0.002471191935698973,-0.005735206866602166,-0.006048859634125532,-0.0013224637633884725,-0.000922390502320923,-0.003746626175910763,-0.003938131535374989
2021-06-09,-0.002621494186845723,-0.002509565735273422,0.005395579106270575,0.0052355332069033865,-0.016138853149017866,-0.016746943701564602,-0.00026246138466564327,-0.00019062822283605097,0.007302707257698667,0.007024953256665384,0.005323276021469346,0.005163303602241412,-0.007118619612309657,-0.007684850240635571,0.0031436898392278507,0.0030377022598888272
2021-06-10,0.003598385643246949,0.00358049431404568,0.008575423382358416,0.008380534683024262,-0.00377398742773709,-0.003848279200874713,0.005430475067063082,0.005377393859141996,-0.004799715458690143,-0.00450017260783439,0.008514271313993585,0.008320729795744707,-0.008755374394780066,-0.008727141466322969,0.002651583017264864,0.002759045931254006
2021-06-11,-0.00019304660451298513,-0.0003019107281037728,0.0018866954945090284,0.002025069053479525,0.00047818293720484315,0.00039760264164644707,-0.0003955560083244769,-0.00043146653751451324,-0.005929566468440188,-0.005806095879930356,0.0018801064542953343,0.0020205095718484802,-0.003181134504854991,-0.0032427362877470206,-0.0022000512038091533,-0.002132945777748985
2021-06-14,-0.0015218262616063984,-0.0017353793079623867,0.00038577586859109227,0.00045993932369198476,-0.008912072182659294,-0.009597883436437247,-0.0002451006109282056,-0.00041468651001867903,0.0007492351693836756,0.00048487498678929887,0.00042089347660586576,0.0004954232997676758,-0.005906198816576555,-0.006244809556904937,0.000496368930631041,0.0003092736813497736
2021-06-15,-0.0014924320060200657,-0.0016598714522845222,-0.0036882516518270303,-0.0037776074994463125,-0.004522749649815153,-0.005044059114707918,-0.0030056551517846294,-0.0031149731868472356,0.0008401618357091985,0.0006122127368602836,-0.0038046484004235362,-0.003897344575100055,-0.0019826635506202434,-0.0024214154444845122,-0.002072907594071146,-0.00222209966781607
2021-06-16,-0.007942953726279381,-0.008410477710873731,-0.010598728304851989,-0.010939971848081488,-0.00952802459221454,-0.010498123281974475,-0.009289265293603924,-0.009671441423910779,-0.018244472644723612,-0.018251135137310026,-0.010662151108341445,-0.010999611474880993,-0.01506881797362768,-0.015823294942106065,-0.012594962678864636,-0.012779021303855402
2021-06-17,-0.008628992318018565,-0.008703515749240765,-0.00013967036551999954,-0.00026585202775309774,-0.014681188736014318,-0.015584399940853073,-0.0046168141684635065,-0.004805648253730236,-0.005570700136612286,-0.005747821334396024,-0.000184235972985002,-0.00031015099318959326,-0.013821694512312934,-0.014210587708296175,-0.0037357055137684026,-0.003929777384021287
2021-06-18,-0.015075440337741249,-0.015047310739113657,-0.011233168244156155,-0.011537820893016311,-0.008023509739875716,-0.007732259769610054,-0.014112531129867488,-0.014171767471643051,-0.022182970428932653,-0.021893129858590047,-0.011205230524582842,-0.011506411863023673,-0.012489831532391967,-0.011994783553740129,-0.016618853205468607,-0.016540770366125734
2021-06-21,0.016981836922855053,0.016748480245593507,0.010377226423843717,0.010290104947273006,0.021089701561738394,0.021439441142602603,0.014610610677349327,0.014448029035853006,-0.017547477815348333,-0.016450049131688477,0.010413478561923848,0.01032532616475852,0.0019716213910998402,0.0022159398943898652,0.0035067551282100123,0.0039493721086757945
2021-06-22,0.0013849084679286628,0.001190666031016289,-0.0010921386944593658,-0.0009640145476321261,0.0020368941325913164,0.001997674518453925,0.0005399713178385505,0.0003947498264833476,-0.004652135019746894,-0.004589089440665204,-0.0010609760266441278,-0.0009330882040099486,-0.0007057193621696405,-0.0006395371017110546,-0.001289988540970394,-0.001326247532529013
2021-06-23,-0.0034092189923983843,-0.0038159255060720267,-0.00760441577706863,-0.007718982832206085,-0.000702898651003112,-0.0009051782603936418,-0.00500336179401453,-0.0053553321607681895,0.0114251516164361,0.010528046048336626,-0.007563204014411644,-0.007675231388240799,0.006860561845749385,0.006634273949702634,-0.0001453471724264054,-0.0007433827628297977
2021-06-24,0.008045844887354254,0.0076011451171737856,0.004862030599820369,0.0049209292839398015,0.011545736231153174,0.011975181660370374,0.0063497392557654644,0.005986759258243077,0.01693102791334944,0.01622486022079305,0.004897125634660448,0.004958505842623759,0.014818803811981885,0.015116625623590053,0.009422591363780378,0.008916166655109815
2021-06-25,0.007796049512859093,0.008019266789585713,0.011359552590833039,0.011611618261127197,-0.0008043773239299528,-0.001555135994682021,0.008261579482029291,0.008539974456279121,-0.006932437710560354,-0.0061933513466508605,0.011454992154199763,0.011713929391411464,-0.00842382854353594,-0.00902506579789404,0.0032736119114887465,0.003796711770528408
2021-06-28,-0.0016871117212886432,-0.0016469769779497059,0.0020972657784759205,0.0021558544837808665,0.0003994699912777334,0.00014387983832977926,0.001023517353041296,0.0010110461661642328,0.0017426400271460007,0.0016478694938457633,0.0021180964166145197,0.0021752194088239434,0.0006934468658018444,0.0007101985275043757,0.0019038927291075518,0.0018512687746319696
2021-06-29,-0.00041512416175831335,-0.0007338484621752619,-0.003208280918263774,-0.003362260947276915,0.00673542266981603,0.006034418810453779,-0.0010208332773791883,-0.0013716963374644075,0.012414481983307893,0.011666335759800089,-0.003215564132629278,-0.003368110042235806,0.01769980334130573,0.017040146050371057,0.002974893653048542,0.0024180184721407354
2021-06-30,0.004396661504242163,0.004374525685811873,0.007640049957104928,0.007848574468933906,0.0043045993263151495,0.004446503258490954,0.0036172788717457453,0.0036918329818790793,0.0053687652260581194,0.00531376886009686,0.0075751123835867355,0.0077804410633292,0.00502292140641989,0.005054978936047728,0.0038990369935852187,0.00394936605461584
2021-07-01,0.006588444236266208,0.007089709714913873,0.0031128548983247214,0.003108443466428174,0.0011076453371189016,0.0010761104669719758,0.005475957262565749,0.005745640872131483,-0.0033192767515803838,-0.0027502023939114566,0.003001187895894341,0.0029839308892118674,-0.0022583675959256945,-0.0022150979398112337,0.0026936355706798296,0.0029471712267878972
2021-07-02,0.0037870288658624985,0.0032606526859904456,0.00521835696088863,0.005102852106311895,0.004727777629220463,0.004336218852903176,0.004434944616048749,0.004085617715268499,0.004263327713458632,0.003815873820913204,0.005231423657553609,0.005121536379213309,0.005299565730048031,0.004864889790807181,0.004586811808053015,0.0042528561786367765
2021-07-06,-0.008689862235726455,-0.010272102468128272,-0.0017641119268779482,-0.002387327369313546,-0.0023736209879532603,-0.00341862935885279,-0.00517623313031421,-0.006338783964430043,-0.004212575069847086,-0.00560513732885717,-0.0018003788875662467,-0.002419807868935336,-0.0010083724354056193,-0.0022892127216268023,-0.003998302769537807,-0.005119257961455932
2021-07-07,9.602564581949073e-05,-0.0007887765631786463,0.0028310337237005597,0.00330742979303848,0.0016813215023787063,0.0015526640478317137,0.0016387438892151596,0.00118764444173909,-0.002181279266246696,-0.0028853578698031573,0.002738449175701417,0.0032186447522284346,6.804090182961576e-05,6.981996404476469e-05,0.0009302236321636892,0.0005027407209286475
2021-07-08,-0.006922522612545074,-0.006647911620331275,-0.004885166733140166,-0.005071503490096232,-0.011737211179515167,-0.012133000734007094,-0.006462880356644636,-0.006390584860023987,-0.014100931368607792,-0.013759286223058467,-0.005048754091499308,-0.005241665400905558,-0.013286051717326514,-0.013705882936757632,-0.008492855904293191,-0.008440919957433258
2021-07-09,0.01211670315324331,0.01249984170229287,0.0066242908512499825,0.0067172980031975004,0.019212043161224525,0.01926556363501151,0.009970789300539403,0.010293603765896827,0.015525252970304146,0.01579230903864576,0.006686143207017818,0.006785209461469723,0.018947398935681106,0.019071956106340143,0.010989201768274691,0.011305861173659327
2021-07-12,0.004299687110597881,0.00381520572930777,0.0018351616404084887,0.001502490849644277,0.009353480535345704,0.009141009051228022,0.0039712206247536665,0.0036177820001465975,6.666012125694878e-06,-0.00033129548744400763,0.0018142025173465016,0.0014749388471745784,0.006816194908460061,0.00656299976529462,0.002661957709555854,0.002313371693227286
2021-07-13,-0.004766188522257003,-0.005179557911743894,-0.0024480941096881783,-0.0023793629439660645,-0.011643531948330618,-0.011565631544429194,-0.00378375005044503,-0.004084270978391526,-0.009426809800300117,-0.009699586311989854,-0.0025283273381647964,-0.0024590957237408135,-0.012351300075084993,-0.012329788995916096,-0.005172061403252298,-0.005457119104201776
2021-07-14,-0.0013789228043061597,-0.002869376651418368,0.004274053771392976,0.004608848642694992,-0.0012068804576834357,-0.001767870558730509,0.0011672722207736429,0.0003168991942145864,-0.00025849365444602,-0.001521912389445598,0.004288103663447399,0.004635601058900839,-0.0006157014070630453,-0.0012084904440539074,0.0014784566749721948,0.0006669289387946526
2021-07-15,-0.0012527313665276262,-0.001784661573945647,0.0018182556830080522,0.0018365676966829365,-0.0040103384046099155,-0.004098182816947797,0.00037341989684161426,7.807851618145815e-05,-0.006653536534465437,-0.00701386459763818,0.0016365402360114562,0.0016485126525301573,-0.005473757024898143,-0.0055348860430383335,-0.0012092139413701236,-0.0015012254214604487
2021-07-16,-0.0094583508671908,-0.010544762170379706,-0.000958350604460391,-0.0013993056553742926,-0.014481301492521276,-0.01491071204345496,-0.005559571196423822,-0.006389740695586561,-0.011967131418521893,-0.012836127874900762,-0.0011248662939573753,-0.001576327150164304,-0.014373937769948487,-0.014895376588933607,-0.006367737680904644,-0.007177383759761037
2021-07-19,-0.017265279227803593,-0.018189750128339857,-0.013631512766555314,-0.013542936532526233,-0.013120722806193363,-0.013124966059462253,-0.014887755576663572,-0.01544603627100895,-0.02245957039543941,-0.023151261897893245,-0.01377536508755639,-0.013689153184713304,-0.014840894948993271,-0.014952299909058992,-0.016522158642457402,-0.017067620421337387
2021-07-20,0.011365506267585474,0.012244985812454739,0.005185539456315732,0.005319404641428429,0.01607207450882033,0.016982036932918953,0.009103712968770343,0.009772194194094471,0.002858625921950135,0.0037266458800238452,0.005058389521251801,0.005191533301227843,0.013699070208592495,0.014692530637733289,0.00674936486835498,0.007373169291167705
2021-07-21,0.010312805453817258,0.01209299146561497,-0.0020184039223828743,-0.0018428494849455786,0.009852021495481195,0.01110205577714863,0.00562940829135476,0.006834842226227927,0.02260174203032803,0.023897976336808187,-0.0017476175573468704,-0.0015633252383372407,0.013398072264498464,0.014731773586594185,0.009360071732122112,0.010533898434483734
2021-07-22,-0.001290319131949631,-0.001988917275066274,-0.00015329561057382952,-0.00032280550119866667,0.0023688753857468918,0.0014672328283374162,-0.0008109910226772143,-0.0012856353410266095,0.004775657305063478,0.004096956323157338,-6.758432125676732e-05,-0.00023645527019561612,0.0024696920437438964,0.0015329556676147297,0.000665468177516244,0.00021944578615211741
2021-07-23,0.005172454986152822,0.0045958086412920185,0.010466045747985743,0.01034159693137166,0.006428590883219686,0.005461808016391744,0.006982942685146723,0.006522260183782801,0.009348842887017787,0.008801590947907955,0.010420063239725113,0.010296000347062958,0.008036591058473161,0.007053782674144575,0.00818692154907755,0.007749178426090609
2021-07-26,0.005689444061937252,0.00653393452426477,0.0010465718717257114,0.001266277230123842,0.0034480283789439987,0.003198690727718007,0.0034506290993227373,0.004018220737331676,0.008748477236540465,0.00940665143359556,0.0010803333569070707,0.0013027739487176814,0.004473407290323689,0.00440447606711674,0.00454374494244667,0.005098158895380078
2021-07-27,-0.0020674143337947658,-0.0029946316855384916,0.0016268818482950793,0.0016320887152419447,-0.006285744612235746,-0.008072174551488846,-0.0004475199910962974,-0.0011749968412834474,0.0027178679878509734,0.0018680535612269024,0.0016264870665188887,0.0016341105715172398,-0.004503767266582496,-0.006166042552552644,0.0010900603417162806,0.000408612760882551
2021-07-28,0.0024506105914112643,0.0029639798021405114,-0.0018556003984401496,-0.0019486917517093096,0.0027947134589544117,0.0023896132251392485,0.0008737419259287376,0.0011669023824158581,0.00635380484284413,0.0067220017033071434,-0.0017290342482234175,-0.001835452374137575,0.0025183554349794803,0.002158075515117487,0.0018451617419284246,0.0021313635276355995
2021-07-29,0.0063301812971962015,0.006345989789764587,-0.001022817322136526,-0.0012043349638929718,0.008294414199056535,0.008151087771003734,0.004411923723549182,0.004501394026034522,0.008348407885710781,0.008330108965305384,-0.0008832595155975475,-0.0010582102865297697,0.007374583374015869,0.007363192181951571,0.0049523360568685835,0.00504599479643784
2021-07-30,-0.005476928437086,-0.006632421121744292,-0.003205466838213662,-0.003385905102463956,-0.0019063477572435505,-0.0028443151984128296,-0.004365125559492109,-0.005224755739957777,0.00028231737218043683,-0.0007735286220922416,-0.0030631851855946893,-0.003237100078041471,8.860315629669085e-05,-0.0008838420516275215,-0.0027083001556861153,-0.0035167950727728876
2021-08-02,-0.0025946151195928866,-0.0031565883510227847,-0.0016963932974368254,-0.0018629967979911265,-0.0036033699447539274,-0.003555668024481578,-0.001699721101651263,-0.002209835025284396,-0.0004144954999887855,-0.0008560326123212178,-0.0016155381077634313,-0.0017701667627601928,-0.003770123872035438,-0.003746593194851237,-0.0011782588826478155,-0.0016466562096012962
2021-08-03,0.006555937558699149,0.007034862191592699,0.0014501105300950411,0.001770817915638868,0.007700336937427332,0.008169825620768519,0.004963763399449909,0.005409292828172259,0.0028984554738739304,0.00324624691029909,0.0012306005051288531,0.0015586230220069888,0.005440427023377385,0.005869266994541875,0.003935643661654632,0.004324602471067367
2021-08-04,-0.007995184894552278,-0.008645308766778216,-0.008259082862798316,-0.008424172885904855,-0.004791817464237673,-0.0049543620456845155,-0.007194038564278934,-0.007728930009166902,-0.0006855822474707838,-0.001125505073057993,-0.008071354499106459,-0.008221988055860552,-0.0024075866938677738,-0.0025010430643795075,-0.005148327851098428,-0.005584838911075822
2021-08-05,0.004858409186381643,0.005212857694802245,0.004596703922687054,0.004662702617419481,0.0052786062077442766,0.005319515125697098,0.004529134154686263,0.004761550641158526,0.006763876655075017,0.007084601016577758,0.004663065597175397,0.004740595995890469,0.006773384550274044,0.0068338855022638065,0.005311866586249298,0.005554015047478953
2021-08-06,0.0033861593133184616,0.004185602889265464,-0.0014184222099140743,-0.0011920893938279266,0.002450821916994073,0.004115493022634313,0.0014470130288495996,0.0020937796419671765,0.0065574618304001945,0.007265376795809092,-0.0012849880920001592,-0.0010433601849271035,0.003380695310290341,0.004923846724031768,0.00249279528057867,0.0031455587579623397
2021-08-09,-0.0025151353318879437,-0.0026397539870440753,0.0008585298821985256,0.0008049650314148555,0.009549754646641848,0.009509110237313797,-0.001614550903309605,-0.001717460232287048,0.006843418909327443,0.00686834628183904,0.000958399113892216,0.0009074069105824347,0.011355007069678257,0.011306044463008126,0.0010224028130981625,0.0010089038631762627
2021-08-10,0.006225201968229889,0.006869081502215876,0.004588591762369342,0.004778895709661828,0.015792027794464182,0.016880488261758652,0.0042755952586123,0.004751632361782545,0.00839153195052591,0.008956368118658777,0.004559703793706413,0.004758252491289101,0.013641890476975718,0.014584563862346878,0.004811687523561268,0.005278977046330091
2021-08-11,0.008553749273534144,0.008837977261650327,0.004119285740470732,0.004195255067382987,0.0072832903254563,0.007990495608456952,0.007314575230917986,0.007525268044176599,0.01764108417771884,0.01800205773494064,0.0044361093232709965,0.004536013821881062,0.00777108076020166,0.008429264513749564,0.00975124835911724,0.010035225762602181
2021-08-12,0.0018025545333928796,0.0017287044909313914,0.002785280629324702,0.0029555069464542285,0.007369574735560035,0.007279850373698345,0.002423918407138356,0.00238207129077774,-0.0021356552001352367,-0.002251098746866823,0.002793320689052625,0.002965009932890353,0.005844819765304026,0.005771772531704075,0.0013265922336309138,0.0012491956321740122
2021-08-13,0.0011371561711445751,0.0004934142424789237,0.003948886731577855,0.0038196712678473578,0.00037865393238681864,-3.692977975798756e-05,0.0027003700658256927,0.0022247188650586355,0.017674559383084758,0.01736663610496538,0.004079247838998578,0.003954089813113746,0.0036982971539592535,0.003340836844555581,0.00721831788627143,0.006916769057464667
2021-08-16,-0.0013067599761297918,-0.0017747577509849607,0.007235381037122237,0.007292830281113253,0.000518637437026253,3.276941450726248e-05,0.0018022954809360492,0.0014347933621348318,-0.008433254654068603,-0.008920027233804579,0.007027587144572363,0.007074643364617746,-0.0009407677783670353,-0.0014323096833647852,-0.0001835805403537465,-0.000613580622498108
2021-08-17,-0.0053479278173609686,-0.0057897953771364665,0.0028886352180094135,0.0027739014451638217,-0.008982030597007591,-0.009350856330821927,-0.0025098726551141285,-0.0029025823372005252,-0.015290825753124779,-0.01579455160353039,0.002697806420398435,0.0025645691709413046,-0.010317140081145492,-0.010695980844221683,-0.0052539342360220535,-0.005726484760481008
2021-08-18,-0.012821725418145536,-0.013088788560251698,-0.010823771547648115,-0.010970065850271283,-0.004270402334211584,-0.00461092397205921,-0.012098606299894276,-0.01238479013390077,-0.008506412839214213,-0.00866910595425599,-0.01081259290013608,-0.010958369276042428,-0.003623658507922758,-0.0039745973868712085,-0.010904610499973865,-0.011140842797983214
2021-08-19,-0.004620087357378641,-0.0055221177410966615,0.00180989937573163,0.001699413151296581,-0.003864889527638616,-0.00490443796937722,-0.001502486792540538,-0.0022367642789092217,0.0064703088836362815,0.0058729499463302925,0.0017663808328773226,0.0016579064418279672,-0.001717613335493212,-0.0026480192450660184,0.0014422579445315183,0.0008400024632239069
2021-08-20,0.005321036088544202,0.005071619182351886,0.003861839815032924,0.0038879610087874787,0.008725602944817371,0.00835500883229318,0.0054446297046626384,0.0052443328144155385,0.010881405382754464,0.010750471465296467,0.0039176396645385966,0.00395353860551048,0.010568396206671478,0.010290165005874645,0.006999838132989663,0.006864138864306404
2021-08-23,0.010275235784609368,0.011052064732206835,-0.0019455396114937097,-0.0017134764208840171,0.009155182488752842,0.009596390331813627,0.005794285077825696,0.006528546716178356,0.01204250674871781,0.012712350865808632,-0.0017292171686962478,-0.0014907345435406917,0.007990442490000122,0.0084784951835707,0.006269362220156873,0.007005289243445168
2021-08-24,0.0021334034039965652,0.002884636549985521,-0.0054831162338888975,-0.005283606808943656,0.0029354201623030362,0.003946037376804755,-0.0007055528975101809,-7.430302768807682e-05,-0.00947256705076925,-0.009007606140224701,-0.005525440985084501,-0.005324981402728175,-0.000285528144568391,0.0006403111169366503,-0.0038333998876633195,-0.00333160388836407
2021-08-25,0.00029726073591912494,0.000590162584089553,-0.0034106426079247376,-0.0033832006268510765,-0.0006601631938450995,-0.00039752368678267445,-0.0009330428995419993,-0.0007272830656501392,0.003871308138151617,0.004163793723703098,-0.003326302412787169,-0.0032833454760159905,0.000770375819017173,0.0010540152079250185,0.0001951132107404826,0.0004300624270377532
2021-08-26,-0.007054964671320488,-0.007189792682277348,-0.0060033901086532825,-0.005932400681512462,-0.006413661097195617,-0.00643498140379308,-0.005876641504781892,-0.0059840695977271185,-0.016122481497608716,-0.016359024847591074,-0.006126011981991251,-0.006056314193574649,-0.00837766029924696,-0.008416818185233436,-0.008359932338714189,-0.008551716243508986
2021-08-27,0.011274058695481981,0.011832980468548982,0.0013511476546240993,0.0013122487057167758,0.011257926748335645,0.011602606886946589,0.007961151857898533,0.008419528397495546,0.021511232266741984,0.022116275785615744,0.00162663896902309,0.0016022221463108898,0.013215481334187837,0.013576456599746397,0.010868430519821127,0.011412118476358568
2021-08-30,-0.0008556941413459171,-0.0015168230104610529,0.0041760500697148786,0.0041416408121307535,0.0025464273346535215,0.001804489773911655,0.001226740625551375,0.0007380329634232193,-0.006425248361791524,-0.007051145095590092,0.003998658205761391,0.0039525398001727914,0.0006521617847552838,-5.7613640120390835e-05,-0.0003807667709542923,-0.0009028987301027517
2021-08-31,-0.0003515428249847849,-0.0007342436321940702,0.0036832993352921284,0.003533675004670877,-0.0017191362904278888,-0.0018149195025263434,0.0007590277094397772,0.0004584359064020991,0.005361457888820467,0.005121854646430044,0.00379043988219702,0.0036383766672643657,-0.0003120792528472397,-0.00041172413858246655,0.0022936130550834204,0.0020574962555630362
2021-09-01,-0.0020525501983184175,-0.001754983014970092,0.001132176963127389,0.001544605020323546,0.004668176492846567,0.006321156012193829,0.00016157500389761821,0.0003908371355703521,0.007531067699489176,0.007709202522446179,0.0011476115388157793,0.001547323414667119,0.007558605092333117,0.008893928089117547,0.002815936512405855,0.0029692535179804335
2021-09-02,0.0069241341926257706,0.006146378287689396,0.006295673329995551,0.006255123828701859,0.002429873987199233,0.00247464981130996,0.005790478237659152,0.005287337887599023,0.007735529282360307,0.00708083174439989,0.006383717505199403,0.006331996848819137,0.003826392563911118,0.003691641042970323,0.006189212063822815,0.005696568077145779
2021-09-03,-0.0034739609787678314,-0.00290240093526371,-0.001020819114128678,-0.0007507181809063531,-0.0031824195586001355,-0.0027140810986432556,-0.002617679206066504,-0.002070525240191963,0.00486683591692592,0.005285588326213015,-0.0010396971338518064,-0.0007833036922426531,-0.0025319116186362433,-0.00214419844167488,-0.00046555100084946717,5.13378320340997e-06
2021-09-07,-0.010009097258011456,-0.009986823767741519,-0.014019646265244734,-0.013450346015808454,-0.007926918019666884,-0.00828483426723994,-0.011232144957254848,-0.011103408460082185,-0.03628095981293478,-0.03607901488147094,-0.014629371416884047,-0.013978360027399368,-0.016025076176977054,-0.015427230083684898,-0.01843952446547693,-0.018115542017341186
2021-09-08,-0.0019721439613384524,-0.0016225062855370867,0.004963876233539112,0.0045345856494539115,-0.0015057101107780468,2.3458461492161005e-05,0.0010132408513981095,0.001048366739389023,-0.0015716560248669775,-0.0012826796974958366,0.005164902892700977,0.0047304367938443325,-0.0009339796595198499,0.0005906569425207296,0.001347586611826332,0.001373643455889582
2021-09-09,-0.006242056306770115,-0.007411709782681038,-0.011106670168169245,-0.011967130846541474,-0.007234026454055053,-0.008955983909790487,-0.007947353745141647,-0.009223215793339467,-0.004756211936891716,-0.005742653789394081,-0.011102813121939843,-0.011958248418477578,-0.006474618242837636,-0.00831517206278704,-0.0075490568389507025,-0.008809417404583365
2021-09-10,-0.003712271977980051,-0.0038733678870129943,-0.0069199503045534365,-0.006726629451679061,-0.0024874143716671587,-0.0023241015107371204,-0.00445534955982671,-0.004532562482756149,-0.010110524390361902,-0.010200303394274935,-0.007100380749911853,-0.00691377699849174,-0.0053564286802625805,-0.004859439725748092,-0.0063020854840853124,-0.006332083360172156
2021-09-13,0.005540850199334926,0.004814419370217128,-0.00032880687462767384,-0.00014073531233827776,-0.004024787881677827,-0.00443787800242281,0.0026906743245710585,0.0023750067784953934,-0.0025804163067568177,-0.003129940007433412,-0.0005268282877089888,-0.0003131660578301734,-0.006102420097398325,-0.006296125308622726,0.0006395337433057437,0.0003961263986118768
2021-09-14,-0.009594622715975656,-0.00913274441063273,-0.005400688589685188,-0.005050671302778395,-0.011837069466498961,-0.010803320570146518,-0.008038052024074517,-0.00755108874307292,-0.0014324195158687495,-0.001103949688418207,-0.00507970755663833,-0.0047586028149124325,-0.009704697911735716,-0.008906395319188468,-0.005598908950902067,-0.005186177262254317
2021-09-15,0.008697701909292485,0.007817550254754347,0.002376042640839524,0.002618106903961063,0.007474882381096114,0.007267952668910983,0.005685289151293695,0.005215048804300659,0.012875051537632581,0.012111413277453478,0.0026286344847141108,0.002860791853576259,0.008925619960212237,0.008538930343527453,0.0070167196991114,0.006542214752421701
2021-09-16,-0.004843745212585662,-0.004329674394999255,-0.004756998847914133,-0.004297565868712422,-0.006269380872209827,-0.006313078843402576,-0.004672183189737718,-0.004145646564712357,-0.007803687345412979,-0.007354038863265837,-0.004854866213719038,-0.004388002164356734,-0.0073772695051246605,-0.00728063076421619,-0.005545589361979959,-0.0050166092631909
2021-09-17,-0.011501394104243307,-0.011097695374513139,-0.00808898604718774,-0.00783342178434679,-0.01895939465227635,-0.019093553445582914,-0.010991338830188768,-0.010532509956297223,-0.014286215712741267,-0.01392989456527272,-0.00829670459433173,-0.008031816461523102,-0.0187660346316137,-0.018937730671130158,-0.011859724446747445,-0.011403465778726328
2021-09-20,-0.017107007363820304,-0.016647183737071112,-0.008771900979297899,-0.008331988766113995,-0.019257708655534358,-0.016438379423550354,-0.013965591166556619,-0.013702864900722152,-0.03329331545513273,-0.03279662600980623,-0.009195916765788254,-0.008718682347203164,-0.021998471448114527,-0.018793156349366298,-0.018411910249679454,-0.018033642954649418
2021-09-21,-0.002108905432231736,-0.002169585216670344,-0.003651508977756745,-0.0034201806568646955,-0.0035906810460668457,-0.0029480860586433553,-0.0023453796779504127,-0.002323367787027297,-0.010663478479630053,-0.010654411083632652,-0.0038874975278374944,-0.003638418984836989,-0.006463627685485525,-0.0054572407952226875,-0.004700816158764989,-0.00461125477806017
2021-09-22,0.008905878341474214,0.008208504605813467,5.936027403057953e-05,-0.00030366432599255715,0.007673939308091852,0.005562730406698569,0.005461107477109821,0.005008794804915387,0.025647581307518146,0.024948780880776796,0.0005238918534037268,0.00011564874453337381,0.0132686016279459,0.010416804773731077,0.010166851905386734,0.00959768093466999
2021-09-23,0.011459114793696431,0.01034359552805047,0.0028674903054838404,0.0022909058267464896,0.007440765861409954,0.004681135212007817,0.007767146721321413,0.006869583378390516,0.01226022390890155,0.011323735803117895,0.0029723461735422147,0.0023787711634306722,0.00764012893796919,0.004787170092754603,0.008062259766139699,0.007174497700776168
2021-09-24,-0.0023443356466225375,-0.0030311090334079176,-0.00222120764498473,-0.0023579418490931262,-0.005444293234696818,-0.005677012979655387,-0.0032002914030862762,-0.0038373524117297536,-0.012367511550657524,-0.01287066736010723,-0.002576475603275836,-0.0026918336690838064,-0.007921344764297154,-0.007841471112815699,-0.0059422705425471525,-0.006492955558435442
2021-09-27,0.00328948149457919,0.0019258665539780416,-0.004127694126572233,-0.004997550036482329,-0.0022802086449937174,-0.00516543399422242,-0.0011787158434127787,-0.0022769291525625763,-0.0024383260660474325,-0.00353628224148363,-0.003946525274308269,-0.004829930515485989,-0.004777680813796873,-0.0074124976619096335,-0.002586307950290157,-0.003619288065044934
2021-09-28,-0.011152180037691915,-0.011418712392672966,-0.005318871620364463,-0.004864325299653546,-0.008135382684335423,-0.005906115717170063,-0.01035642766171638,-0.01035594119852637,-0.014791132484124888,-0.014988155669588743,-0.005404155597573589,-0.004938978498274778,-0.00827624551052573,-0.006001799197351189,-0.011231041185150266,-0.011196657856659475
2021-09-29,0.003919694130095626,0.004283194352061854,0.008973226541485014,0.009103350074720592,-0.0017035807685786284,-0.000413412912035201,0.005655017285232196,0.005950804514715969,0.007466687344714679,0.007745271685822293,0.009008129177588937,0.009135249753278753,0.00017359617864213628,0.0012722414170436174,0.006655996164176895,0.006909861132333977
2021-09-30,-0.010112777369907561,-0.00978245637867001,-0.009534669195663129,-0.009392775590147426,-0.014344020260600773,-0.014727775363558626,-0.0095184033778236,-0.00928275910923325,-0.0017850033793431167,-0.0015674732346569152,-0.009390008258481354,-0.009256333843400315,-0.012030826917525867,-0.012676011552150864,-0.007291848018666216,-0.0071279310025212
2021-10-01,0.012342170182835961,0.011946159119240851,0.012891736276338342,0.012545093495422668,0.007786742813681382,0.00762592275022121,0.010298590693173749,0.009994611887886584,0.02459148163223043,0.024254162350061004,0.013059119951987618,0.012729832920037473,0.01384224280797943,0.013870578400176366,0.013540292601738663,0.013201330163136024
2021-10-04,-0.0027451043939078824,-0.002658179124909927,0.0022167200639360827,0.0021771876178620924,-0.009004550587944922,-0.00843760027361251,-0.001974322074997957,-0.0018453376516178559,-0.004760865119006868,-0.004687457868101362,0.0021617882279007334,0.002131351454818478,-0.007649071764437956,-0.007165865263512756,-0.0022811866495893616,-0.0021535272803080703
2021-10-05,0.005693677902995397,0.005335551988921331,0.0008108875799395842,0.0007562135954419749,0.00868256229328094,0.007511592341073652,0.00406122627242941,0.0038149953313082836,0.011263409404533147,0.010962282864487154,0.0009107787869923868,0.000846191993140516,0.007930347844069777,0.006932941527326691,0.005423802843882772,0.005172611500079192
2021-10-06,0.0010971533003962212,0.0012129059563712593,0.0029210043400076657,0.002775660302532101,0.007134803986346429,0.007523856541909168,0.0029013017055973633,0.0029021908772262103,0.005299640659841376,0.005394103559344294,0.002821323226931254,0.0026647859675278055,0.008562960673029916,0.009016909632716516,0.003986292034475025,0.003976166743362305
2021-10-07,0.008043666617446345,0.008061725379222106,0.008243163129084253,0.00841671929749998,0.006082142843167275,0.006245523306354334,0.007063036769829371,0.0071089176311763215,0.005638156018019544,0.005654355153345461,0.008336146153648756,0.008513222283209774,0.004684712368468028,0.004881533185426868,0.006440364653548013,0.006494676180688565
2021-10-08,-0.0008405341466329583,-0.0012622075150999386,-0.004840588081495447,-0.004710772784134017,-0.0012171403458971868,-0.0018810508092353127,-0.002691060638303642,-0.0028984096335880885,-0.0023150848948262966,-0.0026658087711971777,-0.004920768383461693,-0.004798121207335594,-0.001301216138419577,-0.0019987948513793953,-0.002871087530239418,-0.003069033384598155
2021-10-11,-0.008973806475380097,-0.008993326728416275,-0.008151337987210077,-0.00810053546189326,-0.0040571490423682,-0.0030336146715676765,-0.008738714141069213,-0.00876039175578714,-0.004783810819609662,-0.004802080145375227,-0.00828612489939333,-0.008242991076106683,-0.002970625640783507,-0.0019497251754721462,-0.007545243401318947,-0.007578820837946502
2021-10-12,-0.0007657505468342874,-0.00078171564784163,-0.0009727028152547777,-0.0013119915486055542,0.01209822848043408,0.012513026427576292,0.0003374864083609017,0.00025771571109805733,-0.004723113417267521,-0.004734529135844041,-0.0009724369933037388,-0.001317785210418282,0.01046800285654789,0.01079735069544003,-0.0006365996214328111,-0.0006971749491513225
2021-10-13,0.0032749128553063644,0.0033436146036690843,0.0005042163077237794,0.000312646454915263,0.00973465365473381,0.010016948462238034,0.0037932020078002733,0.0037836600430154656,0.008046235807029638,0.008101214229762257,0.000583059306719531,0.0003861007267845411,0.011022555485417175,0.011350940161179539,0.004888399641592279,0.004871387842279612
2021-10-14,0.012783921551769493,0.01278127759552352,0.008694323284682426,0.008609283386502901,0.02100435568793528,0.02101275931940808,0.012505020776024023,0.012424561751971765,0.012013720336223655,0.012011884631559366,0.00878220996201711,0.008689772751691758,0.019266023485366594,0.019233552816093395,0.012250898595530533,0.012184316448124522
2021-10-15,0.0047869773089702266,0.004211285254126844,-0.0009185053925197282,-0.0010858421600080954,-0.0003927765371634488,-0.0014782068601051676,0.0027020493992504615,0.0022591055523597903,0.007506264442978243,0.007025176673485528,-0.0008137569818612131,-0.0009909438602369461,4.5581949607479845e-05,-0.0008431462792926346,0.0036050277772430965,0.0031687918629345127
2021-10-18,0.00027362495568025166,-0.00019228807849757363,-0.002355218237951418,-0.002514059594248164,0.007735529636627393,0.007731918907062262,-0.001208104534087921,-0.0015493738083778492,-0.0006564281322926673,-0.0010442819377422543,-0.0022269235440930887,-0.0024026198156307833,0.006362051741913609,0.006391531049453139,-0.001434731640081467,-0.001761193214350283
2021-10-19,0.009805851901735373,0.009768520577389132,0.013873038768910245,0.014003052500701748,0.00025617157435342547,0.00018657413173887215,0.010824719770513769,0.010826125877332575,0.010334411223166511,0.01030304640627085,0.013807732168783535,0.01394667439104975,0.0006993370243244509,0.0005738488295021687,0.010980369477664937,0.010975214484804725
2021-10-20,0.00885848761322351,0.009165000292790819,0.010482701983315561,0.01064775357631571,0.0014424882479294229,0.002106967922802543,0.009893355686903294,0.010155320787556158,0.0159194670217044,0.016171546743072248,0.010429037948095545,0.010601853273979948,0.0038577221470158583,0.004564203494129709,0.01155062124331501,0.011771342183029115
2021-10-21,0.0007577563531104439,0.0009735021133604341,0.005088428242877195,0.00508630930654653,-0.0029286095168150708,-0.0031934781098365084,0.003041457652849269,0.0031944201367747546,-0.005106919703657936,-0.004924313775747475,0.0051915788102173035,0.0051952415991533205,-0.004620869902156339,-0.004948620297290782,0.0014453373887556402,0.001623219153322604
2021-10-22,0.0012181275672072393,0.001098029153337074,0.002814337537430348,0.0026296592240168497,0.011481864374858312,0.011270271899324998,0.0016019614880768873,0.0015432907791009672,-0.000560679350684266,-0.0006599214677031749,0.0026626804335541914,0.002475673018804037,0.01099870645482748,0.010778241891772055,0.001121388313903913,0.0010677675537748713
2021-10-25,0.0061577379699742085,0.0059612224403517424,0.003874218310097664,0.004008206553075519,0.012153117233708927,0.012417451468271593,0.004501616245402156,0.004362086451802796,0.00820131279086554,0.008036558318095816,0.003980183153471007,0.004118954547881201,0.010571914698070188,0.010806610270916908,0.005086806142340185,0.004946026047055522
2021-10-26,0.005035039278010809,0.0049475326268799795,0.0001119682114933229,-0.00016385380227424513,0.011737946759481154,0.011452141003114483,0.004768787496432402,0.004664782397428188,0.002038046120345053,0.0019665481334386337,7.739792956975553e-05,-0.00020068068188104548,0.007874278784661942,0.007495352493459214,0.003942081075288511,0.0038618734557724905
2021-10-27,-0.016021570019775676,-0.015409585116891411,-0.009704437743656095,-0.009586045881033302,-0.018582480493451545,-0.018730621791457017,-0.013193424907130503,-0.012722827968421255,-0.02865986108789276,-0.02814378965899168,-0.009975859773676234,-0.009871960432863208,-0.023234224150099562,-0.02358614151617917,-0.01633435555986683,-0.015830771129912404
2021-10-28,0.008177747360443858,0.008180330475868447,0.01774107503423699,0.01745102155255753,0.02015492282458505,0.020545980397706644,0.008553073562858197,0.008589923272352223,0.0162696244242114,0.01626791302311764,0.017794889638366305,0.017513851903653337,0.022794120236971357,0.02319195394474273,0.01067851965132858,0.010686661671623621
2021-10-29,-0.0029640878507516404,-0.0031118256531646477,-0.0011945815666429133,-0.0012510098701855256,0.0046397243127513955,0.004684845399479219,-0.0029485543954605223,-0.003063417618660098,0.0023780289284411485,0.0022523512549600835,-0.0012000283848084825,-0.0012655774138506809,0.004151895395973047,0.004179566306755367,-0.0016470571871084918,-0.0017714017248670372
2021-11-01,0.007461175731891199,0.0074495744620572965,0.004646668063131479,0.0045081777604554,0.0026941920321205837,0.0025305208978932616,0.005518287273023298,0.005402270079218936,0.005496539455518862,0.005530336113564166,0.004706523330174838,0.004551833658341688,0.0031984905054785366,0.0029500697247789543,0.0051042259274046075,0.004995744952426193
2021-11-02,0.004540063787491218,0.0041118726972903565,0.004401405312856659,0.004637504034241989,0.01007104227499763,0.010608854257779849,0.004858494456964989,0.0046969390668003055,0.009294275797061708,0.008823383328672853,0.004474427985458864,0.004708646498117579,0.011041086230478,0.011520705116062768,0.0059819130637558116,0.0058076905700160655
2021-11-03,0.005006007983429447,0.004196063077813411,0.0006414685040134159,2.609228475086629e-05,-0.004106572532968122,-0.005272210016321676,0.004723040619565155,0.003983366988212609,0.006961779327564758,0.006237403991505638,0.0004890913096758807,-0.00014110947960615356,-0.003474432203373539,-0.004715084997505964,0.004959000083320634,0.004223123703628735
2021-11-04,0.004566805541999331,0.003975875696072667,0.00017803851156078358,-0.00022425746804705885,0.005056518522249527,0.0041063557829242175,0.0036968109628602664,0.0031473816607976535,-0.00045417958845015463,-0.0008302635892961292,0.0003335325876632925,-7.973896041624838e-05,0.001600989004896943,0.0010243198094317498,0.0022954967709944685,0.001821973769621631
2021-11-05,0.004317548129979447,0.004618467255148816,-0.011042754497012752,-0.010153793585476151,-0.013692159937092658,-0.014505800164740687,0.00045236241754099157,0.0007498050504480109,0.0018977906685878805,0.002206940132134067,-0.011296389392666181,-0.010392326171731003,-0.013397256753597896,-0.014567554715311092,5.6950333061216846e-05,0.00031963350778963217
2021-11-08,0.0037433371955652994,0.003653769515038202,0.00029274153883459707,-0.00027818990369772925,0.00961487996224488,0.008930835904570226,0.0016535174281885267,0.001506279989100436,0.013160514517736173,0.012862919527445192,0.000675546168805267,7.017212755916461e-05,0.010109249304058392,0.009462021677640908,0.0037379529769742594,0.003561357445036691
2021-11-09,-0.0007145187867039059,-0.0005806104863177605,0.0007256028938651025,0.0009473884541244479,-0.0029730717154913566,-0.002220931494405024,0.00034417500070146824,0.0004936303401831054,0.009076821272139917,0.008957492258331243,0.000710776821626128,0.0009398385188624505,-0.00015112874373726627,0.00039758458569924554,0.00236434592739446,0.00245648530985331
2021-11-10,-0.007127343452293766,-0.007681916304547773,0.0015879086272140386,0.0014991840178924724,-0.0064156532323504725,-0.0058715612601617515,-0.0034970777130426465,-0.0039002284944499666,-0.014626270437855953,-0.014913340343248184,0.0013824290802375537,0.0013041126055810147,-0.007845632702340163,-0.007120506850109321,-0.0050982509137640405,-0.005447675384305053
2021-11-11,0.0010659591267172446,0.0009642270243960263,0.001618236471890767,0.0017559056341205222,0.0073187492758132015,0.006957865444875239,0.0004824372598035807,0.0005087775240289387,0.0028182639518571843,0.002691665586928126,0.0018491363953164358,0.00197534294527139,0.006432559891198945,0.006189318999934388,0.000797093138990067,0.0008292675763924965
2021-11-12,0.002158136556547572,0.0020609690170372646,0.0019938907775603415,0.0020513384070108285,0.0033592547122882886,0.002903066070346581,0.002270627145894004,0.0021811184954568298,-0.0017091093745052724,-0.0016990515186568757,0.0021037199606789977,0.002154424649120787,0.0025060266535672105,0.0020921025170846236,0.0013858583432203328,0.0013288584752313344
2021-11-15,-0.000857079697434908,-0.0007208334947934926,-0.002331746847458422,-0.002148902970692793,0.0022607147516313306,0.0029570195604747946,-0.001512403811614658,-0.001524153619001762,-0.0031997942733267997,-0.0030303421319796014,-0.002394092026436945,-0.002205272511583075,0.002324333305817738,0.0029965619516195735,-0.001995540840336591,-0.0019824484152038907
2021-11-16,-4.3818578374865274e-05,-0.0005531003814635441,-0.005631318786492345,-0.006183576037365511,-0.0027622619940678946,-0.0037490924579131417,-0.0009967824199951724,-0.0015122160162525924,-0.014269076752689023,-0.014359229274125411,-0.005432455962870492,-0.006005185068071203,-0.006761158478443231,-0.007374415533405277,-0.004316900189422585,-0.004716322562598492
2021-11-17,-0.006410498431443284,-0.006139359938053964,-0.00272751605307753,-0.0015487382936219699,-0.00765426599943011,-0.0052188783726216485,-0.004563021209193381,-0.0040314677457359204,-0.004503910391576135,-0.0043219612125705,-0.002786597052252855,-0.001582659233371717,-0.00537570654136466,-0.003118285887262961,-0.004065051958637841,-0.003556748244509764
2021-11-18,-0.0012952494090488886,-0.0016784848228684156,-0.0021951912824773583,-0.002444495106920794,0.009113832021313127,0.008604379695012267,-0.0018996526381707657,-0.002169891601669526,-0.012178625840402222,-0.012242238225491076,-0.0021431270982953253,-0.002384795150754397,0.006032212185324022,0.005773839773118251,-0.004543999110587141,-0.004719208960861467
2021-11-19,-0.008108011963673636,-0.009134929528501447,-0.007494008197351328,-0.007496227437059735,-0.008057114211309098,-0.009165012876889353,-0.005870101985056451,-0.006475513648864277,0.0016083130038162291,0.0005188290527393992,-0.007661709164169155,-0.00767384316055303,-0.007270980627229541,-0.008397885508854872,-0.003854686631842043,-0.0044918008611060725
2021-11-22,0.0021290502357046793,0.0022682699055731675,0.0043375142365084576,0.0036116738820313947,0.004636611580877466,0.004156870128824107,0.00015303885429421264,6.800585701038898e-05,-0.0043254668527288875,-0.004056330689408853,0.004165742693061866,0.0034487504672903197,0.0021797620065030924,0.0018052087326312371,-0.0012121958335448056,-0.001262166541720857
2021-11-23,0.007614035389942484,0.008233466457160988,0.006670705896124855,0.006507838555646419,0.012067359806751596,0.011991226767887542,0.006283154680072626,0.006655326020468867,0.010080833081749263,0.010541156038308025,0.006612847236084993,0.006462335616457669,0.012297103218318303,0.01208025932609591,0.007011783929942363,0.007337154067330895
2021-11-24,0.0015933253638177255,0.001972061000676852,-0.0014410241549084723,-0.0009940345311858067,0.004737938519890738,0.005891770510134483,0.0013833173399478216,0.001810290324192244,-0.002837992481822486,-0.0024161402717013548,-0.0012720399451904897,-0.0008229445787168191,0.004333772864697325,0.005499798907464372,0.0003492209757697492,0.0008068713878381727
2021-11-26,-0.02190708025971444,-0.022520109719968772,-0.01452854110110566,-0.014613305223877533,-0.02795241876401773,-0.028485009455460668,-0.018346955904941672,-0.018748632374029017,-0.029338476707881752,-0.029676087032721274,-0.014512827487630307,-0.014609857667090604,-0.030875403173471535,-0.031049780706878725,-0.020280434184234454,-0.020617896495672482
2021-11-29,0.0071002398395622725,0.00702045652540051,-0.0010035733778304802,-0.00018248413248780036,0.013019344614602715,0.013411433657050312,0.00677275802735382,0.0068679891739516575,0.008916650891831267,0.008806914317047491,-0.0009313878511097477,-9.894056157228395e-05,0.013816410440237709,0.014060920256575581,0.007150842195233533,0.007249310102615429
2021-11-30,-0.022736652197169208,-0.022762220517989398,-0.021956493620836293,-0.0222977901216317,-0.017336174053947394,-0.017022763978496187,-0.022296982230032642,-0.022371553506414343,-0.018449366912494755,-0.018572117040975524,-0.021864821121213955,-0.022205495396739383,-0.017004357512412825,-0.016682496738392748,-0.02139150968641473,-0.021480446221161596
2021-12-01,-0.013137975243081345,-0.013536400581534814,-0.011662055336882327,-0.011821282300009835,-0.010188595693822704,-0.010092029746196293,-0.01189315574083482,-0.01218323692497131,-0.011750985011291239,-0.01210059243207459,-0.011739176595248391,-0.011891338536823629,-0.010331648373513459,-0.010168296405555588,-0.011545477896459742,-0.011820086786065626
2021-12-02,0.021514026022957156,0.02143365231375023,0.013851438143161952,0.014179907716279973,0.025706004190600536,0.025770302640708433,0.01960138619441007,0.019720452074929763,0.018424546320772135,0.018391853108528207,0.01383591673200853,0.014166965617592423,0.027775939414732758,0.027621489369708315,0.019033240237305748,0.01916513009227067
2021-12-03,-0.0009151530011433471,-0.0014310705609971747,0.009163673361410206,0.008687455867375841,-0.00750075127772716,-0.007462214987116019,0.0016433608652378986,0.0010630260483634152,-0.00989665005268462,-0.010227435327718585,0.00913410855894102,0.008648309264594029,-0.010212992560764871,-0.009812484550080046,-0.00037495427199977116,-0.0008656786978426867
2021-12-06,0.013552429844853974,0.013109378556455676,0.010756375298767383,0.010734837258602633,0.006931277733218569,0.006778724619987685,0.013137323146145973,0.012864327558010332,0.017967098671794034,0.017547862008954834,0.010684337413805575,0.010654474301734594,0.007931304659021473,0.007700724276064144,0.014134650992325328,0.013856283932123252
2021-12-07,0.014952137327276696,0.015430673055691513,0.002775192889423543,0.002940236611610395,0.022406375170875594,0.021938223375265447,0.011898335597458278,0.012420397708703422,0.011524713550818213,0.011962583033554953,0.002808490779438102,0.002974357009943843,0.020985462982514996,0.020530792908410263,0.01120649090410762,0.011700171465784268
2021-12-08,-0.0005769049565259764,-0.0006503346890570555,0.0007698234493705805,0.0009309600184197295,-0.0019410370643027325,-0.001308214294365823,5.218465824905106e-05,1.911552373606527e-05,0.005738811185586795,0.005607090736572567,0.0007822655529744938,0.0009506694498477362,-0.0013620493575216323,-0.0007301798336724631,0.0013538260457580248,0.001297459571044401
2021-12-09,-0.006819833181712462,-0.0072670403654889046,-0.0024095852000729323,-0.002623591177959887,-0.007975680280700862,-0.008353313128477383,-0.005798745756760045,-0.006278300210844058,-0.017306547344091622,-0.017563169750699607,-0.0025039702518534807,-0.00270787675492667,-0.009872878438645968,-0.009962684185904727,-0.008013914797783413,-0.008410919514494845
2021-12-10,0.005428423454781843,0.005489035989050219,0.007910422972891244,0.00824869250758722,0.005306248278685647,0.00595997526927451,0.005980249959383343,0.006168981190152576,-0.0017509506946767062,-0.0016203090454714455,0.00785729613092875,0.008194789643449015,0.004180863664257282,0.005020359886033897,0.004418154733756659,0.004640466838801743
2021-12-13,-0.006038152907783944,-0.005009103520055103,0.006165704378833016,0.006824487426792188,-0.005950056322786499,-0.004196435099925278,-0.0011498038575088949,-0.00026585456762256217,-0.018475000626454328,-0.017476931466445283,0.005986635200613764,0.0066388669929874885,-0.008302745631343625,-0.006147430409450825,-0.004060020265453992,-0.0031072921815198384
2021-12-14,-0.0019345036185553586,-0.0022781388222553457,-0.00027168822095521134,-0.00031108239989918697,0.0017579557873994255,0.0012520371147106025,-0.0024445538055782798,-0.00287060351153413,0.00037317725438743227,6.0455701518832394e-05,-0.00027821217682204324,-0.00030542480488940024,0.001671454019335544,0.0011610311751280749,-0.0019322199740782612,-0.0023522341137275225
2021-12-15,0.008657972774681654,0.009661172152610295,0.012053902217538893,0.012674306408649388,0.018549810839704625,0.02079764777927119,0.010194898675802968,0.010886045791930291,0.01533648303075982,0.016099909890757817,0.012186201006420054,0.012821377103206428,0.02114511000260975,0.02308319138826802,0.011618672256437554,0.012246468270687776
2021-12-16,0.004803852555990486,0.003840097829607955,0.010456674771740938,0.009815126006275338,0.0008341637770333209,-0.0003428486771988692,0.006102865446765321,0.005313336045932816,-0.0014557751549373465,-0.0021909269070769476,0.010468571950485303,0.009810649677152006,-0.0007885381887083652,-0.0017342745375080832,0.004865904673741984,0.0041582497811086935
2021-12-17,-0.012437317144134916,-0.011952141942497302,-0.012441021532531512,-0.012214847540762304,-0.014230932523988915,-0.013211631682543391,-0.01153530341160558,-0.011126128459793687,-0.014493090540587993,-0.01406496373034847,-0.012391958707151277,-0.012164531587621869,-0.01505522191120527,-0.013872415834458892,-0.012079051287356054,-0.011662683321089622
2021-12-20,-0.008131606148534013,-0.00787284049315262,0.0018534528059516093,0.00196244293167218,-0.005130134949542906,-0.003566637415247719,-0.005068269774415946,-0.0048915725197165045,-0.00632234933448746,-0.006126395901634149,0.0018432047914620866,0.0019558959507736872,-0.003936907568787071,-0.002456341122322537,-0.004693391201015232,-0.0045240722495744025
2021-12-21,0.01462265780225411,0.014146912338577221,0.0032168136331043808,0.002998581671678829,0.009079375395450806,0.007686039853588427,0.010296276780132665,0.00992997015588585,0.017718322151441344,0.017286480738595598,0.003352435359012338,0.003128524245808677,0.009342851532759803,0.007813869968148817,0.011082772746626536,0.010689292631384562
2021-12-22,0.0059381861769704026,0.006002006958049795,0.006390223778939521,0.006402595075157114,0.009137196652309158,0.009280308494320988,0.005921882207630085,0.006006347033654834,0.005884459350951686,0.005938360707969639,0.006389385801638112,0.006401008284208196,0.009482518462372497,0.009599889303611324,0.005838592695804257,0.005923573021680585
2021-12-23,0.005000741890955203,0.004952951929365438,0.0015670409454706855,0.0012848490087508605,-0.00013750403812308993,-0.0007135424448831271,0.004052187443046214,0.003901893847196795,0.01298087177425178,0.012852014498652569,0.00160769386666564,0.0013238466521542495,0.002231756322511359,0.0013516973261170325,0.005798960127631349,0.005604864999099576
2021-12-27,0.012643323884424486,0.013094442509722585,0.010528381825593385,0.010953334667742303,0.019956520612513535,0.020346128538388825,0.01195229731998696,0.012501070085624394,0.011695336888605875,0.01208267298345099,0.010545579757488332,0.010969379526290271,0.02026264633091893,0.02057018973314316,0.011683670729902533,0.012212021131417382
2021-12-28,0.0017823302262577135,0.0017528565046423534,0.004705583462199046,0.004808616193696201,-0.0027792850993385325,-0.002458313891028119,0.0026840417270675735,0.002696186208757382,-0.009558348712256833,-0.009456565946091604,0.004644535981884224,0.00474457008480732,-0.004281885654762962,-0.0037530378710756316,0.00020428068880198966,0.00028178962623895935
2021-12-29,0.00038045048004864434,0.0006106403235028263,0.0012790481321156239,0.0013466132031663353,0.001564050035563738,0.001928727173869022,0.0013686703912638661,0.0015393361290826863,-0.004461703030257021,-0.004215481733319815,0.0012350079635970687,0.001295868988328327,0.00030511978721675914,0.0008193827521261593,0.00031222739191028666,0.0005112396524836753
2021-12-30,-0.001522675024277136,-0.0014954944400646598,0.0007181005500621609,0.0006273196304437224,-0.0038748303009714406,-0.003615170303027312,-0.000596074604096327,-0.0005583221116737067,0.0015601369410051648,0.0015484780534121784,0.0007115074761432215,0.0006177618733457394,-0.0032414378314900433,-0.0030372338659350032,5.161140191038991e-05,7.618150477318206e-05
2021-12-31,-0.001103778985073085,-0.0010817415148124704,-0.000755703137549951,-0.00043726363972889986,2.077110865282203e-05,0.0003708751831053883,-0.0010428873689053851,-0.0009177589923802966,-0.003464394306561567,-0.0034196782786688035,-0.000829355939756871,-0.0005099843120191239,-0.0006960164497560893,-0.00023467343216420117,-0.0015975561774907749,-0.0014600755865509267
2022-01-03,0.007893532580496581,0.007476841937796741,0.0012186683549004203,0.0003785473234358948,-0.009599471603591266,-0.01039973364241629,0.003727418234442431,0.0032332143737836302,0.003123160162046699,0.0030770923921209343,0.001331876744582476,0.0004795791860085645,-0.010560672101236238,-0.011276420127315293,0.0026855056367574943,0.0022861139670733188
2022-01-04,0.008287326862424099,0.00873170996126027,-0.00020231310605119948,-0.0003486864048449791,8.321010152332253e-05,-5.086227214097213e-06,0.004463101395454526,0.004643049779980937,0.004945424476565641,0.005540749032171218,-0.00023543590086582073,-0.00037560788057503934,8.661395820215315e-05,2.8170329349233168e-05,0.003959488086999359,0.004171924503676929
2022-01-05,-0.009811024567845612,-0.009532604361541089,-0.0010261361462872336,-0.0006465208407436015,-0.008311892416321869,-0.008074058176036555,-0.00877307741435141,-0.008555250235252368,-0.018520541664949267,-0.017711783596320717,-0.0011100526387751537,-0.0007052211156872319,-0.00932128269623935,-0.009003288523377475,-0.010719798470986305,-0.010364612320934236
2022-01-06,0.000596376931055134,0.0009505177586050994,-0.004057402508258118,-0.0036813567689536622,0.0018038219863070102,0.0020238122643080163,-0.0011189098435693465,-0.0007587534210351092,0.0003515469813984874,0.0006666787720873872,-0.004071677804453365,-0.0036945424757090766,0.002696117036408084,0.002874946921514637,-0.0010884858278292014,-0.0007349229682391216
2022-01-07,0.0013930725716407816,0.001932503235370097,0.004297889031153367,0.003948976044816314,-0.014785257139746983,-0.014402139335301073,0.0017894829312029184,0.0021066140417204658,-0.005573185878732739,-0.004658879898724983,0.004331462989109612,0.003983111799042569,-0.015672184250678046,-0.015262594583633318,0.00019039371261635153,0.0006068279742160156
2022-01-10,-0.006524926800297903,-0.0064893644104681986,-0.0010821797058141666,-0.0006151243658227674,0.0030522477795468187,0.0033427383415099675,-0.005886357876304372,-0.0056645149250175416,-0.010468008645634555,-0.010178257178158862,-0.0010284203448490427,-0.0005636451069758955,0.002506122583906688,0.0028912574139398632,-0.0068754368200091955,-0.006575670179422581
2022-01-11,0.010108670902059982,0.009767567914075452,0.0030238963226227864,0.002853881294520384,0.007130886739769724,0.007134712327348204,0.006727450841802921,0.006326075203656542,0.014117589837793541,0.013565530339543164,0.003119360714242223,0.00294239446610616,0.008091079769859504,0.008010603813778458,0.007669779356897544,0.007208551874975818
2022-01-12,0.002808856818174212,0.0026342822314968655,0.0009909314421581257,0.0007399984019385408,0.007890853058048958,0.007637085588206925,0.0027497349185076347,0.0025332053248600397,0.01132489119099409,0.010616555626741183,0.0010129180726587516,0.000757798854239686,0.009998494570014197,0.009582122589101938,0.004753990656225421,0.004390666503449923
2022-01-13,-0.005023576980461088,-0.004665756417138523,-0.0015748875591569465,-0.0015918971188687188,-0.012782650955084594,-0.011983314926598872,-0.004305943357688018,-0.004089799580190616,-0.009911573013603523,-0.009287494996206529,-0.0016443041817079064,-0.0016530694143742804,-0.013142105718367268,-0.012304355738192939,-0.005331669807590549,-0.005043486907597781
2022-01-14,0.0018072024404420662,0.0016734251601192554,-0.0023874840048178016,-0.002629402609328415,-0.0014022229063604093,-0.0015089523866970937,-0.0004725947295297549,-0.0006329719296541543,0.005830496410168115,0.005452537516277902,-0.0023554347053424633,-0.0026098098993253605,4.8439220157158246e-05,-0.00019234015677615387,0.0004637461329042676,0.00023489656860294628
2022-01-18,-0.010761970773172893,-0.01018124034657349,-0.009466268455184643,-0.009634245131901736,-0.011665945835555644,-0.010782158447521065,-0.009596518746000688,-0.009241965457962954,-0.011533023635334368,-0.01099191802407583,-0.009441981189086013,-0.009603704931181026,-0.011343097535103855,-0.010475973334671845,-0.009679526242038076,-0.009328836038157077
2022-01-19,-0.006784420342637872,-0.006899256271205161,-0.000553785681871245,-0.000963259684605917,-0.010916489887463333,-0.010334577458039187,-0.004154536114289013,-0.004409801303037589,-0.0104890905791425,-0.010342026000652461,-0.0005131680379337129,-0.0009255182125775029,-0.01188481857303509,-0.011207745422479938,-0.005015159394626794,-0.005197104515782014
2022-01-20,-0.011862060931541647,-0.011671352153336633,-0.01074574313715315,-0.011047905784063734,-0.016063931055333616,-0.0153652003460676,-0.01066876623062587,-0.010628729636602427,-0.016972195148548957,-0.01647457956844236,-0.01076954036772635,-0.011067586270852423,-0.01700765649114317,-0.01622976725638211,-0.011765340000601567,-0.011644131800790204
2022-01-21,-0.012930960558085396,-0.012642098499987766,-0.00395549821623627,-0.003700840671675115,-0.01065751915406292,-0.009232251981307905,-0.009462515990606995,-0.009141325034747447,-0.030061223982015495,-0.028688985998076736,-0.004050768563583292,-0.003793537246163667,-0.01229628929808276,-0.010715061749041813,-0.01339029871407284,-0.012751582304726682
2022-01-24,0.002307455792883595,0.002112979049253981,-0.004607195887766499,-0.004451958930077642,-0.0006910663749470224,-0.0011527692850486528,0.0008526255827283624,0.0006838567984364316,-0.002854146683467806,-0.002678357502677642,-0.004640635917945012,-0.004489158675395953,-0.001714104010364492,-0.0020432324461334022,-0.0002618147291203063,-0.00032704220791225175
2022-01-25,-0.0033894377559069416,-0.0024131059443464904,-0.004726168280722115,-0.00416044275876599,-0.00015970201512598842,0.0008919428136834164,-0.004860689361181842,-0.004062870415150547,-0.002743071610998365,-0.0019613187884635103,-0.004754496274096789,-0.004176806999700127,8.544190085634073e-07,0.0010207578438121757,-0.004447573894268422,-0.003712479525149483
2022-01-26,-0.00884844116500199,-0.009122510240607808,-0.015463819014924779,-0.01510317328079241,-0.009646742223945792,-0.010360213049089403,-0.010846392006433572,-0.01102664082360687,-0.006530534848476082,-0.006914612018449083,-0.015515776899026675,-0.015155020821020798,-0.008949785241879196,-0.009698048037071333,-0.01029204206100889,-0.010503786047894767
2022-01-27,-0.003411783232470778,-0.002783897021750275,0.000596872532192352,0.001044706776654479,-0.0029189222908880636,-0.002668319646843639,-0.0027040703026932887,-0.00222478154330924,-0.004293893754328957,-0.0037056587491450413,0.0005838562873024587,0.0010481291745079381,-0.0032557258396933154,-0.0029936241399171146,-0.002851166884430854,-0.002391947653657354
2022-01-28,0.0168862597049742,0.016532195830022738,0.015978961375188467,0.015733352502515265,0.0326495571923956,0.03271636263852918,0.017689633523088177,0.017480604359803448,0.018309617859772698,0.017916922902528724,0.0159404856715325,0.015684792116873986,0.03249120640876647,0.03259338089031276,0.018037689235191168,0.017817228525249754
2022-01-31,0.014021638256743596,0.01330373113132551,0.009978173944242403,0.009567690858703235,0.007576452942929169,0.006264546870998811,0.012811411297854852,0.012229951257195113,0.014107319571363014,0.01349553864543874,0.010134144018507119,0.009705885175675551,0.0069770036850361735,0.005710775247431827,0.01264779530359745,0.012095904267007213
2022-02-01,0.010950258432124882,0.011717229296728767,-0.0031783409457361066,-0.00312398165045232,0.005444989764684594,0.007730142927214613,0.006255250346989881,0.006737987273559753,0.01296416272381327,0.0135165524702838,-0.003121976060248946,-0.0030609460396950603,0.006116340963620218,0.008405163918392243,0.006813285073871159,0.007245786066595675
2022-02-02,0.009991702955684327,0.00952492019434999,0.01080963341979144,0.010445221604680883,0.02630684322075854,0.02443227955937355,0.010150419333399892,0.009807574383193034,0.0017817301239004555,0.0017502290511288102,0.010923599632755474,0.010541443032516822,0.025943851259640553,0.024041536863522565,0.008101739792064397,0.007867099467725722
2022-02-03,-0.00951382855415483,-0.009385220950373169,-0.005248468191275633,-0.004903052222482633,-0.007701367771339134,-0.007992919337123787,-0.008368250718185399,-0.008250587663406292,-0.00535646553699757,-0.005431104955361593,-0.005455929222782568,-0.00509817668768863,-0.006502522516349296,-0.006833121635508101,-0.007401748134339275,-0.007323530177088667
2022-02-04,-0.0009650934505631595,-0.00046633892949328427,-0.004783143408399689,-0.0045704502572052495,-0.003408137855812788,-0.001957614441963125,-0.0029542398493266992,-0.002605315709101259,0.013733646897065197,0.013506783819098775,-0.004576761393087702,-0.004365301189088448,-0.0023820852791269923,-0.000948862447144345,0.0005904147365851269,0.0007648206256568649
2022-02-07,0.0023266470700742483,0.0029260160887339074,-0.0008375581292622167,-0.0005195927596390912,0.004261712293046788,0.004973895788426893,0.0011451288340442866,0.0015547585608552937,0.013688791888446367,0.013693185707873073,-0.0008301622253908679,-0.0005019444191373351,0.005615572352168975,0.006300613766945402,0.0037900277804532125,0.0040670540162810855
2022-02-08,0.004025120961881328,0.0030524808368356487,-0.0008929538718112464,-0.0009652025584253258,0.002654157130613618,0.0018659403576153995,0.003425141838529568,0.002872049778875979,0.0029371659880817287,0.0021673321715076016,-0.0009487748301895604,-0.0010277293650165042,0.0019946788633630292,0.001189898177676179,0.0030986079420645316,0.002578339704763909
2022-02-09,0.0126067933136182,0.012218302555546828,0.005489543238522789,0.005380463247872328,0.019570580833368406,0.019135910287457446,0.010355536869534138,0.01000394478044987,0.013799729865727304,0.013420700643947951,0.005719826041056583,0.005595664481127581,0.01989279640232289,0.019458557569609018,0.010491846638258763,0.010142103905832587
2022-02-10,-0.016922118858680186,-0.016540962368477612,-0.016509651384805042,-0.017161960958067192,-0.01912922674711804,-0.018069709639519035,-0.01806100656356283,-0.017965529576923513,-0.018483629148971902,-0.018094563317007914,-0.016718561388981295,-0.017354517042241634,-0.01861370816368134,-0.017567595674535967,-0.01837914641483557,-0.018284556865590877
2022-02-11,-0.010206802133622505,-0.008379623683156675,-0.0032413652943776346,-0.0022733178285973096,-0.006686445934384599,-0.004944337553358217,-0.008517152711236011,-0.0071982548629155865,-0.018485411795621763,-0.016585454487224486,-0.0031692952239823734,-0.002189619307762041,-0.006373257605945137,-0.004615722066957446,-0.010148244103219108,-0.0087937726869974
2022-02-14,-0.006341009055696149,-0.007062786891609217,-0.00765779987061627,-0.008002785782371508,-0.006774978696680115,-0.007681573820456431,-0.006091078147306177,-0.00655981611207122,-0.0060964543324511615,-0.006713974449712996,-0.007679275440618313,-0.00802550529127795,-0.0075394813522342615,-0.00843265628521274,-0.006064757908208074,-0.006517970877137249
2022-02-15,0.0104701416520558,0.009422931102657057,0.002087811759800766,0.001411599087650036,0.0024278810015549105,0.0013845281574553113,0.0076075888669388725,0.006834129948465615,0.017944771341906928,0.016735844133216802,0.002142864280489994,0.0014591557747128904,0.002340341382068709,0.0013028365680257028,0.009166461232787812,0.008342030768034999
2022-02-16,-0.0004521061122067474,-0.00012621059371243173,-0.0015568591305718188,-0.0015388714150458486,0.0010891773517290155,0.0013635066197672666,-0.0008089560267706959,-0.0005647666666932457,-0.002943942595038024,-0.0025604359784046895,-0.0015885659884900963,-0.0015651040480047997,0.0007337987542980515,0.001029882959372521,-0.001350436001981089,-0.0010873033051555102
2022-02-17,-0.01523585324930586,-0.014661477631463757,-0.00567345111769731,-0.005609405466009288,-0.013871490593850067,-0.012567425073695765,-0.01235729067195623,-0.011926051463112868,-0.025669044392356868,-0.024727554318783807,-0.005927111429657621,-0.005838004288966222,-0.014747826034858635,-0.013361723512024033,-0.014692328023705941,-0.014163173184274392
2022-02-18,-0.008409016441980766,-0.00844017627771571,-0.005048850753918178,-0.0046885179601651025,-0.008327252661534433,-0.008849857791856187,-0.007190109973221632,-0.007124458592080369,-0.008308974284683532,-0.008339566889306423,-0.005141123134696396,-0.004769268719784262,-0.008484077358801252,-0.009015180619673248,-0.007135495521367066,-0.007067437316345
2022-02-22,-0.006636163123505223,-0.006806773886865818,-0.004084089036383014,-0.0037668658679574215,-0.00687748620429122,-0.007678252943617347,-0.005294744822090077,-0.005303701425987773,0.0010145262277304044,0.0005347818341276379,-0.004086040103194393,-0.0037719301526861876,-0.005679512612166044,-0.00653148871876396,-0.00349126364444268,-0.0035762612082186145
2022-02-23,-0.011444759515712766,-0.011039686769832973,-0.0035553541655376367,-0.0038879512194767156,0.0073510670095665994,0.006222979479717734,-0.01021298169803065,-0.010194020759331178,-0.013019673685019415,-0.01260991319161511,-0.0033653031601962695,-0.003705556851726028,0.008358803946989101,0.007149291638377147,-0.010518887364977657,-0.010500904990625816
2022-02-24,0.00664616201331293,0.005644198844535545,-0.0016278607935613955,-0.0016021955643293504,0.0013489231941483633,0.0006213822584095084,0.0051088324721283215,0.004498200740359245,0.005844886592826032,0.005037799844046142,-0.001468606063650979,-0.0014644182784037158,0.0007635587012206437,8.699100830994255e-05,0.0047498138789478376,0.004179872724476759
2022-02-25,0.025427521482620962,0.025680071745827215,0.02667555468623417,0.027383519528514068,0.035227703784301054,0.035529607251621256,0.02564065936390508,0.02600457122624704,0.028299068288828368,0.028385146042147487,0.026521914580922106,0.02724694695204628,0.03544747654452697,0.0357599222151068,0.026341113161775523,0.026663103727458812
2022-02-28,-0.002195598379704531,-0.0006936475675416513,-0.005409499191060808,-0.00436324019538374,-0.005126375275457549,-0.002158368564643106,-0.004326960567274889,-0.0031598449011339953,0.014981012301147338,0.015488570708799283,-0.005326900945174991,-0.004270143091672133,-0.0033451153216032016,-0.0003199176443397818,-0.00014134150492450592,0.0008141757044529631
2022-03-01,-0.012896231197349312,-0.012487447667770619,-0.002884339507646043,-0.0025994955806208407,0.004694336762461183,0.004919008458328517,-0.010204478164293283,-0.009863542630167896,-0.010226922298809876,-0.00981831814195811,-0.0027237077129608576,-0.00243956987631422,0.005213034712999383,0.005447828547899417,-0.009367664364124246,-0.00901265491125952
2022-03-02,0.019780619392027854,0.01996241786688713,0.011854952811183834,0.011906502349167649,0.018985660502452317,0.01878637145563846,0.01722934330979878,0.017387985885761154,0.013323609703012582,0.013282734778040928,0.011967535452725457,0.012031196635665096,0.017929530915146877,0.017721304976484508,0.01568956816575027,0.01578196834123985
2022-03-03,-0.0008418490610408497,-0.0010693259538362666,0.008868143717362196,0.008792686935409395,0.007779798380702831,0.007601507389479259,0.0025848448189010396,0.0023905020771000205,-0.003943445898772509,-0.004223859980414336,0.00869824029872725,0.008623126562987565,0.008466293577192892,0.008296158061450537,0.001847456966969289,0.0016262699516570148
2022-03-04,0.0018169686926337767,0.0024150980849116147,0.00636828508935161,0.006311345558912234,0.009757168376007425,0.010022611746571887,0.003667003812940562,0.003995186020796582,-0.010092048189367155,-0.009949711282533667,0.006293721443049514,0.006228465285089176,0.008033295184730595,0.008298406880798297,0.0009228165980792486,0.0011281793641184936
2022-03-07,-0.01776749892036473,-0.01757289273514706,-0.009476887200015759,-0.009802824678534602,-0.010853751987269065,-0.010590341241016429,-0.013887213113379522,-0.013931631438200885,-0.01776908707754453,-0.01760792415502975,-0.009276802261560642,-0.009604304855724678,-0.010392547594869605,-0.010103302933561412,-0.013735995946797145,-0.013777354881791885
2022-03-08,-0.004451663647359793,-0.0040289302436495224,-0.013582839430601122,-0.013326364686368353,-0.022842524990731247,-0.022900633115849174,-0.00770506372750715,-0.007372609021418786,-0.0005181088985887559,-5.1275326406768374e-05,-0.013361521248428775,-0.013085588884793768,-0.022366772267648875,-0.022413113772226302,-0.006677189465013923,-0.006318693196270258
2022-03-09,0.015019626125899074,0.014552897003214507,0.00397433952285189,0.003951264005315793,0.008723143988958286,0.008183528062633724,0.011806582206426719,0.011511722595164375,0.02275385732553449,0.022596572784623542,0.003997143872752434,0.003977074426996834,0.008790980567169667,0.008244206568930776,0.013592516152827652,0.013390977686059995
2022-03-10,-0.0008810613935192377,-0.0005378175676896572,0.0012493955506159972,0.0014989880861074269,0.007353149430990114,0.007589840722857337,-0.00042030990176112595,-0.00016743421609640406,-0.00828375011728297,-0.008218928179701676,0.0013714928304949011,0.0016310303609101556,0.00632906546436166,0.006572690444205754,-0.002191931774526015,-0.0020215150166582236
2022-03-11,-0.008321164119682882,-0.008506329977078612,-0.00458070154144562,-0.004604710686360611,-0.007032603468183768,-0.007280348470106662,-0.007649225413394159,-0.007824356393132339,-0.005725738540850365,-0.005802163933424249,-0.004840807230583411,-0.004873274118305057,-0.006899730610132523,-0.007141599347665023,-0.007026999171162577,-0.007169500165148959
2022-03-14,-0.009521426509802984,-0.010169930435930155,-0.002860764704725223,-0.0028720580945077088,-0.00853724322182169,-0.00887784684475493,-0.007455836734077507,-0.007923766018925707,-0.003629062472281809,-0.003991546068394638,-0.003527881388451326,-0.0035471667315317965,-0.00792864421634595,-0.008277511307550172,-0.005924846486619562,-0.006313920090588644
2022-03-15,0.009821014009503295,0.009434530031785656,0.0076869893851960434,0.007561245962681496,0.008166991056299706,0.007623852234276139,0.00948461826533875,0.009203809313870605,0.008665417098065818,0.00831098935002845,0.007528068984294111,0.007397275502280775,0.006787065151079795,0.006227426160240781,0.00893855163538712,0.008652372080815452
2022-03-16,0.01583014592972459,0.015594821988007917,0.0051165509159006445,0.005142489036912381,0.006151244251127728,0.006199766630424708,0.012855375677964223,0.012767066053633883,0.02011624343873986,0.02004840245882674,0.005421897273814268,0.005456979381726878,0.006707518698063482,0.006751080157206506,0.013741958360543286,0.01369790883474415
2022-03-17,0.014569366617528789,0.014981047468824386,0.010991321991524684,0.01099769964046896,0.019825226375425407,0.02027575167572893,0.013453731161993115,0.013745961086122999,0.011785017412108271,0.012043483481409894,0.011042674609326895,0.011049492334279784,0.019733802581311695,0.02017357869620822,0.012886159975235947,0.013147067171442572
2022-03-18,0.004900691902451892,0.004957001873653916,0.0029498684632961406,0.003055208033849977,0.007414412636826448,0.007496025963389139,0.003653017227253185,0.0037453554111296894,0.007895695606537636,0.008031155650322376,0.0030862099246691094,0.0031914988675507813,0.00713858933252143,0.007218214343705177,0.004306197537227768,0.004423190747455292
2022-03-21,0.003616403556229849,0.004117056680720256,0.002094543219332873,0.0020370622448358192,0.013715367944843938,0.013863214566856307,0.0024218227605950823,0.0027304302421793077,0.007010971569600106,0.007526370111330629,0.0021507495335213863,0.0020904781726891566,0.013534729892343295,0.013698366021617713,0.0033113637678492706,0.003639181944915143
2022-03-22,0.0055469342443239394,0.005264078478696092,0.004467044268043101,0.00438441519113749,0.0019868891429922894,0.0018305702253210926,0.005260970070837735,0.0050707167930135345,0.015103216163539686,0.015152281467141262,0.00450751551038317,0.004426072922160062,0.006132975976058224,0.006026705723637295,0.007393496200026782,0.00729417045203274
2022-03-23,-0.009675333619606638,-0.009379217705872576,-0.009316635818590416,-0.009246131752202616,-9.830896097578546e-05,0.00016921026828135496,-0.009116004356047565,-0.00894932707901909,-0.006049250070386995,-0.005696422993271483,-0.009280625842282316,-0.009214623601427253,-0.0003296628989479596,-3.760959067165945e-05,-0.008029511601610004,-0.007828343269757341
2022-03-24,0.010775713212324893,0.010820351582911558,0.006534498493649219,0.006541685036146881,0.01731555580813912,0.01711816001463495,0.009152825075064071,0.009193726138987446,0.013068632416285834,0.013173604307477051,0.006561883655823579,0.006570581947895879,0.017972358204419805,0.017773759941265916,0.009574409109643798,0.009630410316740449
2022-03-25,0.009012400337871583,0.009019888625530745,0.008643832725509053,0.008627237740201162,0.011288892787565164,0.011484021631677149,0.009255589140818319,0.009249575765559154,0.005595401879406857,0.005500277974651412,0.008624284309307945,0.00860620268133846,0.01115180002218397,0.011351097612971114,0.008579154351850445,0.008541484068536309
2022-03-28,0.0008465485017869987,0.0006342650100179167,0.005798155985341982,0.005826393039386871,0.002296527522779451,0.0019207470104067974,0.002937309324100003,0.0028238481067424295,0.0014474188611262038,0.001289383236698195,0.005707127374346707,0.005731798016155549,0.001901777712485731,0.0015000915362346023,0.0029400946551281105,0.0028307333297867858
2022-03-29,0.012421936723784475,0.012492186940167464,0.012209850076801136,0.012065634372687982,0.009249228010795332,0.009028562128295711,0.012484844858726155,0.012562048250130268,0.012684810195777252,0.012750800053226317,0.01230033984870423,0.012157017308632629,0.010136892619561555,0.009907599712634317,0.012477154996252666,0.012549214623883958
2022-03-30,-0.004279865159334702,-0.004058236434212194,0.0007248471454839795,0.0009371296041119875,0.0006507506588750039,0.0005955391515009513,-0.0022944400544610472,-0.002130499698725263,-0.0019830263042148024,-0.0017313209588822353,0.000634119803970826,0.0008451264662415744,0.001043179259928583,0.00100168637822128,-0.0017335409649561222,-0.001554711102939537
2022-03-31,-0.014612859704207257,-0.014625976302231718,-0.008524771900690224,-0.00871526848727548,-0.011281653713328604,-0.011330417018587141,-0.012494778598475899,-0.012543452072325828,-0.017306133656382422,-0.017396865250811324,-0.008704491938440397,-0.008902947371909603,-0.012126639660349173,-0.012180595260209648,-0.0131574504844566,-0.01323125175499744
2022-04-01,0.006186125023239843,0.0058814149195524764,0.00886564806999016,0.009112510098871764,0.009224424143292026,0.008861556599230712,0.008287468520693267,0.008116177266441729,0.007345515668125023,0.0070334766113379224,0.008832505503714805,0.009077642535963317,0.009059863977493041,0.008747198637764617,0.008670355570089576,0.008511915824906274
2022-04-04,0.0023851263573864533,0.0025304392171847027,0.0024309214813641356,0.002169599373189997,-0.0033089553267969312,-0.0028283928929328447,0.0012896485729882866,0.00134037416215965,0.0008953739066797085,0.001072518040128316,0.0026058487026464905,0.0023423914286998153,-0.0033223518990022466,-0.0028823666310629496,0.0007827963633876853,0.0008340960256746536
2022-04-05,-0.01069834050561134,-0.011503233983235887,-0.003626972729735148,-0.0036157303460907565,-0.0017870696105068491,-0.0032319655647368934,-0.006983315914629014,-0.007642939611423368,-0.013658704065118675,-0.01422481681058048,-0.00394166768040781,-0.003936297630962149,-0.002556794195164433,-0.00395577781580613,-0.0076862147036724695,-0.008279720956028424
2022-04-06,-0.0012633246356550418,-0.0020267379291525347,0.012630337179125251,0.012296661557565453,0.017623186077379383,0.015580597051598104,0.0038882607531486577,0.0032117333967393,-0.016328677696710422,-0.016411818037358562,0.012045279035520431,0.011688898724560342,0.01574081822650154,0.013817675844399763,0.000330754692401029,-0.0001737847292542717
2022-04-07,0.0016102370143205452,0.002076326697086797,0.003330443310572573,0.00365244270875845,0.012812610890669504,0.012948949691602431,0.0019270314387637459,0.002311040367863006,0.0073646229308320385,0.007542868654520489,0.003446082078023157,0.003783375197711137,0.015136090124829115,0.015249011670124086,0.003249690350825944,0.003584827325339805
2022-04-08,0.0031541323434364893,0.0033337682283092474,0.007025461086706169,0.006984704098803568,0.005248630223074529,0.005634196169993206,0.0038339938690852616,0.003962030698312736,-0.004348636173546209,-0.003920064491538764,0.007033119685088811,0.006980652807222673,0.00445856312712001,0.004952296386281461,0.0021877197740440236,0.002391231476421334
2022-04-11,-0.011840453695113766,-0.012736824739368558,-0.013835338687234588,-0.013933424936822208,-0.025354040444119506,-0.02600914513818995,-0.01148886620423149,-0.012132146537325594,-0.023264955744011714,-0.023594505802031096,-0.01394430411188494,-0.014063387368700851,-0.026628901807602176,-0.027289454467552415,-0.014291073244784807,-0.014821020678161411
2022-04-12,-0.0008602131354637923,-0.00047732094079779583,0.0025777000038438537,0.0029391729440052944,0.0036329169733938624,0.004479454619648589,-0.0006523468151508913,-0.0002731160799634106,0.004007312985704973,0.004148547343930707,0.002605928799311168,0.002964527210356989,0.004226831251260484,0.005047964066929207,0.0006123361528530429,0.0009500515432312001
2022-04-13,0.009111691535789813,0.009663329032261853,0.005412551567467116,0.006271796981372254,-0.007357135446081215,-0.005490272523644053,0.007204713276162275,0.007782081522505002,0.013787966587576847,0.014077943719250722,0.005680972059642789,0.0065356997239670546,-0.0077343368875587345,-0.005953486848557258,0.00830098893152778,0.008817666064639235
2022-04-14,-0.0021576094399995685,-0.0023673656545917824,0.0017922740300697383,0.0015680838823863192,0.006495692945428868,0.005754221975789491,-0.0009554536439787935,-0.001091832306390663,-0.005741101907638509,-0.005784525336703035,0.0018094242131353367,0.001583248534631005,0.0063686271813482576,0.00567362724351261,-0.0017845994404217735,-0.0018674331715527511
2022-04-18,0.0008561339045568395,0.0014352620035034333,-0.004763270841748303,-0.004721527755042296,0.0017104992752165508,0.0030256490184281996,-0.0014765434714860705,-0.001025744780264489,0.004428319975481326,0.004782251033524138,-0.004646287230207953,-0.004583977693761425,0.0015593724570661244,0.0028548438601844394,-0.00046434678883842733,-6.725339319856788e-05
2022-04-19,0.012514123824200307,0.01223142405684848,0.008726416798452586,0.008653298910333802,-0.003021353599886109,-0.0034131253795039143,0.011012116187599204,0.010800994494394079,0.014011769138049196,0.0137189959856402,0.008669968251991563,0.008595033566175726,-0.0031197747866122056,-0.00350856185572933,0.011221288427257404,0.010990956867260628
2022-04-20,0.0015008733592365077,0.0009711832999851492,0.003711712977615382,0.0034763198388415807,0.005570075175672197,0.005055952433822899,0.002942697484678965,0.00251059636715544,-0.0007653785091205792,-0.0011261543101311554,0.0033559328675365997,0.003101721560493177,0.005279009667276936,0.004835227110953361,0.002446012938705386,0.0020695617117952123
2022-04-21,-0.012365582660085608,-0.01325650121871958,-0.008620890992552947,-0.009160065933093701,-0.015854019204982944,-0.01793689996456474,-0.011052754587214325,-0.01178694690743082,-0.013784294691622687,-0.01447970066603828,-0.009322681055160414,-0.009884846406788429,-0.016074114813826736,-0.018073161212359645,-0.011303073200332607,-0.01199234914228889
2022-04-22,-0.02310687701405425,-0.02323211108212287,-0.01558466750989941,-0.015961022686239425,-0.02610479536126543,-0.026426489491161272,-0.021048502364704538,-0.021215122625095385,-0.021214101715744404,-0.021389310299434472,-0.01569199468958336,-0.01608973790884957,-0.025316532630870116,-0.02564339259660618,-0.020617737539166354,-0.02079005796414802
2022-04-25,-0.002562322005097424,-0.002985902557220466,-0.0009399301205339457,-0.0009999945141357862,-0.006979768283808283,-0.008129005642774864,-0.002498128807391569,-0.0028560176490410286,-0.0004408850273058632,-0.0008750220615012092,-0.0011291593024074236,-0.0012039934161611327,-0.007010850545282092,-0.008189744167558704,-0.0021159262757261058,-0.002493555767631855
2022-04-26,-0.02058994664206025,-0.02024943318811485,-0.01466017030794353,-0.014502060589443854,-0.009614112316877383,-0.009955644265002695,-0.01793492793238826,-0.01766288564811061,-0.028544543537566,-0.027964187006917066,-0.015070752124105129,-0.014920209885660105,-0.010700262063937213,-0.010971524307533117,-0.019814820635485304,-0.019473200015910918
2022-04-27,0.0004532832337849469,0.0008267632111694516,-0.0025748359968205,-0.0024263489901551524,0.0021931602504060804,0.0022066318033103953,0.000302145636287385,0.0005985850378894427,0.0044478831711573215,0.004613533319325346,-0.0026735503722051766,-0.0025226587553877676,0.00246978862589393,0.00254102847178601,0.001313030757929944,0.001573458647393135
2022-04-28,0.0175969767603209,0.01871026519027995,0.014419335783342247,0.014710515130607702,0.018853482619291703,0.02071236612863383,0.015836779624446316,0.016671965526212446,0.016149437880903197,0.017137638211289715,0.014768465005938869,0.015071161395683066,0.017886051652788955,0.01970892670426984,0.01549924977189604,0.01629146128689246
2022-04-29,-0.035137233680550675,-0.03487650678349772,-0.032185308034232626,-0.03156272008697974,-0.05425428353628932,-0.05256949450036524,-0.03407325781857773,-0.033727517086694886,-0.03535914037351933,-0.035132043785971054,-0.03188334347996296,-0.03128608567108267,-0.05455706023954955,-0.05288833046074693,-0.03401051123557642,-0.03366725533247189
2022-05-02,0.004282752066340887,0.005234235434486286,-0.0014287861729970726,-0.0011478560274106279,-0.012566887225097098,-0.008798934325759298,0.0011671356518368205,0.00193034449472211,0.0030438634196666235,0.003894351289329516,-0.0008598076360757877,-0.0006413120488155135,-0.012987239888862854,-0.009241934869183663,0.00067269357609248,0.0014163958770584365
2022-05-03,0.006419254004216235,0.00689657525989058,0.002764647113201675,0.0028306324630668553,0.007946478390590497,0.010144678078256449,0.005362498382881528,0.00571440098919392,0.0035640299123010422,0.0040840253264480784,0.002715081349907897,0.0027844954801204917,0.007989289483201899,0.010193147680070652,0.004578292443339765,0.004943345469350201
2022-05-04,0.03059747582803359,0.031596284647217525,0.02382940697156098,0.02436027044759365,0.017979555290467013,0.020987765117857545,0.02794712351781663,0.028827098813685007,0.04177919186906608,0.04215276919860887,0.0241055129516837,0.024634588991493598,0.01779163533940775,0.020815560969746225,0.030879875944329848,0.031601616685547416
2022-05-05,-0.02522333353713442,-0.024992476050774863,-0.014046372507635414,-0.013580880068109178,-0.02211950917212625,-0.02022677450164777,-0.021484071964429488,-0.021278115191096274,-0.03567404621053816,-0.03504481093806176,-0.014377644225194434,-0.013920716917601043,-0.02255958212378955,-0.02064158937068391,-0.024186038830475848,-0.023870956370241787
2022-05-06,-0.0037348140552296684,-0.002323324505724067,-0.005532184079625723,-0.004382940566209026,-0.00023989653353871432,0.004519012636018329,-0.0037027024319593546,-0.0025224570041229933,-0.0014604223199472907,-0.00036910733331205843,-0.005642020162835898,-0.004475723636969657,-0.00046018683226751057,0.004299750690775586,-0.0028482517662656672,-0.0017551518134095918
2022-05-09,-0.03505511084284932,-0.03716073921612347,-0.012131534239374665,-0.012470525397957784,-0.05176410977608776,-0.053346236964976264,-0.029011207229845955,-0.03044870868955563,-0.05231015937226137,-0.05336082681733637,-0.012946318506946997,-0.013288619959060454,-0.051822256190754874,-0.05337765131264356,-0.033749064574140494,-0.0349207148969039
2022-05-10,-0.00435015726679066,-0.003188958998490804,-0.008212467547737943,-0.0076394439937215505,-0.007336541409791163,-0.004145158924880845,-0.006250353999916858,-0.005258368237798329,0.0022894566308399125,0.002988655298595951,-0.008166269287615522,-0.007589043641155154,-0.007664957027239393,-0.004423252305515223,-0.004527086335855465,-0.003651435503446326
2022-05-11,-0.003418132781437833,-0.0034774708928111994,0.006802623497893894,0.0054265444581252775,-0.0004936532309188646,0.0008517150965475087,-0.0006009875700080693,-0.0008507233130561767,-0.026863850658016598,-0.025937243055536345,0.006926728895055806,0.005497129008891882,-0.0007033313582036104,0.0006458077733626898,-0.0068539338650837195,-0.006845474611545453
2022-05-12,0.0022033135934364755,0.0023077158048802307,0.007518315413567186,0.007972300186912593,0.005675863001313991,0.0058945164420597515,0.0034507900489458188,0.0036250593726835163,-0.006284836576940929,-0.005843595327102789,0.0074035837631280755,0.007863900378692303,0.005721958174919992,0.005945466575875549,0.0010930504949035005,0.0013484939480051033
2022-05-13,0.022291124944625016,0.022995754486883655,0.010208279089305973,0.00963954948084159,0.016561808528937454,0.01666706972066684,0.018153363495481266,0.01841253514022367,0.029710343488453375,0.029993430023863645,0.010129464045886074,0.009587027294189695,0.016415261431194404,0.016474135623501807,0.01997457157337588,0.02013125465234423
2022-05-16,0.0013181692032246065,0.0024011965039025937,0.006155020547903896,0.006327975742802128,0.005411420173667601,0.008594115424656549,0.0025505258453267384,0.0033685427811819997,-0.00883745881756987,-0.007504456528320503,0.0061773452961712254,0.0063386673130458315,0.005073387750328742,0.008261911317683012,-0.00019194186087713618,0.0006997297059444779
2022-05-17,0.019450539934054743,0.01916426437342399,-0.004911529068961315,-0.005582311420248216,0.006785761746145476,0.007575527279047698,0.014037780687965984,0.013684329631919302,0.02352217655826354,0.023112050819529033,-0.004127125224329417,-0.004807149710424443,0.007018097027959213,0.007806383551545815,0.014988371198825434,0.014579656838145128
2022-05-18,-0.02801387185213911,-0.028924269210012135,-0.0255395805519538,-0.026431474768522444,-0.03288766317846564,-0.031639831452257905,-0.025200802222498347,-0.025999405737895224,-0.03656835295238527,-0.036977059524699166,-0.02524275674995915,-0.026136774979887745,-0.032575061862159735,-0.031305741196098816,-0.027434588258777624,-0.028103341189471918
2022-05-19,-0.0018228315479148114,-0.001787851593173076,-0.006406023207678809,-0.006375804897061891,-7.004219314808617e-05,-0.0004800407627244239,-0.0021107509421933288,-0.0020717770405651644,0.006398791311356195,0.0060857697023138846,-0.006015831109132082,-0.005968594655874482,0.00015183150158211032,-0.00024555189138261745,0.00019290225954863202,0.0001530067371219482
2022-05-20,0.0006859801810684973,0.0005051032940932942,0.003771073966585422,0.004033078558161549,0.002630292061411403,0.002563203602446806,0.002749585181847609,0.0026132808998389832,-0.00472162270689022,-0.004648392977175585,0.0034701747119941302,0.0037737919009901096,0.0025004358159903014,0.0024492937549633,0.0012827882813312244,0.0012216261734772202
2022-05-23,0.019290594368582815,0.019357898764772393,0.016378118068204765,0.01607063518510264,0.016185396032547303,0.017512899221571877,0.017269650994783132,0.0171961188704891,0.0106081092658785,0.01102627182789894,0.0167393315347037,0.01634572492753553,0.015912882306386808,0.017270218330972684,0.014777746441829878,0.01480221179269447
2022-05-24,0.0004160499764193643,-0.0002824151079983218,0.010850426092902005,0.01039161174395646,0.003899054985255943,0.003784520228464589,0.004704954611856773,0.004006044988448853,0.005686548913250514,0.004880140506729621,0.01049288042328833,0.010043343170601193,0.0036603119426203293,0.0035745832672753842,0.006310574074411146,0.005599599557409588
2022-05-25,0.008934932428617256,0.0097210678039133,0.00507541681042986,0.005583310534378948,0.01059584227363094,0.011913936536930061,0.006956377217570816,0.0076226120147143165,0.005888223167806834,0.006675682244496868,0.005173074723776744,0.005709146602778724,0.01060052064303561,0.0119146056477775,0.006128243685709043,0.006796784861409175
2022-05-26,0.015234428874930364,0.01585053841513647,0.005088734842875703,0.005039721696353524,0.00906429999985863,0.009146512002682315,0.010845829290961534,0.011306024016783146,0.004244669034147537,0.005220072101068309,0.005345782301419316,0.0052532809556453085,0.009109311317911827,0.009171069585389362,0.007782796861856878,0.008324327637043225
2022-05-27,0.01958241057376831,0.019842091336690768,0.01068027384423331,0.010681263925485632,0.018533641724851096,0.01690974385457728,0.017153230752976888,0.017228957985309715,0.011565068511086296,0.012117178165483142,0.01076767757383198,0.01078936579074236,0.018704065188095392,0.0170549522118094,0.014825506767298949,0.014966313973391633
2022-05-31,-0.007686832348451913,-0.008328025323553576,-0.009077929270732912,-0.009393129207174932,-0.015910514244402256,-0.017038096080663867,-0.008044035833891133,-0.008495642848259868,-0.004450962361167223,-0.005124508181403713,-0.009157209107498402,-0.009507383739715273,-0.01576665963429348,-0.016919130157335236,-0.007184672889126267,-0.007644332335726677
2022-06-01,-0.005248085487194567,-0.004614972024218631,-0.00567115742915972,-0.0050937075661401645,0.0007935214514649754,0.0022479632869384114,-0.005500942584844217,-0.004956656014438453,-0.016220122078898152,-0.014872239627252442,-0.006411836818636505,-0.0057926987548658085,-0.00012954006743101144,0.0012175433168768082,-0.009208385127077341,-0.008405505820269162
2022-06-02,0.014666480722361935,0.014439416872974247,0.0017777696059242958,0.0019286908192297108,0.0004490315414775343,-2.98750835738029e-05,0.011366017855221957,0.0112979486723551,0.016240133807354812,0.01593088574399419,0.002495292783776255,0.002663504973838926,0.001307540768096104,0.0008163170086813125,0.011678231272000898,0.011562621074260036
2022-06-03,-0.00828168804204499,-0.007439252442487608,-0.004924864565279095,-0.0045666343199241306,0.0037846967744541386,0.004786854960148091,-0.007441180173433235,-0.006832105854570986,-0.011271403291995528,-0.010336234648334297,-0.005113174450824844,-0.004728647848250793,0.0028266997200634665,0.003757721094855587,-0.008374277079685766,-0.007728347421474442
2022-06-06,-0.0004726634839063059,-0.0006500575694013914,-0.004828412610308365,-0.004793173051800262,-0.0030603113344594714,-0.0033066446820846462,-0.0008767816252673948,-0.0009892173342399598,0.004473021448710696,0.003954624375292839,-0.00433540093189763,-0.004309938707461736,-0.003000406821658049,-0.0032390150510805153,0.0008094492627798622,0.0005810739180636724
2022-06-07,0.010212564518665375,0.010874595502222906,0.007471091633091315,0.007876204507205165,0.015106930320557184,0.016015235158442016,0.009224210979830188,0.009826979300233258,0.0065155047818208104,0.007350781474211365,0.007378904950760551,0.007802179907779082,0.014060574551099943,0.014854088895045891,0.007926305683307523,0.008586555489459097
2022-06-08,-0.01288874606797629,-0.012554905471512138,-0.009484370039496181,-0.00927643398085089,-0.007024068203398475,-0.006678357712428291,-0.012475550809141598,-0.012217507181552838,-0.013009352302863542,-0.01271802455362487,-0.00979327024965086,-0.009555924321722404,-0.0073852646192529995,-0.007039680875585196,-0.012591589258687268,-0.012342614001146284
2022-06-09,-0.02355902207801281,-0.023532131737166166,-0.022119394289168152,-0.022110055467520432,-0.024655582376587517,-0.02494718384968957,-0.022281887819652603,-0.022202731511866372,-0.020680984995779594,-0.020872605714182545,-0.022477711754256807,-0.02246213111568341,-0.024723123410690714,-0.025028794033208165,-0.021293783487171935,-0.021287400965007457
2022-06-10,-0.02572519852341478,-0.02560971765059108,-0.009080185022397609,-0.009346669299018923,-0.012185385456552383,-0.012370808284372087,-0.021050541681441253,-0.0212457406841705,-0.03016926038223657,-0.029740588323690437,-0.009355658808489015,-0.009647560191905134,-0.012501384701166072,-0.012664764220615394,-0.022020018201524376,-0.02211546777611925
2022-06-13,-0.04038529147505947,-0.04092734767377525,-0.03227633296687855,-0.03268455904339768,-0.041189869802700264,-0.041940227707174565,-0.03752183603217514,-0.03801027318589799,-0.05473765216540985,-0.05412709615627902,-0.03319957925207911,-0.03347683023440348,-0.0414875614043079,-0.042238034178428786,-0.04253389934848499,-0.04260483739462038
2022-06-14,-0.0064914420956831,-0.005680035873997258,-0.014325194141955407,-0.014041601444482707,-0.007783247789202555,-0.006488623083518576,-0.009323997222270796,-0.008636789567485524,-0.0034627853951064973,-0.0030021226194473106,-0.013897818523191552,-0.01365566631408242,-0.0077504610919049005,-0.006446973571970265,-0.008579780197333216,-0.008018391680548902
2022-06-15,0.010895650187921786,0.010599103225886482,0.003151358929832582,0.0032218281062914773,-0.005779226558504296,-0.0071856642863087775,0.00906118852432198,0.008953905864867608,0.019983917419261744,0.01905619762589487,0.002829080630613322,0.0029206008271320805,-0.00511527495252411,-0.0064981217415655095,0.01177356293702007,0.011452097348716654
2022-06-16,-0.02883302653138866,-0.029680165879316066,-0.008930737626768636,-0.00976247292993657,-0.021999410064702622,-0.025331032983986868,-0.02321556060830428,-0.024201889891410186,-0.04189225555299425,-0.041636038289497135,-0.008669811271260777,-0.009517616629448175,-0.021266431447458285,-0.024448296919138687,-0.027300036940130744,-0.02791672794765399
2022-06-17,-0.0040129501461385695,-0.004747834970453561,-0.0036054015298758466,-0.0039110458936360585,-0.022970884146958897,-0.02565929394902871,-0.0038100887116805354,-0.004321240428507168,0.002732871883782614,0.0016089000981811886,-0.0039956164130248014,-0.004250200263516642,-0.021031707468773458,-0.02347392742882159,-0.0016624435371648321,-0.002299870076280051
2022-06-21,0.021283145794544635,0.021896993693891767,0.022559662989729515,0.022704956697856958,0.03675077823824612,0.0375786471672917,0.02162106094773391,0.022034178930307166,0.018731182956851004,0.019440419367330996,0.022431013103889653,0.022604059682694914,0.036140497236683326,0.03687438106995984,0.020922796376500602,0.021371911632570836
2022-06-22,-0.003436148511325536,-0.004064241043689073,0.004051006500035912,0.0031815557047094175,-0.0062457672754522115,-0.010109950152424491,-0.00011970432729968756,-0.0006720047108103128,-0.008861850562642581,-0.00898893860212956,0.0033408616744244318,0.002495948485000738,-0.0045222765237300415,-0.008189675032454732,-0.001995259303532692,-0.002359728603814848
2022-06-23,0.0025338360448495245,0.0013519331946787727,0.013980676752083808,0.012958447689419764,0.0006520729892741092,-0.002635092813233056,0.006333661887145413,0.00525298850569261,0.0100016140490976,0.00844580505570748,0.013711302695295448,0.012678656144370797,0.002311393400336046,-0.0007470703853195832,0.008977929423071424,0.007792468119803513
2022-06-24,0.028722864719396547,0.028282098987883784,0.013706753957226194,0.01377991717603855,0.01834306891257523,0.01879019801720843,0.02443104259577118,0.024257859123830806,0.030300955456340234,0.029810639125560017,0.013787139327468632,0.013870613791407456,0.018256911195029066,0.018632903301396355,0.024626785771874958,0.02443519595807475
2022-06-27,-0.0030991162767539794,-0.002656724008368346,-0.0015700214807021148,-0.0018817874402883746,0.012898476995164507,0.013631776996658957,-0.0023852380633092706,-0.0021822029779263556,-0.0037082095460848007,-0.0032886908456745997,-0.0026198635695234753,-0.0029964356900576863,0.012357505556562605,0.013075560636943415,-0.0025292690658138633,-0.0023384578316003467
2022-06-28,-0.009510549810128442,-0.008617429840367286,-0.007638133097281139,-0.007523837591327455,0.00369243615998255,0.005724788983656901,-0.009457671493989562,-0.008882933159206206,-0.015119424936045182,-0.013946308788382347,-0.008391756052858534,-0.008304620729076275,0.002228392130516288,0.0042185417076523145,-0.011217470166829778,-0.010540790013443827
2022-06-29,-0.005108620032928052,-0.005887242921777513,0.001184680670886003,0.0008515082747826356,-0.006897342845280501,-0.008996702290805627,-0.0026103921591075427,-0.0032551285314662446,-0.006696225000566496,-0.007236494378283159,0.0006733362272560838,0.00037485999259388334,-0.006337806967844827,-0.008321480165589028,-0.0031499192611673006,-0.003693343853948129
2022-06-30,-0.00757003786096443,-0.007567551575984754,-0.006061979950585055,-0.006281399686968646,-0.006808832437498224,-0.007443142221710859,-0.006162926437280577,-0.006202871031220669,-0.007535848717859896,-0.007536292439488371,-0.007000241714815505,-0.007161109289805443,-0.006581414516541257,-0.00716113286468421,-0.00616254909497914,-0.006190635340357732
2022-07-01,0.010735052336339567,0.010347423614017318,0.014383119923041657,0.013896255775621853,0.012677312009836194,0.012094266743039294,0.012993346527655216,0.012601002259071962,0.005155360012899511,0.004973314691335534,0.014509484293655504,0.014046467551411316,0.012775850945046817,0.01219117282203141,0.01105630598532267,0.010738435864714405
2022-07-05,-0.006293927342713394,-0.006275767150402151,-0.006188490989688503,-0.00541052635204332,-0.013184438473299427,-0.012435224273342236,-0.0072458328751472826,-0.007003264944840741,-0.008417589662965286,-0.008344731995082007,-0.004539410646050358,-0.0038909609418602597,-0.013064483133513764,-0.012287105497125564,-0.008060599541187312,-0.0078031532104227514
2022-07-06,-0.00013597333307193254,-0.000297465949335118,0.002239952347674585,0.0019440992846370634,-0.003834263891418726,-0.004393029324713924,0.0005038250662911716,0.0002904479078586691,0.0027449040675721625,0.0025314014125849696,0.0017481190890760228,0.0014731055957818565,-0.00362069114446419,-0.004182171614988384,0.001531585228705233,0.0012975059799548551
2022-07-07,0.014110195282665636,0.014401883480110155,0.0013678745979333056,0.0016191939855997302,0.004046428116118724,0.004411787686862793,0.00962286694738447,0.009880817716465897,0.018122510900338784,0.01825799868135494,0.0019973378066098354,0.0022625612289180657,0.004027465683266916,0.004391576678090237,0.011045850047808533,0.011246049321310542
2022-07-08,-0.003327694098526209,-0.0032568272327166865,-0.0020483153177294515,-0.0018444460633797713,0.0004174960070525353,0.00045829227430868054,-0.0029913918118394047,-0.002902585591549151,-0.004392454474492609,-0.0043041776484800285,-0.0025364513340214077,-0.002305703586093052,0.0003879509400874941,0.0004323716694636703,-0.0033219931463507814,-0.0032262687780641106
2022-07-11,-0.007581620815643344,-0.00780711827717586,0.0005690814566924263,0.00019920216617604135,-3.6451387433236576e-05,-0.00034746379514156577,-0.004593751210386771,-0.004825308236895411,-0.015641645535133208,-0.015611809007102798,0.00017061425816110805,-0.00022031171992691794,0.00013030429484586314,-0.00018649690609457952,-0.007396002045003188,-0.00753706442209358
2022-07-12,-0.0038619318641055773,-0.00398404186684707,-0.005220724296993249,-0.0053606647650679285,-0.008322214136796057,-0.008809546227372143,-0.0043642987834546735,-0.004479669299106745,-0.007135968983798228,-0.007149413370138435,-0.005444520550359572,-0.005608289620567431,-0.008274027843680122,-0.008771360891150475,-0.005642327197463234,-0.005726015236701523
2022-07-13,-0.0037269688378600173,-0.003663564540526305,-0.002444482185749191,-0.0023491533652808456,-0.0032909008218145737,-0.002980382783879686,-0.0038262064628480836,-0.0037673630289568666,0.004273844927175245,0.0041098046345279474,-0.0017725617026140036,-0.001676376708124369,-0.0031921745491736405,-0.0028674274693701912,-0.0008833731277281707,-0.0009033812820963265
2022-07-14,-0.0041632110087867465,-0.004099344660459597,-0.003355247356301632,-0.003514738238532256,-0.002550050544958787,-0.003021187324584373,-0.004189773908951865,-0.004178671335370433,0.00039546183623718,0.0003252378239753524,-0.004284235465945271,-0.004398487623326557,-0.0023446092101667326,-0.0028224505380101783,-0.002633987626405776,-0.002673717364841971
2022-07-15,0.018608815343360566,0.018610941220351705,0.010694604664508068,0.010931748239612817,0.01608361216570775,0.016540556287630927,0.01635441397015018,0.01647027888116539,0.017723298169292707,0.017749114715888407,0.010445726988499712,0.010669790850610846,0.01618189253725189,0.016648211446786423,0.015905058832087926,0.016030406652909692
2022-07-18,-0.0032098002043968576,-0.003229793937039982,-0.012742711158052982,-0.012926287052888084,-0.011343538994451782,-0.011400911647065144,-0.006326287325092545,-0.006387033368821398,0.015313114732142499,0.014793600114045626,-0.012239204880087333,-0.012441430797643002,-0.011565792632683217,-0.011639123968260497,0.0002197369566809783,-1.5710495371679437e-05
2022-07-19,0.027385120685752967,0.02766566074421449,0.013082130568274446,0.013520469489467762,0.011241058950412863,0.011653925681412564,0.02247680250956727,0.022812116979140075,0.025868757750962736,0.026144968487492766,0.01354244572390114,0.0139664592171204,0.010937864371180448,0.011352714008308687,0.02171745922586246,0.022049541957966563
2022-07-20,0.002652137007976471,0.0029156393739570145,-0.007024897961242199,-0.006726676046693548,-0.007471827219140595,-0.007239296160523941,-0.0015060131798321763,-0.0012388093729849246,-0.0038281574092857485,-0.003431487106391965,-0.006856859032483614,-0.006566798471975718,-0.007709244956622703,-0.0074901094052135095,-0.003974462594006399,-0.0036637521379697924
2022-07-21,0.005351057035176227,0.005083070665955606,0.0029896668162869592,0.002780614857533688,-0.0035856003968034655,-0.0036957561956844384,0.003986406477919734,0.0037769355150125195,0.00855275720091389,0.008241319986377484,0.0035558246121020196,0.003303700688829074,-0.0035864591362640445,-0.003698996451436368,0.004947060726924415,0.004714896448896742
2022-07-22,-0.004943947923047727,-0.005086386569707564,0.0014046750738211707,0.001042831537939865,0.0030440095687785697,0.002540375729227791,-0.0022650732574416256,-0.0025035648609281506,-0.005418183269914843,-0.005524654456415335,0.000396349524598113,6.720326358303908e-05,0.003168684788436953,0.0026547678460772683,-0.0024515941587875275,-0.0026715292647204666
2022-07-25,0.0035859017301082836,0.0038102364902797654,-0.0003073360258633724,-0.00013218904794796334,0.017999750310787647,0.018376881412873903,0.002232025357944335,0.002433153193537825,-0.009139212362314904,-0.008605857379078135,-0.002186073413339197,-0.001894323838961614,0.01797203905261174,0.018351928933268327,-0.0025369994289832516,-0.00221341608445466
2022-07-26,-0.004859655657097753,-0.004695804984573737,-0.0010200652858662956,-0.0008679885235620081,0.0008992893857927458,0.0003605251434858106,-0.0027647297864191026,-0.0025902790688096342,-0.0033364259038047373,-0.003240487084877361,-0.0030709464126543505,-0.002909758402393917,0.0008253144494855501,0.0002807454823932634,-0.0023686816668800487,-0.00222255371720023
2022-07-27,0.011691570468449708,0.011814364250927828,0.0044538685323532255,0.004536279008289834,0.002906095466919296,0.00320669913917829,0.008315914077163599,0.008445643854884975,0.027928473652686022,0.027590643201692973,0.004644282653602448,0.004759784158601014,0.0027983583031461535,0.003097519068666179,0.013903636410200678,0.013873247855984542
2022-07-28,0.010345161395059147,0.010037217119204132,0.00866333741864858,0.007723909109472869,0.00467886984183626,0.003387483664297691,0.010612806931079332,0.010155622473699805,0.021607122134156633,0.021043428318573497,0.008299241103587924,0.0073460307934502264,0.004624675786689968,0.0032983029493926365,0.014600515333033219,0.01404755734110953
2022-07-29,0.009706179215131488,0.0097627881650039,0.0029780512685948102,0.00263722927278541,0.0010521391861701259,0.0006039569261685047,0.007180623347694179,0.00711742983810696,0.007116952121869635,0.007234661060341004,0.002901275085884447,0.002597262646004069,0.00011249013952706212,-0.0003992148006782075,0.00627134977201761,0.006226610898051598
2022-08-01,-0.0016167632894356567,-0.002025766453579065,-0.0040679778827673405,-0.004011504103005706,-0.014152247174669572,-0.014693539438404193,-0.002512193254937377,-0.002817099585824784,-0.003463816514591548,-0.0038038261530678437,-0.0045723126119044995,-0.00453719875143194,-0.013511675486475578,-0.013962803296061005,-0.003206806136425159,-0.003501255170854037
2022-08-02,-0.009763777204931854,-0.009381286621597124,-0.005985433196270346,-0.0059835997117923595,-0.005644449045476368,-0.005673257168776516,-0.00917317178915597,-0.00895117732894509,-0.01125840552766689,-0.010934700639149066,-0.005538244562085806,-0.005533863587456641,-0.005832319627644824,-0.005842770075137978,-0.009621953359123131,-0.00942058957225732
2022-08-03,0.0063489694907891345,0.00460082616201345,0.014177831070394246,0.012805287192985204,-0.010556428539204637,-0.01544303375757475,0.0071455622098102085,0.005741829548409994,0.004307763973303616,0.0028565503532969397,0.014039185058132831,0.012634790331525791,-0.009544553269658916,-0.014447060248834118,0.006208624135542033,0.004862715699449446
2022-08-04,-0.001620504861874982,-0.0033224104741287697,-0.0062096880435176735,-0.007257916127836459,-0.01871704105500502,-0.022445829336872575,-0.0021493013326421098,-0.003615120464710314,-0.0011084059539739491,-0.0025291947396150196,-0.007116292873225329,-0.00831466860981884,-0.017387407082351963,-0.021124774131697662,-0.002117394349072523,-0.0035206323088813707
2022-08-05,0.001588598643800305,0.0023516670255724933,-0.004271899792019597,-0.003676461327610667,0.005063904535436585,0.00759910505908174,0.00036402577450161,0.0010623798741451218,0.008947954951706028,0.009560814003907549,-0.004398764638155482,-0.003708065215510243,0.004759335435622747,0.007287320569537862,0.0029275428601604364,0.0036354598667928985
2022-08-08,-0.00012185518376140356,0.00010843114313631466,0.0038316198701707793,0.004063285952377604,0.0069118072198723485,0.006795416558039433,0.001058975026161355,0.001259348192084943,0.003722581033028963,0.0039023657152602274,0.003979672460434328,0.004269736017110249,0.006940708822503806,0.006849211171539934,0.002483640453996515,0.002692258606918079
2022-08-09,-0.0008059676403024054,-0.00018752706575646467,0.0032337266905750196,0.0037219696565502676,0.014529493192316483,0.0161196927145108,0.0011681910634044408,0.001688951825428435,-0.007945398147576594,-0.007406966853450226,0.0025748791553957704,0.0031906261768574243,0.01439839402002518,0.016023029597601112,-0.001242147141273001,-0.0007601245841551539
2022-08-10,0.01673915248481959,0.016389431881716723,0.010410697902582514,0.010183815169420546,0.003636561032677509,0.0039020775036120465,0.014141893833726693,0.013864185626065766,0.022285586386157935,0.021976304011681443,0.011002335332035788,0.0107007167448952,0.0034469087095668695,0.0036412253203192938,0.015937974555112287,0.015686643047919512
2022-08-11,0.005926270642628072,0.007703152717791167,-0.0019587264312598955,-0.0006836288585798309,0.014317631268126416,0.017431452833652265,0.003725968549534592,0.005203772550133974,0.00711277305876338,0.008590672736071281,-0.001631554720024977,-0.00018488509800364218,0.013518437052593682,0.01665997406506773,0.004046323430893983,0.005451209218997424
2022-08-12,0.014869254887947707,0.014737878077825731,0.013544165977028625,0.013433725065542579,0.006275833216823362,0.005602150392968871,0.014517188570391802,0.014361213410330555,0.014744085826509507,0.014634934029672829,0.014016840295600764,0.013862618555633734,0.00628206195350174,0.00553150020127582,0.014461925960172792,0.014301588184711857
2022-08-15,0.004334572828434533,0.003187161588333218,0.011497463850468488,0.010940386730415749,-0.008277728510366986,-0.010202962701610032,0.0053602027421594325,0.004459758749347406,0.0008230034027234433,-0.00012259884533785914,0.01177046660998461,0.011132550159846462,-0.007830419470957563,-0.009746455685226934,0.0040668385445200815,0.0032014379358670814
2022-08-16,0.002959074994956916,0.0023645718978828733,0.011117638779481617,0.01117668365259152,-0.0001413192242070037,-0.001362064377822196,0.00425448503143258,0.0038979568155048574,0.002814440189481565,0.0023191660014227206,0.012229621569026537,0.012260790985235252,0.0002926371779588895,-0.0008982008275885019,0.0043149588039519855,0.003996240316285403
2022-08-17,-0.008142599544448665,-0.00754726050696891,-0.005349404747213333,-0.004776427797681247,-0.0001943901363149268,0.00024402034442067152,-0.007078475330602528,-0.006467411167356029,-0.007798589889117788,-0.0073032535604511785,-0.005863691405027666,-0.005185824477740892,-0.0006227205164113795,-0.0002397644777771027,-0.006963643308890318,-0.006372903128032324
2022-08-18,0.00399189397737818,0.00546686040643066,-0.002058685906580547,-0.00147453309943674,0.011693703966951111,0.0136781393100142,0.002102051457278514,0.0032858390359304978,0.00043693173708676873,0.0016781742508823196,-0.0022731930499012227,-0.0016302535426276196,0.011176287002912953,0.013125144373976655,0.000871571963561418,0.0019778530856734916
2022-08-19,-0.008808503379776999,-0.00784378828728531,-0.0029523425362210517,-0.003040174479946086,0.016044683928914262,0.018781019106234902,-0.00683460977461023,-0.006275722945929429,-0.02535532943799472,-0.024498193893177818,-0.0038542923063509668,-0.003906186338268121,0.016657219136603157,0.019837689604306253,-0.012571080450307724,-0.012098215378112193
2022-08-22,-0.019339684380979445,-0.019180264232963165,-0.01446428324180248,-0.01458189927063065,-0.012903788496602241,-0.01311424390864106,-0.017421566434349816,-0.017321315721858802,-0.012537475399785883,-0.012426202668127015,-0.014226325743704424,-0.014374068548866744,-0.013495006014716157,-0.013842591798237845,-0.014892595648344227,-0.014778911165112797
2022-08-23,0.0019793433425868744,0.004099875738617915,-0.005230480719161429,-0.0044528875390193075,0.016621751008432974,0.021911540069282826,-0.0004179094785470126,0.0012292609430737671,0.004000658103116927,0.005762456937917869,-0.00502238653278786,-0.004200506699587977,0.01539029313621386,0.020677066641701766,0.00040196090555601096,0.0019616980742512527
2022-08-24,0.0023558955475155583,0.0030277542482182807,-5.3399702985205293e-05,0.00044376460279549714,0.002690681550037069,0.003974484798771708,0.0015740997735995568,0.002139342368399021,0.0006884568862047298,0.001254005781232466,0.0001139114657318917,0.0006456788697476775,0.0025620510283598267,0.003869538255271433,0.0009464458091475652,0.0014700316219799121
2022-08-25,0.01385520701878383,0.013507722931690141,0.005536393180014892,0.005451364783241183,0.0051313533690553114,0.004682075431123727,0.011541055304458467,0.011298052324288958,0.013369768680934336,0.013081560082874002,0.005698458858264622,0.005583174446639735,0.005337105144899346,0.004801256463547873,0.011235238984050105,0.011007118896085534
2022-08-26,-0.02769034731246524,-0.027714675735745566,-0.018755115970551812,-0.019771572093170174,-0.013314959667933002,-0.012701774977929866,-0.025182364847080335,-0.02533028526084943,-0.036080888455400716,-0.03607445491824873,-0.018402787743458868,-0.019408974913152893,-0.013412900673835826,-0.012767629607111598,-0.027995490392466727,-0.028159574511443533
2022-08-29,-0.0038147275975503716,-0.0027059478634624437,-0.0034701719106462426,-0.0027484462149546677,0.006421296346167734,0.008063614651594322,-0.0035010499964387015,-0.002540018400187237,0.005030206035969885,0.005926610469217487,-0.003849637558160094,-0.0030061749640084316,0.00550677288210847,0.007093031307157901,-0.00029878788720114817,0.000651878149336233
2022-08-30,-0.013364542345735518,-0.014406255029139652,-0.008858391855653834,-0.008936240001254975,-0.01923410766241174,-0.02168365640172826,-0.012191828052126064,-0.012993842564696205,-0.015619484591487917,-0.01648095040626894,-0.008563105039660802,-0.0086851153989785,-0.018470199133396425,-0.02081913582598366,-0.01296627642201394,-0.013731919648289095
2022-08-31,-0.007346647125874835,-0.007576877067105727,-0.0020835314785187338,-0.0023876676376242043,-0.010674018621646537,-0.011215326453922397,-0.006397307680894127,-0.006560994120523079,-0.0055874896852431315,-0.005785072299020636,-0.0021144186497761546,-0.002394777505951833,-0.010889260401608248,-0.011472251041448034,-0.005759350377647002,-0.005897822061894461
2022-09-01,-0.0006877551969647988,-0.0010927601271874467,0.012492497791184462,0.012241889760960889,-0.004019763856509504,-0.006143867174028133,0.003781068665310583,0.003487038894121806,0.003488643667265686,0.002987968566040667,0.0119264100099919,0.011717954940619104,-0.0027091916649475975,-0.004926749920985106,0.005296701250561579,0.004984439962886914
2022-09-02,-0.009523452905370693,-0.009062780495372015,-0.010529278008432511,-0.010199387622989994,0.0024373969223908244,0.003610311589930596,-0.009895042116597943,-0.009545183590788335,-0.007112650662027261,-0.006815041235212322,-0.009979311363674736,-0.009631926246986496,0.0011516466443662117,0.0023258796276789374,-0.008935383282224036,-0.008638988913402916
2022-09-06,-0.003960837321840623,-0.003799329597954831,-0.0022203875350994607,-0.002203163969630189,-0.0083341532204442,-0.009079320612945207,-0.003281715994747918,-0.003030466485037822,-0.01516233427813982,-0.014612652142897739,-0.002344341810666584,-0.0023221931720353696,-0.008055717454205105,-0.008851267741260724,-0.007356364298375134,-0.006979860549540492
2022-09-07,0.015912572907354684,0.015266158308869376,0.01657682202558562,0.016206586476244074,-3.976806806614444e-05,-0.0016211152554722725,0.01660566871615156,0.016084487504287107,0.02288835686256835,0.02208781426970306,0.016530168576443603,0.016093838171822833,0.0008450387277848983,-0.0007615877827804363,0.019044115393578902,0.018475002319733647
2022-09-08,0.006066542642071269,0.005998601859524968,0.0013160409901965034,0.0008344969130455465,0.0003204588825167353,0.0003394877427904336,0.004150028346498338,0.004072788081930793,0.006030335202376025,0.005974637795125573,0.0019458908097013245,0.0015266472255729658,-8.665856764694427e-05,-0.00012387161749731406,0.00411877595229751,0.0040454763792116336
2022-09-09,0.01464305635253413,0.014486763726715528,0.008384441552432597,0.008441223710065856,0.013767665807160582,0.014623637493765647,0.012738983262428975,0.012581352498921266,0.021971926470323127,0.021569785762464044,0.008728040685877783,0.00876961527093145,0.012973593424302349,0.013834886893149548,0.01553680607895048,0.015292854115880862
2022-09-12,0.008484821861791864,0.008611822312813431,0.007482826140803506,0.007473232512257275,0.010930815591192996,0.011583298675603615,0.00857209490412776,0.008635704824080945,0.0058284113141797095,0.006033229777608973,0.00794233219606083,0.007909478153349908,0.0100576130956889,0.010781514992464067,0.007762532036227446,0.007842765269056005
2022-09-13,-0.040049309985713,-0.039741724839217014,-0.030156785603733728,-0.030047328226111798,-0.02310521615706744,-0.02284482764483637,-0.03663084935427528,-0.0363932099404076,-0.0452262252013494,-0.04477662875926381,-0.030123453619623076,-0.03001334377790343,-0.023481054309822336,-0.02319466484911592,-0.03843498488110575,-0.03814786126128524
2022-09-14,0.0031318623014507806,0.0036705896262950507,0.006441377035455394,0.006860409793093417,0.022722443697985418,0.023503687612803494,0.0035907754302392752,0.003913195844970294,0.006167148570890119,0.006507198739362057,0.006371172491328261,0.006899310634956479,0.02188133428569238,0.022678978896552775,0.0046247894996342825,0.00490553732229551
2022-09-15,-0.016171537094844503,-0.01689532750677162,-0.01146650343841628,-0.011699189486014725,-0.02091333535125792,-0.02142373972420998,-0.015076296371700125,-0.015807012031014603,-0.021520483858726545,-0.021930362034988066,-0.010995961884157449,-0.011188331811082301,-0.020360596130823548,-0.02093774837735114,-0.01688247224837977,-0.017503881108111557
2022-09-16,-0.007247144972022488,-0.007490234298743813,0.0015560925348568485,0.0015438413958844739,-0.008405368991350833,-0.00936423786931673,-0.004774245475091574,-0.005024672085755607,-0.003864168641195474,-0.004193302801960701,0.0011360672118560305,0.001077989400881064,-0.0072850802864853625,-0.008281644245087585,-0.0033267365066023125,-0.0036117944382671775
2022-09-19,0.006236594572679689,0.005973638068642938,0.0034886546941582924,0.0032469695943149668,0.004190707667627305,0.0040128314261553754,0.00548136569650981,0.005255509288133549,0.008872265784185427,0.008554079631070832,0.0035915064773394227,0.0033454791975943764,0.004202540517740522,0.004066058254847914,0.006447634718969281,0.0062065237263978805
2022-09-20,-0.015572445225681552,-0.015307386931826428,-0.012570928973525427,-0.0122498155480884,-0.008742060239017196,-0.00849752124696422,-0.015051927541229661,-0.014845678626672597,-0.012956882717406143,-0.01283105988211909,-0.012965566980686965,-0.01258561419454587,-0.00887766139796331,-0.008628239923314353,-0.014028714930503361,-0.013867032248210849
2022-09-21,-0.01695516019963178,-0.016708205576630848,-0.01263524766363493,-0.012373133897283301,-0.015013557807928127,-0.01513072645946667,-0.016259687152216297,-0.01603583725091406,-0.02065051287760758,-0.020306585883426532,-0.012808374599312512,-0.012520600855529362,-0.015178391633231219,-0.015315107550251802,-0.017530294499430592,-0.017279783941139628
2022-09-22,-0.009265739650809665,-0.009052512817110581,0.0039398452034797365,0.004007046347051943,-0.002469796503165554,-0.0030463254445992176,-0.005720158707083617,-0.005612185372563722,0.00349808634492015,0.0032052356491195995,0.0036234903122430964,0.0037564569026731155,-0.0017545846627107097,-0.0024057240486232215,-0.0007859376431053815,-0.0008463315164545129
2022-09-23,-0.022218416288988612,-0.023073481259049927,-0.015539351754467655,-0.016101683413629997,-0.038522232033585485,-0.04086645832500252,-0.019983880921723065,-0.02070350620098388,-0.016667819937102535,-0.01759083702879522,-0.016066060276656503,-0.016713400186011203,-0.036198533914589354,-0.038585924778429835,-0.017945798549883287,-0.018691549365963834
2022-09-26,-0.016062688619373502,-0.016505834516808305,-0.011006061765534866,-0.011449204237540537,-0.019075842950749013,-0.019061343485597227,-0.015274132922333077,-0.015698589988445567,-0.01293929840562053,-0.013426782604448496,-0.010806362172875564,-0.011266435485573757,-0.018746947801221474,-0.018768517203789335,-0.01413637291826895,-0.014568851638204806
2022-09-27,-0.003665789050752121,-0.0037878507142570248,-0.007567333905288526,-0.007848912696141625,-0.0017626510677753024,-0.0008657156216642756,-0.005434181260109614,-0.0055816054394953974,-0.005605479284624965,-0.005636242876374753,-0.006709962745550276,-0.006960468707639852,-0.0023115369091910106,-0.0014191543940210197,-0.006150311303966763,-0.006268353114143615
2022-09-28,0.021300718433708198,0.021392850390156568,0.020533949715210623,0.020349019085246233,0.030939402350993028,0.03229051547092262,0.020470208293739686,0.02043539362445821,0.01753455203993805,0.0177511240740091,0.021342190347050226,0.021146632501822204,0.029940643921528773,0.03131987548870822,0.019125226058449636,0.01913573068951694
2022-09-29,-0.019865724827656667,-0.019759832364638272,-0.017406349797463205,-0.017867579828979487,-0.013029417428244034,-0.011460010500470574,-0.019835912981598924,-0.019898969853729076,-0.012207247581198727,-0.012401470229855145,-0.016785692201124892,-0.017149279143295334,-0.01365097824806732,-0.012094249895519152,-0.016911109855568148,-0.01706859521651647
2022-09-30,-0.014866290633047613,-0.014386967945239913,-0.016990064735507647,-0.016812585542299186,-0.01743223285810124,-0.016746092325003268,-0.01533034279347426,-0.014873458513524127,-0.013137197439580913,-0.01279872976416197,-0.016829601896071487,-0.016726435082293337,-0.017644877180987523,-0.0169582002498634,-0.014663640009171131,-0.014269331131995187
2022-10-03,0.0321847780436476,0.03246359949545352,0.02393850998310656,0.024519941497624938,0.03728219483741871,0.039097081510871615,0.030303357617419126,0.03059834663412868,0.030449618306372543,0.030710004789981933,0.024453469681977924,0.025075184908828964,0.036797307555169495,0.0385924522498773,0.029587071046036743,0.02988475999440891
2022-10-04,0.02965210942898404,0.029110263109427728,0.020317729023325758,0.02038694344734467,0.02984780881571113,0.03075762279419456,0.02683367788156549,0.026414917659075884,0.028809583357177367,0.028371303236086717,0.020642128860015402,0.02077227168728175,0.02956097449706712,0.030470561812061602,0.026397402369441766,0.026022675427583068
2022-10-05,-0.0032365855896064836,-0.0027497790281176453,-0.005052898438971222,-0.0054555917872136424,0.014468133352597012,0.01560805518536873,-0.0051854689533115065,-0.0049568721888163135,-0.0034065901150966225,-0.002996491446122577,-0.004517696257177004,-0.004849438757665977,0.013781044388757413,0.014845415379494544,-0.005277937001107938,-0.005075155163252711
2022-10-06,-0.011450484466690943,-0.010942024031670192,-0.010993210929210826,-0.01071428686601275,0.002263378933632537,0.006776407234546169,-0.013254710459362532,-0.012988404804632817,-0.010554134887437125,-0.01014472309689294,-0.009535540062776106,-0.009180410294752717,0.001526708083817508,0.006022082861730825,-0.012783453063436954,-0.012566692208201667
2022-10-07,-0.023496317394339133,-0.02164246680980607,-0.013146174641827064,-0.013085418558150878,-0.009775152712310865,-0.009738686285065181,-0.02105194269953009,-0.01990155793519634,-0.020280218445497645,-0.01878658345138945,-0.013348169870005543,-0.013219944061353453,-0.009753643450662264,-0.009724464927423413,-0.01967569889415704,-0.018679752337665733
2022-10-10,-0.0056979257390414656,-0.006053890760021235,0.0013970621481824903,0.0005765266176634973,-0.01695883117433961,-0.02022062252316283,-0.00342405054863284,-0.0038309499894593254,-0.012045546445742966,-0.012231347528197592,0.001379207002120554,0.0005309194561825109,-0.016649378996207987,-0.020001927880635446,-0.0059246575195605,-0.006233681121656564
2022-10-11,-0.0033305028978534044,-0.0032348031538412332,0.015689319597597173,0.014663252349569039,0.0065397056390779015,0.0034884838593693445,-0.000534062630815863,-0.0005541669993258413,-0.005794294732439904,-0.00567083741955109,0.015788989078417123,0.014810167320667388,0.006803204995936126,0.0037494076762536518,-0.0015917071868753582,-0.0015817542684166957
2022-10-12,-0.005622661763774912,-0.00585606510949424,-0.005383829548978057,-0.005595494785876832,-0.0016511068437095279,0.00011295214004294419,-0.007395302426993856,-0.007761185651396761,-0.0043924079566163825,-0.004609280653488718,-0.004867697323490495,-0.005039048634481746,-0.0018661477131190212,-8.760180240955234e-05,-0.0069568345698352825,-0.007321030670206244
2022-10-13,0.02967841986663329,0.029812379640783954,0.019644075323421193,0.020000158282637234,0.03640538552396964,0.03752807404526781,0.028096981223384346,0.028252020353397224,0.021919988104568862,0.022168763633807022,0.019283942131665486,0.01968564213647017,0.036370811074729455,0.03752908981627073,0.024820864734428703,0.025085315872033748
2022-10-14,-0.01841214369489535,-0.018549769346400288,-0.011507694915252146,-0.012317893396853451,-0.010977036088665418,-0.013136031809668679,-0.016188514599943544,-0.01652204438830244,-0.014943014408954004,-0.015119253055983555,-0.011585417736050424,-0.01241238108408889,-0.010576946499940443,-0.012711499097105452,-0.01467086140588386,-0.015036355168146949
2022-10-17,0.0200606025838804,0.019730453329568,0.012302848680080804,0.01248034279467202,0.010705980556424605,0.010630667991554349,0.01862439448376161,0.01850652081888196,0.018691664879151734,0.0184396993147545,0.012133467491149163,0.01227602538741893,0.01068437049463125,0.010585641628099444,0.01799601550882263,0.017906656098127284
2022-10-18,0.011945856181977303,0.012080581409750761,0.010740251774265597,0.011272007693154661,0.003557975724557455,0.003946318572418284,0.012277155206397638,0.012435447889634571,0.007318470900009658,0.007512699238994143,0.010690834881319243,0.011220959407436353,0.0036280051338710385,0.004029934969848866,0.01037843089632786,0.010587673767501242
2022-10-19,-0.00776157460082436,-0.006734705498378345,-0.008106045989644477,-0.007001998533946201,0.003714321473410951,0.00653514086813577,-0.00920604469483909,-0.008176005307682095,-0.010522088707603135,-0.009614691510771383,-0.007903100765004669,-0.006683680855176571,0.0029911769673196093,0.005756895145436233,-0.010227883038876916,-0.009219199998786266
2022-10-20,-0.004160841489002482,-0.004207161397073223,-0.00415484133013872,-0.004353886235567199,0.0012156492145649711,0.0017653394177159643,-0.004818776017859574,-0.004845625868873973,-0.003903969660213537,-0.003947233235950707,-0.003403827117270844,-0.0035627401823640726,0.0011406090841100639,0.0017022848036295744,-0.004577690378287047,-0.004603257203836042
2022-10-21,0.02375712927962149,0.023503630286548984,0.01940899033388035,0.019092585334055355,0.02855455953017122,0.028479682243286068,0.022337126742864415,0.021970042635321485,0.022006824865926082,0.02182568159776535,0.01968780743637932,0.019371348020702745,0.028756042251353083,0.02872521309859841,0.021579074660390322,0.021264280861300996
2022-10-24,0.008125459137320445,0.007805908151135034,0.01834695519970507,0.017728956739644645,0.013654623106209567,0.011313450799376278,0.009719023137681691,0.00939719258557839,0.003431330492379288,0.0032468372276122145,0.01806299396506911,0.017449077217477856,0.0137908344718166,0.01142850069119425,0.007765164268120933,0.007536182147564476
2022-10-25,0.016802467883056647,0.016317892223936103,0.009131819059111089,0.009758279040986643,-0.0019932585064511366,-0.0011361229260056344,0.015101025154980775,0.014953160715964996,0.02286686395287009,0.022354737334446914,0.008834683353188148,0.00942155605424516,-0.0018403173309975646,-0.0009518141283798339,0.017434759140578737,0.017230278494755346
2022-10-26,0.004962875049564562,0.005567064003645865,0.01207997976028037,0.011440070063300509,0.016537541193280027,0.016415357268699148,0.007000496426298332,0.0071585961777427655,0.008034988239200652,0.008486105355379433,0.01227650171446901,0.011639741704909548,0.01656484393781812,0.01646879853268572,0.008252443308315916,0.008334400456789947
2022-10-27,-0.0001484410730095842,-1.1276483176816569e-05,0.0017189154708077484,0.0018519464730712618,0.0031611280552975587,0.002395026175826303,4.372306355326568e-05,0.00017445420758253593,-0.003632952115667946,-0.0034568279247850667,0.0016608060323432235,0.0018197377795470596,0.003150423798364487,0.002354170650843082,-0.0014375899698970977,-0.0012737422919919567
2022-10-28,0.02428404944569426,0.023135870985564716,0.02408509511044174,0.02337177062734668,-0.014913334546510941,-0.010969064626831828,0.023664315904736347,0.0229597491175247,0.023573826986520476,0.02262615693431255,0.023606640459068347,0.02291522951927006,-0.015699207744467376,-0.011891046640509549,0.02324595550925729,0.022626769506316487
2022-10-31,-0.007574400264519284,-0.006700367710532757,-0.007569119201854695,-0.00731661559417983,-0.001127920368224854,9.346202892371289e-05,-0.007126651366375533,-0.0065405510708627735,-0.006095718685837177,-0.005390853632959918,-0.007527733108099633,-0.007247052881015699,-0.0011753128403654192,5.767204800212631e-05,-0.006481627043830148,-0.005969010316711424
2022-11-01,0.0023824155053552665,0.002089190799078963,-0.0009729502384682059,-0.0010262382840180615,0.006810113534772656,0.006930961428610714,0.0016332309032370841,0.0013697395238237765,0.0011665474279613677,0.0009075987893643599,-0.001180263771964464,-0.0012357559388584852,0.006765529220227852,0.006877200503852756,0.001023855280196917,0.0007799028024665571
2022-11-02,-0.017184054928434216,-0.01676929596724334,-0.010436722461748265,-0.009649660669069393,-0.01774915982970662,-0.017920969006127885,-0.01649594874041413,-0.01608151929841679,-0.016734417076221923,-0.01638530776030354,-0.010773937410698027,-0.009965947895683386,-0.017712462288656333,-0.0178827395802029,-0.016228411575568664,-0.015836311645283024
2022-11-03,-0.0024372190071154628,-0.0017595923316976203,-0.003831389875943282,-0.003948115122973684,0.002046367682274189,0.0023438808799208406,-0.003120154354039849,-0.002670892037451011,0.0006162937564336262,0.0012078515824968594,-0.004244192377777084,-0.00433281573931136,0.0019015009047132375,0.002185189119867915,-0.0017025558249127515,-0.0013086840760084613
2022-11-04,0.01858260290394176,0.018353105452001337,0.01341644575216782,0.013240907133616357,0.010969998812621024,0.011000618918053505,0.016457255453254882,0.01629174381540224,0.0269031608428341,0.02678828993813318,0.013777108517238639,0.013487001136281793,0.01094510124562802,0.0109710471519364,0.020117883357881026,0.019985575056729463
2022-11-07,0.007644605369874352,0.00779314192769162,0.01240171660825707,0.012590701595623964,0.02240690404408185,0.02227716844903512,0.006332631079680294,0.006657111099088232,0.006391610036462398,0.006503715297084812,0.012912893174403568,0.013038776528966975,0.022486639788105278,0.02235184194885281,0.005599268520053394,0.005924769480167996
2022-11-08,0.0069143443870953196,0.005741953094843613,0.011766169863792211,0.010134003248197358,0.020642397515236863,0.02001993533469088,0.007664933783508477,0.006499470767732584,-0.01370132447681745,-0.01486490345407045,0.011355487611318231,0.009524827432237632,0.02087796469245614,0.020248063924393225,-0.0019060174284031971,-0.0030297914364863865
2022-11-09,-0.02140736571925811,-0.021408428684732698,-0.01128846104164468,-0.011987356274333486,-0.026563999599307653,-0.02728874472755005,-0.01863369172034743,-0.018795823176527015,-0.042062367229832656,-0.04225198245980667,-0.011501440458562783,-0.01217568256499012,-0.026294756026578808,-0.027009618541175336,-0.028263257614835852,-0.028469964167579017
2022-11-10,0.049564450163136105,0.047677489423955104,0.021946051457244698,0.022347325165138036,0.013036016461513797,0.01325290237185633,0.0438365888060281,0.042494249907600035,0.0675006791956451,0.06609497432696579,0.021990512022783928,0.02241322315883049,0.012933627934586857,0.013150349700490754,0.051904645835833804,0.05075626922316838
2022-11-11,0.011668351522039636,0.012269284464592339,-0.005866154531627309,-0.004868316725344064,0.006717827171240253,0.007443706099306509,0.007485577232623775,0.008269063233509273,0.006815255597190178,0.007270773681447731,-0.005380754364114817,-0.004355842977838021,0.006290551666825899,0.006992209418195549,0.005052528333704916,0.005788510345332247
2022-11-14,-0.00878482610937268,-0.008824487065435978,-0.0020940665092004968,-0.002905096121184467,0.0020417128921668623,0.0019302375989866455,-0.008634452132853063,-0.00859932937965653,-0.003402631049289912,-0.0033864426902798115,-0.0021925838353278816,-0.003035735634814705,0.0020499873059065996,0.00193336542223015,-0.006111226340497585,-0.0060616987908245264
2022-11-15,0.009768660956136384,0.009522557084108837,0.006499687633969061,0.006953348144368743,0.0030707047576341833,0.003224036525902407,0.008879367840390624,0.008801225378475669,0.010602315236801465,0.010405220817709558,0.006623168578546238,0.007173317313973653,0.0029750094797818117,0.003124093767166924,0.009385348417697056,0.009333640078881884
2022-11-16,-0.010351341361087306,-0.010129794966735042,-0.0005504068610882586,-0.00043394562007854367,-0.005714993188967887,-0.006021882638995624,-0.007270319782701138,-0.007238455143122842,-0.011701976878377254,-0.011530033440950075,-0.0006476937377542042,-0.0005292947545572674,-0.005556626446659253,-0.005859125176055004,-0.00783126883835366,-0.007822402724503996
2022-11-17,-0.0023031547499413737,-0.002148506599180685,0.004498316049704364,0.004165223804855776,0.005381150111444908,0.005252361933809192,-0.0021436108080707906,-0.0019202021148977569,-0.0010528206157177627,-0.0009127579838948208,0.004492321149692661,0.004117659592884067,0.00547492253037406,0.005354584948389467,-0.001539645426744668,-0.0013246124429371993
2022-11-18,0.005043184604821626,0.005058381518499955,0.008972259041138748,0.009002449135237706,0.000752484760923133,0.000570848149282337,0.006559967433517294,0.006461835510910357,0.004579782972334325,0.004588189681972592,0.0087712943996132,0.008805072113667762,0.000823231442715748,0.0006484721485284777,0.006403981968697602,0.006296921544365434
2022-11-21,0.0008225379434163571,0.0010579369223763194,0.004593106851993378,0.004197959022553391,-0.0011854936645925769,-0.0014856192867552164,0.002219344720442701,0.0023021778989740947,-0.001608971703776883,-0.0014353818180862425,0.004298547232017555,0.00387745349956,-0.0010557383238534996,-0.0013494771405172545,0.0011283389464550352,0.001171812144807386
2022-11-22,0.014802864627182208,0.014503459143326377,0.00817773387138007,0.008262318376883591,0.014978400320436373,0.015422267844436708,0.013127852581422659,0.012985468781405926,0.01870032919624996,0.018486892907895697,0.00856569721847631,0.008654896661076866,0.01480436575269233,0.015245350370121508,0.014906204487665723,0.014799595457686703
2022-11-23,0.003386155798051085,0.00326500746854517,-0.0011665988885875738,-0.0006623100442520982,-0.009251335009755111,-0.009281147513768151,0.0029792111867848986,0.00293035031905508,0.010489829245412906,0.010453965228424792,-0.001135324255677017,-0.000592444830553569,-0.009247097703412395,-0.009278567595765837,0.0060958265995659415,0.006067751412277141
2022-11-25,0.0007421905149644115,0.0008023978977729512,0.0013194829484970494,0.0009798111018529977,-0.000971921880495914,-0.0010791806729192267,0.0015888577268927168,0.0015241781141872946,-0.0004737967332436473,-0.0004348264492087895,0.0010993408258168924,0.0007782783928491071,-0.0008990756220966096,-0.001002763579901331,0.0010274827101470912,0.0009534969536025224
2022-11-28,-0.018420829031751167,-0.018239005529681128,-0.009647242292997363,-0.009195766800941679,-0.015138140251620061,-0.015502625418443376,-0.01675707529669335,-0.016541537805308797,-0.018339494590531833,-0.01818750872402032,-0.009763333234818398,-0.00932266885082124,-0.014938609277363355,-0.015294723620954433,-0.016626398504465806,-0.016424962033669412
2022-11-29,0.004199710872548122,0.004388849045500365,0.0020077801178749145,0.001716289000458273,0.0032431617878787805,0.0034113808988853996,0.003819777384408295,0.003917929742206323,0.006229594226936349,0.006405468998432816,0.0024259897355787675,0.002112078810880361,0.0030908558968080558,0.0032476749976885653,0.004740865350570554,0.004835571737959036
2022-11-30,0.023794226081712402,0.022965040342171224,0.01741646064380935,0.01740771685229584,0.013646481740274965,0.013510482507999813,0.021916822564350062,0.021337484611162406,0.025515568887532696,0.02484157195891324,0.01739264308728657,0.01738881946096605,0.013704830476586917,0.013571176123321501,0.022620732716964565,0.022107381912733027
2022-12-01,-0.0002670937734517388,-0.0001196643788633206,0.0003032380580521221,0.0003878104872870599,-0.0037282587365400693,-0.0036384937508083786,-8.345529418970254e-05,5.986372289152829e-05,-0.0035729309016658915,-0.003218797542186134,0.00041307480608208263,0.00048677581501385344,-0.0037311238295069816,-0.0036389821804653096,-0.0015472694829273264,-0.0012820410634699657
2022-12-02,0.0015015822510261341,0.0019734251146272695,0.002653393299945751,0.0028587284633913726,-0.0006779678420934142,-0.00042262984106529553,0.001633329529011952,0.0019910217776336167,0.002700736387861955,0.0030114872597629436,0.002721939596046889,0.0029202366542154276,-0.0007093303897121562,-0.0004556265440968611,0.002135200547819878,0.002409410452303475
2022-12-05,-0.017223212605578294,-0.01709741394667138,-0.007644779481090856,-0.007512811897866807,-0.0076921076157771455,-0.007058881631669633,-0.015647708815748288,-0.01540714193384339,-0.014665870362620128,-0.014747674002732903,-0.007803747948960189,-0.007658627482625522,-0.007727155645460547,-0.007100152892624019,-0.014426464724137097,-0.014297683823422138
2022-12-06,-0.01234790929014816,-0.012062158151803814,-0.008547149144821114,-0.008771283409018248,-0.013104354693933895,-0.012571279470619421,-0.010023726329131797,-0.009903824593107171,-0.009217703200675513,-0.009206404887199973,-0.009306668645417656,-0.009499732397763572,-0.013107287822644038,-0.012575509546608637,-0.008545126334630341,-0.008561573066969023
2022-12-07,-0.0011825738283450572,-0.0010285545731746322,0.003287230165222236,0.0032960945630030897,0.006575250279252871,0.006862691982487697,-6.0311258161763016e-05,0.00011144095104469575,-0.004218368396410738,-0.00386474520840739,0.003212332176260761,0.0031930375584709424,0.006509560941769288,0.006790877342151687,-0.001378829018870166,-0.001076984587396748
2022-12-08,0.007090693516795498,0.006667424871729212,0.004467327237901967,0.004385403902147568,0.0034675110665916384,0.003434484278169932,0.005919060614492435,0.005618865846649274,0.009516938329560376,0.008980491501877257,0.004440996719177526,0.004372781061470537,0.0032250321285024323,0.003178891734810229,0.007045612132266123,0.006655260309739987
2022-12-09,-0.01023016726281893,-0.010168402264013922,-0.01574507444606615,-0.01591734736455959,-0.017923549378223658,-0.0181610286008663,-0.010380352446690236,-0.010461645930646562,-0.00942279328702782,-0.00942997451737754,-0.015959035987672024,-0.016080301351062816,-0.017946574537058578,-0.018181191390931314,-0.010085812197901415,-0.010214601098952582
2022-12-12,0.01662403157485824,0.016002424515994935,0.006867553498154038,0.006662923826440717,0.006321772854356861,0.005746868975708538,0.01533873465625893,0.014707302951647903,0.013429631001319248,0.013139057501324007,0.006693323605395068,0.006509399576522696,0.006230540978755537,0.005656831999128035,0.013941238558121901,0.013478669413340616
2022-12-13,0.008769632273229215,0.008474210420582086,0.003315692527920456,0.003148806870324438,0.004458036149428973,0.004310744779327479,0.0074098275325930295,0.0071123429150194645,0.011126702718690607,0.010703452895108372,0.0034464031479277462,0.0032821844887183675,0.004324644374556681,0.004171854963671725,0.008454604168399021,0.008065190526324682
2022-12-14,-0.008793645194072683,-0.008475674439260289,0.0002545478097014617,0.0003231127657834766,0.0018287950407281086,0.00215007505099187,-0.007138783189108824,-0.006849990856078009,-0.009161190736121408,-0.008865270178730265,0.00022772082662190674,0.00029938205873203665,0.0018867657547290333,0.00221055938754224,-0.0071843386292693955,-0.006903824743822415
2022-12-15,-0.02158506981452662,-0.021296595426248573,-0.014671594131724936,-0.014941809456426267,-0.014888871614070537,-0.015074660024583287,-0.019592251770666345,-0.019412154980312575,-0.02188884409531008,-0.02162255810905936,-0.014963111856105561,-0.015216466119546237,-0.014922230032309865,-0.015108214578997107,-0.019576336295293408,-0.019401774715075638
2022-12-16,-0.009499489174056307,-0.009395337498189849,-0.006387539301701587,-0.0061105607792402905,-0.0034543872852564805,-0.0033023061351422373,-0.00906676002118258,-0.00887085819311897,-0.021319753226927,-0.02036190436913567,-0.006190782587544115,-0.0059489296055241815,-0.00326650868882343,-0.003104730406267265,-0.014244918030162217,-0.013544956757840478
2022-12-19,-0.006694591923182898,-0.006952382423850374,-0.0005694254335209674,-0.0006956713856551424,0.000282383782003214,0.00020716950064404358,-0.005540282613285968,-0.005785209710880017,-0.010728852442311063,-0.010649983668113403,-0.0008058049506676202,-0.0009387177652431009,0.00019202972994081222,0.00011464474339384013,-0.007231995316827431,-0.007281848822418799
2022-12-20,0.0031792629903663805,0.003160455130108825,5.845823610307668e-05,-6.0104397602302596e-05,0.0020002723542316345,0.0017415593529791127,0.0026805370752020575,0.0026270421803157784,0.008700123136576692,0.008277974075127616,0.0003755598312423823,0.0002321710324947677,0.0019254544140588966,0.0016669257159826496,0.005161722299253617,0.004868864162316971
2022-12-21,0.017830127277777864,0.01756875083812224,0.012225348917652097,0.012180695293613417,0.011366290854868401,0.011228940101651935,0.01588681197994349,0.01559195607117563,0.014259856269343466,0.014301550729319837,0.012018439543661757,0.01199060335740311,0.011349856493411883,0.011210228382820216,0.014172288219264173,0.014045689131471457
2022-12-22,-0.011582264695177421,-0.010584347798744773,-0.00458841114895832,-0.004516819305883886,-0.006147573550816317,-0.0055972455639578395,-0.008828896885238788,-0.008149878113550427,-0.00862135975038459,-0.007995398208767686,-0.00465768657487352,-0.0045776682944594265,-0.006246738312215869,-0.005702635520257691,-0.007436880551457235,-0.006944245812669608
2022-12-23,0.007750029854520149,0.00773887047096227,0.004862359099768131,0.004527065287297049,0.008258401109276675,0.00758586351525299,0.007379416087335009,0.0072363953090639485,0.0062776444668217425,0.006376551652226271,0.004808881784139352,0.0044759189074687344,0.008236108060734632,0.0075644522843508226,0.006671079279853339,0.006592725997177165
2022-12-27,0.00026554827864285954,0.0006420427582747744,0.001348877292267176,0.0011807742342139396,0.003349777850386807,0.0030883924430525757,0.001707141488619868,0.0018101455413598152,-0.0017391378059759656,-0.0012732629263297502,0.0013473919603620378,0.001174941856614382,0.003354220225100892,0.00309719890095597,0.000842096670054574,0.0010149128605572062
2022-12-28,-0.012808033008290866,-0.012778392890512122,-0.009899639757436652,-0.00985208580674466,-0.011781789101969229,-0.011449813372518474,-0.012230009582232288,-0.012166854891370166,-0.01518677672705094,-0.014986676416256783,-0.009959071358076181,-0.009894648183639618,-0.01184107705989008,-0.011509691650498638,-0.01319123656465901,-0.01303337318675636
2022-12-29,0.013599359712046972,0.013292141761670748,0.006493597137848583,0.006502183982833217,0.0026552768410824847,0.0025393308572551013,0.011832183929909432,0.011600146364280242,0.011231947956177223,0.011146368153510982,0.006475763060222089,0.006495619528203589,0.0026602458355249156,0.002546238956708392,0.010626521127003234,0.01051503827285028
2022-12-30,-0.0018817762241893554,-0.0018000337267136996,-0.001002898654628823,-0.0009502717665668783,0.002205569218748528,0.0019387916649335182,-0.002220974449857965,-0.002076911179949731,-0.0014994889775808394,-0.001458497845119355,-0.0006249660175750325,-0.0005769282546837402,0.0022394924672206958,0.001975714625240348,-0.002020374784329913,-0.001903423528353637
2023-01-03,0.0022509057491670536,0.0020428340518036225,-0.00015749939805208003,-0.0003205126052218515,-0.011102195530786722,-0.009902005429237314,0.003119924845406859,0.0026745892280716304,0.001424910863188168,0.001224641316505928,-0.000101813643879748,-0.00029941126419533675,-0.010984775939617218,-0.009795567379832306,0.002666819604466135,0.0022289041255618047
2023-01-04,0.018428178719494943,0.017955047800602527,0.0077166491024466075,0.007451005873644067,0.006380464031606333,0.006591382742848,0.01635584425301615,0.015748143206048577,0.021530127426546652,0.021182582442403806,0.007981321962466273,0.007643429644311728,0.006427862473524809,0.006638550308807402,0.017227995254966467,0.016650998302795494
2023-01-05,-0.00679763801193668,-0.005961073485293608,0.0007409590300888394,0.001403435549392402,0.01644159931198615,0.016184731809468948,-0.005810284757080909,-0.005054025962149851,-0.008150576794457376,-0.007475364787794385,0.0010668338537981727,0.0017258253389674186,0.016357355383028446,0.01609998990597639,-0.006414378938222292,-0.005704613807576863
2023-01-06,0.023249459158050576,0.02299028755165106,0.01506970498393381,0.01587763094920841,0.012250348508491271,0.0120862281643807,0.021833815879542192,0.021686927377257137,0.023373257614875687,0.023159734664602423,0.015035933197315393,0.015861328395187516,0.012456606622361182,0.012304377882969212,0.021591418898204876,0.021466963062135955
2023-01-09,0.00017208903132034817,-0.0008648796935524256,-0.016523714498747746,-0.0179001950849903,-0.029707035850477976,-0.030624048099968368,-0.0031186891299088645,-0.004247112147303371,0.00470003749084959,0.0039049583484146947,-0.01659519572626121,-0.01798045953550316,-0.029594269435827273,-0.030495012667474383,-0.001068157843952432,-0.002123663999095086
2023-01-10,0.007616604974202161,0.007122685297190194,0.0011046883143378899,0.0013178876845356515,0.006476950222006043,0.006219099447459518,0.006484228492592864,0.006107110998369029,0.00735110865966385,0.00693681779310739,0.0013976309695198173,0.0015846774305969574,0.006541895230543266,0.006292270113364969,0.006350007946025094,0.006010712712783412
2023-01-11,0.00985384963869968,0.009437024983673508,0.0033356982708701312,0.0025882137895697353,0.004402509594558678,0.004192464953480459,0.008430248189341885,0.007938054889341573,0.013105328625998683,0.012806764482018436,0.0031818924570714818,0.0024847550101226774,0.004305321814142787,0.004094235825641737,0.009983310053759348,0.009516016427789464
2023-01-12,0.007037757028810942,0.006662021701937626,-0.002951323930529292,-0.0032965888874452597,0.010638664091116103,0.010195242234017882,0.004406559239306119,0.0038780121543525656,0.010156315980829734,0.009889939538226918,-0.002858583401855002,-0.0032186128688727663,0.01044263521591661,0.009994177899409241,0.005863643088139267,0.005365787261000759
2023-01-13,0.003431146425461702,0.0034138948203344694,0.0018904632971829527,0.002296305012637224,0.002070341440635441,0.0022949823099099025,0.00303302987963992,0.0030657102046091106,0.00851194859562675,0.008572259107795438,0.0020408954427538007,0.002406906272779965,0.002081840336851405,0.0023045532833187235,0.005482991454847874,0.005510203510955398
2023-01-17,-0.004052224805721268,-0.004136327619660352,-0.00598274823029004,-0.006193099441605533,-0.011804344636863848,-0.01222999735160507,-0.005168037256920447,-0.005174052257814626,-0.004194437669876231,-0.0042664067357720955,-0.006176844227599799,-0.006353835739922496,-0.011783389657664673,-0.012201447408960543,-0.005254838958358339,-0.005262930127859312
2023-01-18,-0.015965505018307232,-0.016230910336872646,-0.017559880293972405,-0.01807354335432125,-0.015510217836328954,-0.01546278615430904,-0.01691228669792436,-0.017216670103338143,-0.020443878262173084,-0.020730193516804336,-0.01750144600067493,-0.01801007795573102,-0.015533190589344352,-0.015489092269113961,-0.018926348683275567,-0.01920470201827679
2023-01-19,-0.007476202030265404,-0.007445701312366582,-0.0013652492682914962,-0.0012669908529207893,0.010021950961592474,0.01003382856520928,-0.0060667213600693595,-0.006121678625805715,-0.0022733494822116656,-0.00217156918987623,-0.0013963283200895647,-0.0013233836294510078,0.00982807232107073,0.009828424287121081,-0.0036496354076917432,-0.0036975768850283277
2023-01-20,0.01531290783669132,0.014283588617632723,0.007501651125900727,0.0069398837022167535,0.006582117520514906,0.005954293501925075,0.01295542301761669,0.012061049365725059,0.02351405930305076,0.022779300882266183,0.007842285544712084,0.0072159494796098025,0.006546845443283556,0.0059257246711039305,0.016666445180954535,0.015839779258555887
2023-01-23,0.011435710954858267,0.010649354556368182,0.0015252895865113573,0.0010027956200459678,-0.0022497084901927666,-0.0020800019883582023,0.007991403803344914,0.007423104845551214,0.01302064324129035,0.012390556735317157,0.0018472860427911576,0.0012661688810803875,-0.002314226184789886,-0.0021501408409044173,0.008751676536959413,0.008236814151558263
2023-01-24,-0.0028834216294746054,-0.003001901562834184,-0.002453250722413316,-0.002830744640398355,-0.008518309695111614,-0.00890628323664975,-0.002616275474906087,-0.0028678585591063246,-0.009353205795021241,-0.009546699802323215,-0.0024818066467794967,-0.0028642829818209654,-0.008512867834251838,-0.008891474064245083,-0.005555023826075511,-0.0057948954918656415
2023-01-25,0.0018486905394841722,0.0012709411455119801,-0.0013794162624881834,-0.0015513342273687882,-0.0008221444389925473,-0.0006780059158008083,0.0018128052189517235,0.001096688464314734,0.0066582357232981525,0.00624885199819745,-0.0014833370188817561,-0.0016976042218373386,-0.0009356910815701236,-0.0008000970881739346,0.004020964402981714,0.0033453807821209624
2023-01-26,0.008422064284225662,0.008522843247834526,-0.00039107809453009404,-0.0013690989233520255,0.0034330015685705524,0.0014858566582437996,0.005946958325635871,0.0060482123940492,0.006728874633475802,0.00678773484079738,-0.0002898527084659695,-0.001263466073456205,0.0032815570528738065,0.0013532189656801146,0.005088568876499912,0.005193129066551003
2023-01-27,-0.0012064818542402754,-0.0009912396959371027,-0.006141803788333137,-0.006421456931205865,-0.0145064329580288,-0.014446256845696922,-0.0018233948308091818,-0.001681540078766799,0.0007719281474348101,0.0009798353858969137,-0.006081459432700476,-0.0063675019333259185,-0.014395758265850192,-0.014331546100166808,-0.000858092766212856,-0.0007400531298778474
2023-01-30,-0.01014423915496513,-0.010368621529512397,-0.002489816132352087,-0.002366566119876542,-0.0033725558740927072,-0.0023544571172542574,-0.008039078485766028,-0.008273048991217067,-0.016294006955992348,-0.01657079216606633,-0.002805827982317883,-0.0026488804812945304,-0.0034104575345207827,-0.002406588351898479,-0.010795489292807724,-0.011008096550339415
2023-01-31,0.011922802217140906,0.01146692146101011,0.007913132044686667,0.008261375413282163,0.014554515045299346,0.014337648799475806,0.011218049189315092,0.010913156111021506,0.013220029608013516,0.012860303456868012,0.007869031724798976,0.008220706347012,0.014421791399788183,0.014201997040628574,0.011762642389951729,0.011491318132599564
2023-02-01,0.006518284067217187,0.005207106206578965,-0.01863229119207877,-0.019586500532998593,-0.00020287859928106214,-6.111042465271584e-06,0.0021089309153168906,0.0012574674228166543,0.009731505056982967,0.0083888425441286,-0.018701367192137563,-0.019622869356972012,-0.00018033487579213053,1.7831325721903387e-05,0.003604894613256927,0.0027028382214328525
2023-02-02,0.00015704536703527584,-0.0006366731857881898,-0.012529230164423191,-0.012312424589053983,-0.025936231317102106,-0.0253190370869442,-0.0024812915464877835,-0.0029900737146643813,-0.0005500485124867096,-0.0011716001402931595,-0.012308070485254742,-0.012069372203680059,-0.02589848830000302,-0.025275864484677963,-0.002870201171054318,-0.003318487617786591
2023-02-03,-0.012768350780830776,-0.012938214927819864,-0.008225827843816336,-0.008483428510746547,-0.002714123792581027,-0.002757649856236475,-0.011848426506048226,-0.01211018168262039,-0.008341069248931602,-0.008791754471191009,-0.008435074903960414,-0.008709226507327502,-0.0025998575844568177,-0.0026667483550442154,-0.009820756215914286,-0.01020997081856288
2023-02-06,-0.004594982931553284,-0.0047570534087160036,0.0002724814822814528,-0.00017123536166706476,-0.001022329251276743,-0.0021767468300371053,-0.0031345291951351984,-0.003464921679088459,-0.006746947547876075,-0.006734575723837276,-9.23890074753664e-05,-0.0005569028080941854,-0.0009586978182451579,-0.002119083513540214,-0.004054604917158692,-0.00429066462275536
2023-02-07,0.010953461048114671,0.011298085236168041,0.005925787278523007,0.00605955960042697,0.014705034334495132,0.014931532544183578,0.008764918360854936,0.009219802117227201,0.015576413927813294,0.015546842438224191,0.00651208294462245,0.006691830825537272,0.014622876461841173,0.014856367909538147,0.01090501078441902,0.01115962554451225
2023-02-08,-0.009564990182089908,-0.009393428473510334,-0.006563538841089157,-0.006820873629719001,0.002381937223908878,0.0017234026768039588,-0.009347718308039628,-0.009216363635326928,-0.010476762630954598,-0.010268551356440848,-0.006750708842504161,-0.007024192069425156,0.0023551002306324226,0.0017027597317450657,-0.00966642579485,-0.009521274079639609
2023-02-09,-0.00969477310696571,-0.009604229518526514,-0.0018764883544068966,-0.0019771013142136228,-0.002454702265124985,-0.002716820585677178,-0.008704986868178924,-0.00863720293718807,-0.017697535698175306,-0.017065799054518348,-0.0017321319458480913,-0.0018284273861263846,-0.0024972776588120444,-0.002763768786164632,-0.012449577155333858,-0.012103146062838395
2023-02-10,0.00760192629547806,0.008154989856571558,0.011674533945385967,0.011251213499614027,0.019625086363036146,0.020084934215960082,0.00966095091664498,0.009909834330550298,0.006180523038854831,0.006746422499718172,0.011802748912422978,0.011404838717579845,0.019552241707120367,0.0200071979583365,0.009090526622922366,0.009368988924992671
2023-02-13,0.00875099441629904,0.008578959816836047,0.008651377015969578,0.008896155733772023,0.008261099482867788,0.00803863331372837,0.008190205683163648,0.008139156941013666,0.006761791597266651,0.006754452251576573,0.008502749832171674,0.008732951954226605,0.008277198671356284,0.008056174244514634,0.007369948828976661,0.007385853922900798
2023-02-14,-0.000643929332159083,-0.0008065018967475496,-0.008013581814744063,-0.008051553981649728,-0.0016149387480887873,-0.0009915998293370646,-0.0031367480836050183,-0.0031289325048350952,0.004442089540639554,0.003951861345377798,-0.007743476391160982,-0.007759359306109763,-0.0015994751245976086,-0.0009602580119565428,-0.0007744779805194564,-0.0009454765777638135
2023-02-15,0.0002892134172157811,0.0002193216022543404,-0.000823859004967058,-0.0004106343067549446,-0.009561252673383978,-0.009623692866838542,0.00029789859261073186,0.000278681513574522,0.01113496899099021,0.010323432338354959,-0.0006486019810602458,-0.00021715194183890345,-0.009633101959337398,-0.0097070146582206,0.0053810456651388556,0.004974870758631903
2023-02-16,-0.01393944574150931,-0.01367565701955818,-0.011663894777556284,-0.011582221852328711,-0.007856226183482,-0.007476552364300039,-0.012522855084833232,-0.012393266749677893,-0.01891393728273206,-0.018345929718784425,-0.01193175459674694,-0.011854297991250134,-0.007908542156956496,-0.007526741648287528,-0.014912135776081937,-0.014611779360438316
2023-02-17,-0.0027721399648127053,-0.0031174399604330942,0.014075108998963259,0.0133430241485793,0.007524372696040909,0.005213529275205988,0.000806136528365263,0.00027033403647580394,0.005827864390259855,0.004939447874942059,0.013897567659200158,0.013125190850418869,0.007608608863172228,0.005311420407276689,0.00485104973757075,0.0040483476968447936
2023-02-21,-0.017502776074307804,-0.01706560156037054,-0.005096941614420655,-0.0048924370856003015,-0.00813182460169785,-0.00849080818292659,-0.01523208399215346,-0.014914594396099642,-0.01778263938310214,-0.017393854957241255,-0.004995350427304186,-0.004790361177502577,-0.008154158735208278,-0.008519717415424491,-0.015327588711343683,-0.01501688350589081
2023-02-22,-0.005551258644505817,-0.005629106652826721,-0.0034056768879343214,-0.0034528461786742814,-0.0035439270815233433,-0.003988011988275614,-0.005619210384447803,-0.005658271168579264,-0.0058648178549140844,-0.0059088364522227,-0.0036188458892802617,-0.0036842226707779896,-0.003590529119641568,-0.0040295116634509985,-0.00578904827297094,-0.005817074472645033
2023-02-23,0.0054789650955139645,0.004850832932095477,0.0028560678273357536,0.0022982272609612955,0.00611219112393383,0.005645132847695857,0.003021269754425307,0.0026779417413235742,0.0026098348420776894,0.002278190051553065,0.0027822954184102307,0.0022114217464589874,0.006019731545612002,0.005560454609412848,0.0017935105881045775,0.0015774580268922236
2023-02-24,-0.00947722361510689,-0.008966268175717221,-0.006807946593828981,-0.006562193639354379,-0.0050094718539226875,-0.004736101024634246,-0.008323093047823662,-0.007945716048297528,-0.013726279036938727,-0.012999772321894712,-0.0068041201895078385,-0.0065458079441244954,-0.005093574741336115,-0.0048157203878728015,-0.010244643781152342,-0.009749690492055067
2023-02-27,0.0017761100564900143,0.001882461073817096,5.14299813161689e-05,0.00017679901364663233,-0.001641070340304773,-0.001393530718837528,0.0010308648347821421,0.0011375312494232585,0.0007106336017079123,0.0008744126535379082,9.479070294820678e-05,0.0002115183814412104,-0.0016093407265012208,-0.0013635680123779896,0.0005426945907201058,0.0006728291556137428
2023-02-28,-0.004292925502667183,-0.004302000201625084,-0.010685000923897525,-0.009992130678735292,-0.015233722289211235,-0.014054134216341987,-0.0054639341623774675,-0.005365416356382663,-0.005696637618743371,-0.005606914380778801,-0.010604293918147281,-0.009907010138588457,-0.01516752391699704,-0.013996443506063608,-0.006121603204453403,-0.005981611253760104
2023-03-01,-0.0010580319937396523,-0.001402646918437588,-0.0006244091550781392,-0.0012574121940984546,0.002027484718708034,0.001978969115183955,-0.00167407284728875,-0.0020586304987421883,0.003474361581112662,0.0031525491080154275,-0.00047823284789765886,-0.0010995821427911905,0.002124776506839081,0.0020811389116508123,0.0004733886553106051,9.672325475312158e-05
2023-03-02,0.01196363459680069,0.012317487096004257,0.005639660990146539,0.005994584945818009,0.0035142451648909104,0.003537590659391594,0.010430624857629396,0.010828153789451622,0.00829123085185667,0.008604822281832371,0.005748206466387841,0.006095846867022623,0.0036351131259264916,0.0036646227622042092,0.008697194666132698,0.009075191731847372
2023-03-03,0.013041698662887865,0.013023587764142065,0.0034980564271373756,0.0036107232374455135,0.00528040884715747,0.005317635592708902,0.01197110850764699,0.011980645333170371,0.007100174740261896,0.007114866286136756,0.0036099244742261033,0.0037191316434163433,0.005381845851509292,0.005421252943387437,0.009080625714611372,0.009108162993907994
2023-03-06,-0.001808663736776781,-0.0018897644621742645,0.01024370356884407,0.009869953639715606,0.025912895790753974,0.025820836950477283,-6.451205974581116e-05,-0.00018290933445921722,-0.0021608539506573353,-0.002226739306851836,0.01003772262492318,0.00966421027177256,0.025614738981404536,0.02551315601370423,-0.00019255904962788407,-0.00030288872212674026
2023-03-07,-0.01716608729068231,-0.017072245495124778,-0.011191205957498842,-0.01113609468179219,-0.004589458429386951,-0.004653409552008145,-0.016794587127628918,-0.01671017094085121,-0.01578749718484145,-0.01571613142271504,-0.01108151265107445,-0.011022479079831565,-0.004721771904780404,-0.004790249825310087,-0.016104096333478826,-0.016032554942702136
2023-03-08,0.0031917270516937163,0.0034589633391562025,-0.0059993362233409725,-0.005447082664643782,-0.017927842464651098,-0.017866890486261562,0.0010788277880517,0.0014311086815288893,-0.0018752779680403205,-0.0016269446381158826,-0.00617490094331167,-0.005637020243626761,-0.01766854452665526,-0.01759990982148494,-0.0011757387600797417,-0.0008349995888844632
2023-03-09,-0.01731871782501915,-0.01697632203103545,-0.011009728179361073,-0.011062498422066247,-0.009132989451368707,-0.009153205073628193,-0.01608442662062424,-0.015772573413615612,-0.024536203840409703,-0.024214389246972817,-0.011138030322697832,-0.011191289615304571,-0.009274603474728783,-0.00930025253888273,-0.019661999173787616,-0.01936196787721463
2023-03-10,-0.013042274760361034,-0.013181279301463558,-0.003208098098008841,-0.003855590426195716,-0.001040844510155528,-0.0011145553200455447,-0.011396653903628349,-0.011634840540383818,-0.011593807963097254,-0.011717025910323245,-0.0031727406674136828,-0.0038079376792121257,-0.0012846609791001492,-0.001370613514359886,-0.010775676558714177,-0.011008605393820127
2023-03-13,-0.0035160180638044687,-0.0025621577380787906,0.006637321575635406,0.0069752461746083,-0.013620624765850731,-0.013617387236862788,-0.0012242425143440447,-0.00031823070527287913,0.004382789544936424,0.005138854826225822,0.006440627016991802,0.006770529664641883,-0.013618518671478208,-0.01361729675481963,0.0025286260853770205,0.003338162499302658
2023-03-14,0.014545495217757273,0.01433366124072506,0.006737124085767629,0.0067697808504308035,0.015272532885552258,0.015233684123965804,0.012553746512084346,0.0123899911606849,0.015481833902104157,0.015300432405908952,0.006834345068058797,0.006868117645440477,0.015218348361087146,0.01517747222051974,0.012955114108525633,0.01280737464136769
2023-03-15,-0.00968814247115212,-0.00893908228331796,0.00536531291475752,0.0053052068166316345,-0.006868774414501745,-0.007079498005183359,-0.006623414837999434,-0.005924830460188891,-0.016728436592273462,-0.01606828376107663,0.005044691868188742,0.004990128786684143,-0.007287429569899857,-0.007513982506537453,-0.00984099255115765,-0.009184421530760647
2023-03-16,0.01420064899894593,0.01402938424658611,0.0015385688418941563,0.0014826191822350627,-0.00038707115993472324,-0.00036697638584080427,0.010483882209106956,0.010369134775720155,0.014869035327806143,0.014722819318032182,0.0015667031496349288,0.0015108527546966672,-0.0002791644451875924,-0.00025693684531020533,0.010817286509849502,0.010713683970064116
2023-03-17,-0.012241012240181462,-0.011886437366270817,-0.013726860584995601,-0.013381353317305212,-0.02669744847345744,-0.026627198430652935,-0.012712289539076688,-0.01230602820273095,0.0007420631691404375,0.0009727233441258391,-0.0136194275328007,-0.01327293667182698,-0.026582902793533935,-0.026508332950598217,-0.006676054874037429,-0.006328001455200937
2023-03-20,0.011381656021337803,0.01119980987058623,0.013308227057362315,0.01308190639568754,0.019957190700487792,0.019969779753460502,0.011984156005589889,0.011760528882232606,0.00375146243901129,0.003638040423834752,0.01332544811446966,0.013100906484999217,0.019982997492164967,0.01999649738811708,0.008538851627560481,0.008345985661308472
2023-03-21,0.008352348230895297,0.007532219558298134,-0.002759465366879253,-0.0030172728388356725,0.005235710439578384,0.005383158939283187,0.005728505325327057,0.0049167829235833025,0.019658805021547755,0.01891797254810957,-0.002338341963894934,-0.002590053261097455,0.0053818504298332615,0.005534486826016889,0.011108077451517864,0.01033451054840069
2023-03-22,-0.01994875486296806,-0.020035281876329296,-0.014015397955402957,-0.01418042170257334,-0.014502702597155125,-0.014546797208276434,-0.019330947567673114,-0.019388892892259587,-0.024846038452477917,-0.02489365480412469,-0.014199474190383771,-0.014360886635465147,-0.01460699765803816,-0.014654758723314183,-0.021870850687679067,-0.02190947801021209
2023-03-23,0.0017877909140547074,0.0016668960529314196,0.004369764346565797,0.004136617094399529,-0.0005410806658769055,-0.0005740693420718643,0.0010257386087625848,0.0008467345613230711,0.009246312215876318,0.009108057998052898,0.004643380045726607,0.0044251891383729845,-0.0005094050988667668,-0.000541586198790697,0.004654596572897528,0.004466634582009052
2023-03-24,0.007631212702629167,0.008229587685747962,0.01711603243257995,0.01741464821443335,0.006269368705155584,0.00624306076659442,0.010130496125853655,0.010707096860743276,0.001817952711764709,0.0023462545182323115,0.016865213210271835,0.01715468414256667,0.006255259920468971,0.006228217036673523,0.007316226744579626,0.007858718822866526
2023-03-27,0.004297343942389522,0.003974537221272293,0.005455265556086332,0.0053230512240057815,0.015912832283347805,0.015932376596054686,0.0045442056658331585,0.004240825181377755,0.00037268379532808264,0.0001230920885811784,0.005483373768961673,0.005355294370628798,0.01583631591339652,0.015853562026705275,0.0028682090476319006,0.002598550003302261
2023-03-28,0.0015994860897350029,0.0015325188086684097,-0.0008304453715164144,-0.0007287217968564124,-0.0013317081276634194,-0.0012554464988744193,0.001631925818024179,0.0015703170309350864,0.00631299467802165,0.00623349251640792,-0.0008927675601738354,-0.0007978543778753163,-0.0012078408507355132,-0.001132253121925634,0.0038757343066194165,0.0038056277787316423
2023-03-29,0.01557046620206545,0.015727133067874398,0.006678509263211643,0.006959323327476574,-0.00027478421711142403,-0.00021645742292668736,0.013862140704180114,0.01406519599643668,0.017745844831308602,0.01786562112343453,0.0066599906557358824,0.006933532522983563,-0.00020360644087735286,-0.00014300612865422648,0.014883408277639128,0.015069699640303469
2023-03-30,0.004909293457587829,0.0050858505126530635,0.004255988052571188,0.004247312847500599,0.00724780340249599,0.007240907084477271,0.004305369092046065,0.0044637577662528715,0.0037976180354910433,0.003950471992076024,0.004340903923027925,0.004334842053304489,0.007251590145270009,0.007246045793511135,0.0038581726704207367,0.004003602449324815
2023-03-31,0.01245554165487161,0.01254676688053622,0.006313697480423219,0.006478878678296296,0.006671824565054295,0.006660133844660771,0.011708577669378741,0.011794221489270586,0.014129093881529387,0.014196797629462939,0.0064551902448836684,0.006623131441428635,0.0067471337589083665,0.006738479048469045,0.012445422518371774,0.012521016709694764
2023-04-03,0.006940014431519134,0.006750925905508104,0.009266520858687814,0.008705069483902947,0.01979737966590171,0.02068201871990061,0.006971296541506506,0.0067697946743073825,0.005473537217209085,0.0053151628781183445,0.009732583930970817,0.009176921836098657,0.020036469062719237,0.020923079555760487,0.006358442000758603,0.006158260051576397
2023-04-04,-0.005064090563162217,-0.005469763712141971,0.00496922310804485,0.00550076682963109,-0.007869337186459234,-0.00819735406790913,-0.003185079419800477,-0.003573893270282385,-0.002758518085318804,-0.003096354017229043,0.005076078335366796,0.005629365627975139,-0.00791447045828522,-0.008261909644353565,-0.002190496357504274,-0.002535915467618239
2023-04-05,0.0037000673038339793,0.00294908367933139,0.01529475956770504,0.01441217411956958,0.020744871792878688,0.019927037908109436,0.0067979624285295324,0.0058622675962773695,0.0038483831842119694,0.003222589428506144,0.01529635297446551,0.014397564298570108,0.020587444126515708,0.019722902313951136,0.006916216628634237,0.006032604019520545
2023-04-06,-0.00016101982917674727,-0.0003628683533904323,0.0008121736519375923,0.00048599229480536846,-0.002600060352348171,-0.0030973237925468232,0.0003607537742545555,9.577412886614748e-05,-0.0016324530409317138,-0.0018007964759834563,0.000642507325565138,0.00029762872367328875,-0.002695213990730985,-0.003205821836612321,-0.0002949627664342992,-0.0005524974354775559
2023-04-10,0.003514247817485643,0.00392483449499791,-0.0018468051062227482,-0.0016157235037000928,-0.002678064565455109,-0.0024619341231529005,0.0020982976938797586,0.0025877903028444834,0.006858489058566375,0.007200955235755862,-0.0017351442619841346,-0.0014906206190740884,-0.002608892505666425,-0.002378468200602202,0.0036964178428446426,0.004178326409208715
2023-04-11,0.002569206481788522,0.002775351876572113,-0.00045931709463927883,-0.0005655812098804113,3.951908839992129e-05,0.00011837467293084503,0.0024174059182019325,0.0026338135147094682,0.002778148823473418,0.002949953206603094,-0.00040026603151697667,-0.0004992091069486735,5.689614224050634e-05,0.0001315766988928466,0.0024730262433212474,0.0026763702366535635
2023-04-12,-0.002221933994919998,-0.0022527175191858636,0.0014327542245028157,0.001384849459724586,0.002796320462007097,0.0026698497440173982,-0.0014167555170823563,-0.0015087040277687504,-0.0026424747146835148,-0.0026681670407959416,0.0013459461758903149,0.0012979096308411077,0.002799506865419805,0.002668490479436954,-0.0016894495836962337,-0.0017859787184877993
2023-04-13,0.006972895720065671,0.006760162687566679,0.008566966470148806,0.008373414359930971,0.012582242566184043,0.012104112916738057,0.007195828324156246,0.006982917513580917,0.009702366753600433,0.00952535139708834,0.008704986316448312,0.008525862223594173,0.012483282968953555,0.011985630359738243,0.008333835689149955,0.008154790022999814
2023-04-14,-0.005796901834398556,-0.006094944569666687,-0.004693476990677951,-0.004744325696449843,-0.0011149682904692967,-0.0006915538916878003,-0.0059723221241591035,-0.00622115568451904,-0.0022719367063586083,-0.002519966704848166,-0.004557828356773936,-0.004593183792421174,-0.0010216211487266507,-0.000576804292911174,-0.004312416176704352,-0.0045121636616049406
2023-04-17,0.00501314190495388,0.005302325499360594,0.0008394726676881807,0.0012281374725091768,0.000965062754896277,0.0009308204276433961,0.004777453857091916,0.005072770701573954,0.0001852270661380698,0.0004257510414444184,0.0006767998599555164,0.0010599844120179783,0.000935778689784324,0.0009167687363774357,0.0024581047020675387,0.002700852365864135
2023-04-18,0.00031857017390728875,0.0006375003301342804,-0.0020909727509672306,-0.001759942525134676,0.003977851967343122,0.004747405008120694,-0.0006305871497006704,-0.00027935549868341933,0.0036803527513123322,0.003946441605848293,-0.0019846923040833845,-0.00164099136133157,0.004139116192983191,0.0049363420764767674,0.0009850118317247993,0.0013388792483916196
2023-04-19,0.00215018613987956,0.001749990885713062,0.0002569158529745117,0.00022918965424516895,-0.001114001393550775,-0.0010043305564866284,0.0023929780006201936,0.0019733071730392722,-0.009925908423353688,-0.010260543200384883,4.0392433770994224e-05,3.4373524929918717e-06,-0.0011104050287839482,-0.0009902584908739924,-0.003205988854450537,-0.003669568697405802
2023-04-20,-0.006963271769652834,-0.007260702069878839,-0.004395950003632421,-0.0049429614854020094,0.00205208426022903,0.0019017935246514778,-0.007022692835335822,-0.007498157736052954,-0.008568364002944074,-0.008816370081053885,-0.004736659893052413,-0.0053204187437409555,0.0020053957034487768,0.0018594923576129704,-0.007805199191473998,-0.008273331268724024
2023-04-21,-0.0010172047667623982,-0.0013460218668212719,0.005340927648717555,0.005505114533723058,0.013125081462924034,0.012462971229796605,0.000642545395576862,0.00026852558252692593,-0.006889445400750232,-0.0071640112607464675,0.005456254227910389,0.005623676458648674,0.012958303941699258,0.012269507303102998,-0.0020998550084158057,-0.002490041715669423
2023-04-24,0.001757089349559311,0.0017446749103437323,0.001081724107585677,0.0005367021257401608,0.005765991348536262,0.006149663505683255,0.0016991308656844294,0.0016034838321176048,0.0004305062900748464,0.00042003533353264207,0.0012070819140648306,0.0006722349565351582,0.0058572422003545545,0.006247251809305944,0.0011125844995960377,0.0010047615283157957
2023-04-25,-0.014954209205319131,-0.015568766627511922,0.0004794698735695143,0.0002471421936166672,-0.005935705009032078,-0.006441273181119618,-0.011956588243729364,-0.012719026640659313,-0.009650637567961995,-0.010162256155942821,0.0002505192889899215,9.663129764131554e-06,-0.0060106153898879045,-0.006538558406268997,-0.009446847494124841,-0.010126718728780605
2023-04-26,-0.012476823412631973,-0.012395055425053808,-0.018143798341502298,-0.01805724952674472,-0.02189062384185379,-0.021553371068845303,-0.014135627285461215,-0.013937225837277733,-0.012523996324433191,-0.01245586209993217,-0.018437292571349087,-0.01837064987473449,-0.021825927080656213,-0.021483761449300327,-0.014184366087787571,-0.013984064771915621
2023-04-27,0.01466191302179606,0.01547964294447759,0.0033157874641547773,0.004196208252140836,0.008298594614642218,0.00866953417498014,0.01282224847697332,0.01391895227847522,0.01470703557001306,0.015388468527901366,0.003731629584038926,0.004606803159276126,0.008413234468744233,0.00880039543583621,0.012748722655083646,0.01378830874968204
2023-04-28,0.009482238561268223,0.00956949359622986,0.004140484420146705,0.00443092308114757,-0.002574895766695906,-0.0018494157759428496,0.007591146314810178,0.007782354625421256,0.00852458587815826,0.008597206223662168,0.004072334726293519,0.004363743113299445,-0.002379832660842643,-0.0016317125837823636,0.00719769771206833,0.0073847568297164
2023-05-01,-0.0034225665792960943,-0.0036256614498438064,0.0015261719454530013,0.001451683433202225,0.005563960084393278,0.006076864105009421,-0.0029037460806003133,-0.0031204647576319297,-0.005701460638165662,-0.00591540260916232,0.0013783419266475908,0.0013123432246562661,0.005463555758354271,0.005977398585294004,-0.003959136706228697,-0.0041918016919616444
2023-05-02,-0.01668205447422317,-0.016637205847773402,-0.006609388722250116,-0.006482435882565282,0.0030834060015812598,0.003110632259064024,-0.015665704256367523,-0.015645443046325327,-0.01172861762071874,-0.011598867518568843,-0.00692457444175727,-0.006792435046465351,0.0029967605330778026,0.003026557226787241,-0.013303038871717132,-0.013216635600760014
2023-05-03,-0.01221749617771301,-0.012454562630264485,-0.009143164467293316,-0.009245985552348695,-0.014165294005831955,-0.013370143066587199,-0.010767704296177402,-0.010988907134373449,-0.009008965374414552,-0.009145856736507045,-0.009203566140894074,-0.009314129041549766,-0.014045457844727969,-0.013259959136553524,-0.009269254674736056,-0.009430730885317973
2023-05-04,-0.005351289952589209,-0.0054876812171873995,0.0008005408353231433,0.0011186638398799375,-0.01016554370344261,-0.010660638371471501,-0.0041486845116011535,-0.004297418847507956,-0.006213969164150282,-0.006343316334788573,0.0006770087248633589,0.0010081419112438707,-0.010190569848681504,-0.010681500384554609,-0.00450877031809089,-0.004659058262896025
2023-05-05,0.017515249613176284,0.017650176188836533,0.010007693867729279,0.010036571887137942,0.00999683140799236,0.009923095871568373,0.015753895176338035,0.015898236822563302,0.01804464903028992,0.018166555484884717,0.010178353692063264,0.010208465656467774,0.009999154016198742,0.009925925502128532,0.01602380952335148,0.016169935210236387
2023-05-08,-0.0006943661313251728,-0.0008477885376730103,-0.0007553424575956931,-0.0008395062185900235,0.003167899757699775,0.0032933306486874494,-0.0013688084310788146,-0.0015556710751180138,-0.006554959489218449,-0.0067917928234420225,-0.000664920020018946,-0.0007535243068120143,0.0032003859193204037,0.003324071123235193,-0.004154430870855659,-0.004407186083791754
2023-05-09,-0.004258718762879401,-0.004110223720205354,-0.005061128251846619,-0.005114081371500455,-0.0038248817203983044,-0.0036794092655381967,-0.00410817626737934,-0.00395970317757079,-0.0008714536635478391,-0.0006849057359739708,-0.00491609232145488,-0.004970913106095149,-0.0038345745751712386,-0.003689787137253935,-0.0024853286020121747,-0.0023031826191121253
2023-05-10,-0.0017783329876314969,-0.0018458361580705965,9.21530413713988e-05,0.00018042885825220292,-0.0029243736474092496,-0.0033023403824939553,-0.0014194692051019552,-0.001526195650544375,-0.001754988869366697,-0.0018105953835954789,-0.00013551049078761325,-4.380367553361269e-05,-0.002926948058386267,-0.0033023000180740013,-0.00143627239047243,-0.0015369625541722014
2023-05-11,-0.008972948417903201,-0.009216697361040645,-0.0011610884229792178,-0.0013313088203517707,-0.002981965319937413,-0.0028791227719336594,-0.007891946162185519,-0.008162598579442225,-0.01095838240210674,-0.011197829923778125,-0.0012708585025440551,-0.00144679062841979,-0.003038849634010806,-0.002935016866076154,-0.00878042755793266,-0.009055978455018784
2023-05-12,-0.0008388740546909412,-0.001000485877399328,0.0017195691960360153,0.0017218086921813246,-0.0032465027577449753,-0.0033963253379353246,-0.00017357472053853077,-0.0003230541101383743,0.00040646252329820854,0.00029554835826183033,0.0016641712138740087,0.0016660880433647907,-0.0032403634877946215,-0.0033893072325870454,0.0004041088353806982,0.00028548782636256086
2023-05-15,0.004566875681341904,0.005008512088689071,-0.0032032129310905575,-0.0031276071155046355,0.005919660535129547,0.006752798504928026,0.0025106910132861354,0.0029199567247788594,0.0051931715604700895,0.005571524544851763,-0.0031669455155117964,-0.00309042768515858,0.005852655508086262,0.006682495731728585,0.0028213744851211075,0.0032067873627400646
2023-05-16,-0.01596931677803586,-0.015972745803657505,-0.014557562872723797,-0.014878821450326964,-0.006678207878264373,-0.006711786026640242,-0.016581944209079085,-0.01665161963951781,-0.011904080387034558,-0.011831000392647997,-0.014629553174347451,-0.014959669006523872,-0.006719838980424854,-0.006752003964188935,-0.01460891415742705,-0.014612859856269648
2023-05-17,0.012319075380388223,0.012942062526969918,-0.0020159028129736654,-0.0020272756196020618,0.002982302265987077,0.003606736813757664,0.009567014889864795,0.01018576288489877,0.012751658329153509,0.013276954415312126,-0.001786657998032956,-0.0018031932650096596,0.002981166628797562,0.0036015858304178183,0.00979152517367944,0.010366905138248268
2023-05-18,0.0058853739811349,0.005607005380277937,-0.0020769618452190133,-0.0023371161905915076,8.067032930828233e-05,0.00019403430983772594,0.0035367663827799082,0.0032876752260319747,0.0029668728035717913,0.002681256340215331,-0.00183131169967559,-0.0021033074403270183,7.675590365900892e-05,0.000189687435677749,0.002156166731297813,0.0018972204549614717
2023-05-19,-0.0024750102388178584,-0.002363578043948249,0.0008221111950345186,0.00103192836769583,0.005369288209504643,0.005346698218144408,-0.0017043743426198054,-0.0015847608680470404,-0.0015144502784157742,-0.0014039965097980187,0.0007387073800623023,0.0009616873118831839,0.005415867224641581,0.005391757958478581,-0.0011681966221994454,-0.001045788396678856
2023-05-22,0.0006733174629292172,0.000863737922764914,-0.006780287962129058,-0.006729380067347714,-0.007979599121848358,-0.00758346601987058,-0.00010671164819555146,5.0578175617609365e-05,0.0019826777328277086,0.0021652237564700476,-0.006579194461897169,-0.00653668567952569,-0.007987377819467543,-0.007593764276218497,0.0006006747280937289,0.0007644915932578146
2023-05-23,-0.007158860298573353,-0.007253587559884754,-0.0037569590086175423,-0.003770387738723711,-0.01430642472752821,-0.014680295515580592,-0.006719579935155281,-0.00680239079885929,-0.0045412686415083345,-0.004571024123262698,-0.0035166673719222922,-0.0035235182609151213,-0.014195770656425273,-0.014570852125372687,-0.005395089971002587,-0.005431364230711704
2023-05-24,-0.0092430297574062,-0.009521761122917714,-0.006975117180364396,-0.007165191012592345,-0.0002076154120341327,-0.0004002619895336609,-0.00899956482802102,-0.009277098594795405,-0.012587796060454324,-0.0128816750964154,-0.006866788577134431,-0.00705835496468383,-0.00015328071918114475,-0.00034647821689683795,-0.010556952879337967,-0.010856434047912008
2023-05-25,9.278741905413855e-05,0.001247105349262867,-0.012379891139014224,-0.012385400092503449,-0.008435580499267004,-0.007990699183600137,-0.005403926359011549,-0.004448817555770288,0.00017962156988919303,0.0011395817695540426,-0.012533615500159764,-0.0125298708896822,-0.008471869763551803,-0.008028714144472832,-0.005247105334851328,-0.004370488209941763
2023-05-26,0.008663674683658413,0.008973955824087991,-0.0013910939016063975,-0.0017379973397955446,-0.003024072404297682,-0.0025661583076274684,0.005900743143222165,0.006100346162585089,0.009530105655791187,0.00980388983510268,-0.0012604419539834432,-0.00162811426725695,-0.0030719592080521987,-0.002615454157434261,0.006201210266180565,0.006392245056935182
2023-05-30,-0.0018190711166541518,-0.0016836634038848411,-0.0039887373459238104,-0.004044482894600858,-0.011219129090435162,-0.010983381573729627,-0.0026794894142450677,-0.0026135305781707823,7.578433379529432e-05,0.0002235930022234582,-0.0038642017091257267,-0.003929603690390455,-0.011241439140439376,-0.011006499020138826,-0.001725037960973671,-0.0016388191142235587
2023-05-31,-0.004663092855496197,-0.005207956407209361,0.007046891560572154,0.007046273091859296,0.0025691848681493427,0.002239303782852138,-0.0018787990815836019,-0.002421073937783814,-0.00571396640174779,-0.00618595055687741,0.006971568131136313,0.006966440151337199,0.0025369683946006426,0.0022101515085072125,-0.0024255501588045366,-0.00294237728728573
2023-06-01,0.005148317863618266,0.005680403441182611,-0.0018095440759799295,-0.001995296514882389,0.02144833360483309,0.022669358299603207,0.0029551994767765266,0.0034735102560062552,0.0031227568803515186,0.0034604539975044944,-0.0018058944893564145,-0.0019744082490306147,0.016817949170988264,0.01766068461044264,0.001890095787440062,0.002303613832533072
2023-06-02,0.0195001976644241,0.01950551268742072,0.012890789656349782,0.012526636303204568,0.010388831629593328,0.009868392275058965,0.01785762256285558,0.01798868660605933,0.021328520412707667,0.021420815701973118,0.012721517698623926,0.012367793564811127,0.01304467149473946,0.012747240825928678,0.019241889387210543,0.01946285384972564
2023-06-05,-0.005896949385171216,-0.006288955170504191,0.00098880389345332,0.0011382043845028426,-0.007018313611248585,-0.00749118943122022,-0.00419666525743933,-0.004628352842503227,-0.01417536110529351,-0.014896930554220878,0.0010766051034808456,0.0012134115053875844,-0.010562431271227081,-0.011253656046206036,-0.00837719068796466,-0.009067998453501166
2023-06-06,0.004403184679716094,0.004845328786115589,-0.007156247636033213,-0.006971935545793835,-0.006755947457777575,-0.005971528683966396,0.0018831100499789024,0.002355874674217008,0.009414201121807915,0.010020049100674588,-0.006974194946297272,-0.0067727077319496036,-0.002918629060331838,-0.0018972461531219218,0.00436989498537923,0.004984791627766878
2023-06-07,0.008253330916676531,0.008298994131735578,-0.00044482422410786234,-3.207616458640568e-05,-0.004501503289041838,-0.004566546387737168,0.008295301019904815,0.008589135043565165,0.001215165551549427,0.0009144460026639076,-0.00018771359302702974,0.0002555703704402122,-0.005928391736127257,-0.0060368562866806525,0.0048009201242336826,0.004836917498517157
2023-06-08,0.004105881849056212,0.004121853149094423,0.006217332342063536,0.0060279580308804865,0.011725462639549322,0.011771610510207307,0.004272250453498033,0.0041305747659475985,0.004640053398329462,0.0046789186539187505,0.0062007265947675964,0.005992806804841106,0.011575768348192652,0.011575272555416755,0.004556252748761424,0.004433067559067126
2023-06-09,-0.002802731516898365,-0.0027517170637167375,0.0003105641843410892,0.00014849060597375513,0.002764138221077366,0.0028053154796623425,-0.0029371332105309397,-0.0030077315304710547,-0.004253699654141782,-0.004281361299095504,0.0002480132900343576,7.960297157712768e-05,0.004844039511420116,0.005011693856924397,-0.003908383508460714,-0.004043835809093726
2023-06-12,0.0052286646422442075,0.0056871929667713615,-0.0026813180844243263,-0.002678350684273634,0.0007158927462927676,0.0013480693803844123,0.00324692572421227,0.003634630974622578,0.00443853694167972,0.004778978806063781,-0.002658493446239021,-0.002664114641071377,0.0011662497722814153,0.0017739264386426648,0.002867308773830568,0.0032023387341333963
2023-06-13,0.007318719029048488,0.007528627278928509,0.006419160382841036,0.006434833317785113,0.00734915681973764,0.008098743638697071,0.006461914487562833,0.006644102877040942,0.00648216286749041,0.006615181323440177,0.0064074000746543154,0.006419968764335853,0.005272782943987264,0.005807472586876341,0.006075977971225347,0.006215216119402777
2023-06-14,0.00012724349296770352,0.00015369315055635058,0.00236262487408797,0.002087357920851642,-0.004815386044092219,-0.003977275802154936,-0.0005954926443953272,-0.0006615484780463157,-0.0070893547692674475,-0.007414510986698519,0.002268203784416,0.001987726383184071,-0.011908421644700523,-0.011651620828113782,-0.0042457757450601675,-0.004549407155671909
2023-06-15,0.010003512200136698,0.00987332723461576,0.010405197601407507,0.010175966700309907,0.005281444895548688,0.004996336486419509,0.01066092215241326,0.010579860997453538,0.009301110782040432,0.009159893972202078,0.010253671293852067,0.010023701801832338,0.0049312169920719155,0.00465514469640797,0.010180077963986832,0.010072660644864607
2023-06-16,0.0005502064556709698,0.00036993542598943833,0.001535869831183151,0.0015049916300488113,0.0035738250270360224,0.0037216338612643574,0.0011836342107252019,0.0010247379284398683,0.0023198408494336555,0.0022561464770104807,0.0014068055403023603,0.0013778869933816443,0.0022961931753502293,0.0023638573297318716,0.002041327348608581,0.001949311239662391
2023-06-20,-0.012622406708579165,-0.01281852501161356,-0.007039980374608454,-0.007383223061107505,-0.005328832200261627,-0.005392379503712472,-0.01175924839109456,-0.012060184839668546,-0.005993356231431424,-0.0058364811367305446,-0.007192699377360971,-0.007554932286144253,-0.00492467808615434,-0.0050153234747300985,-0.00834336936345528,-0.008395328214614748
2023-06-21,-0.0031648906733249046,-0.003648882061310676,-0.0010622398348394224,-0.0014736532413042894,0.0048204735399186285,0.004334350629750385,-0.0018084716390126218,-0.0021752977009287617,0.008886569154665692,0.009066575067568344,-0.0011443598148344236,-0.0015503815921537496,0.006064284914529181,0.005716676298784412,0.0042530857554636,0.004337257751819196
2023-06-22,-0.005592422870120342,-0.006021848653664885,0.008440090394708038,0.00815354837028665,0.005191093727146073,0.004356353490360086,-0.003708899155543942,-0.00425040585431688,-0.005267702939070902,-0.005606503455609134,0.008308241854362505,0.007995884618511735,0.004019334114017672,0.0031484249661031362,-0.003607693080671571,-0.004106323801267572
2023-06-23,-0.007259581439822718,-0.007123502432496954,-0.005805631129473968,-0.00584443047695225,-0.004155616413006034,-0.004875296426358567,-0.007318287219413614,-0.007208407962586811,0.006400617430051085,0.007169730433961308,-0.00571792825392407,-0.005764158697881133,-0.003093878457884752,-0.003694801594420301,-0.0006682791932547986,-0.000114165924018254
2023-06-26,0.006682503230795585,0.006900294961797756,0.00018251550480425386,0.0007944731036150545,-0.007028445435665024,-0.007231880558019829,0.006335595586126872,0.006748585481500602,0.006565141694990467,0.006739246576842977,0.00030775900702100797,0.0009396092877981366,-0.008377672512852794,-0.008603665437491052,0.006258014471758816,0.006643858201279013
2023-06-27,0.007222896182025428,0.007668585600683854,0.002045667581670533,0.0025072250766732147,0.00790932032583858,0.008531124057174277,0.0051695536778405176,0.005596105055568603,0.009790980390278446,0.010282294277637433,0.0021914155035488688,0.0026528461903003136,0.007741322230552884,0.008292880200578074,0.006569208761910158,0.007067116379657358
2023-06-28,-0.0017040372863230946,-0.0015420844685934496,-0.0045308918222185385,-0.0043878721966205455,0.0039531981767404805,0.004101740609880241,-0.002093122887156195,-0.0018792880188137607,-0.00808080814049297,-0.008253750674680694,-0.004382922753265525,-0.004234588386250548,-0.00011526045459666484,-0.00019018617793364846,-0.005152003617256679,-0.005158858083778833
2023-06-29,0.006333876012833468,0.006361333620058231,-0.0017821865879214002,-0.0014619429196766885,0.00562780331152969,0.005269160318609389,0.0057010477804227255,0.005819950533438854,0.010228184796819903,0.010438090726470797,-0.0015871832660691123,-0.0012601780278867422,0.007173447702903461,0.006950853083504228,0.007657189298681657,0.00790359233521887
2023-06-30,0.008314033679412115,0.008516091910065561,0.0064487258756821715,0.006115557919111621,0.018927667730153218,0.0193161379196124,0.00826674832879331,0.00833688044336618,0.022603202991231905,0.023457011859691127,0.006463735213224395,0.006120858902570902,0.016786874613482033,0.01699639330510969,0.015196129333121481,0.015723772591110824
2023-07-03,0.005677130992006776,0.005736318292204204,0.003745268087902943,0.003820496302651258,-0.009854689136575277,-0.00955815603664684,0.00532012365496571,0.005400147649501784,0.003877257598172458,0.003781279173424182,0.0037220095159507596,0.003821890932394388,-0.010974967738151245,-0.01082442638752749,0.004567578704642517,0.004577040726862183
2023-07-05,-0.004240653464778885,-0.004322873173652868,0.0028602399126515933,0.0027432999410629583,0.00013030905175248416,3.460034580331576e-05,-0.002541138269950748,-0.0026028061851437255,-0.006060561334685032,-0.006268832183667126,0.002611563350767725,0.0024964342138690246,-0.0005319795144865864,-0.0006784653550847297,-0.003440648075645444,-0.0035919589291140584
2023-07-06,-0.012084138933912192,-0.011851828008653224,-0.007816153770467089,-0.007674267905854915,-0.012017938883191446,-0.011922173648181636,-0.011746754224894941,-0.011530901582577895,-0.014258838320504313,-0.014236508288310712,-0.00792176960133737,-0.007751030225542908,-0.010957590462992276,-0.010706665998374887,-0.012801922815310573,-0.012702844377244055
2023-07-07,0.0006819149565187499,0.0003275964578392364,-0.014376284304749227,-0.014168110291555023,-0.0025845481211906004,-0.002493383236017741,-0.0019217149569317035,-0.002157621423247482,0.0035620926596644236,0.0034942491605477527,-0.013928361995483137,-0.013699809803620625,-0.0025416877939558164,-0.002392382357942493,-0.00033514190736766387,-0.00038976410569644445
2023-07-10,0.004779669698334353,0.004628577158146133,0.0008976930704179673,0.000946058746147147,0.014025068874857093,0.013538069316755398,0.0043273339872398385,0.004154512553394408,0.006097554230657368,0.00607556307346767,0.000859230910985195,0.0008728707613442727,0.015128954376757356,0.014847402343304743,0.004945879697663235,0.004843592509473817
2023-07-11,0.014211688018259465,0.013971337311172945,0.008040573610255014,0.008726334647641752,0.000895833090703724,0.0008882664560931027,0.013144869186693432,0.013058972745158168,0.01189302313810753,0.011516424535884019,0.00818046455267091,0.00885177622512186,0.00024969243002691006,0.0002102723628022084,0.011828311426425434,0.011649403415648147
2023-07-12,0.00823735096035434,0.008413259006950304,-0.001456709453156463,-0.0017121096016673696,0.0010688191721300918,0.0016757630300709213,0.006784944448855504,0.006900360860631443,0.006143557144120819,0.006125872175316794,-0.0016990760377232038,-0.001959900402614763,0.0018962814533629996,0.002599692179628667,0.005708214191955345,0.005723924717924782
2023-07-13,0.005613289998631371,0.005966071998292188,0.0025051959241140904,0.0026304381434936823,0.0024111131524845826,0.003243445869877775,0.004441329474873573,0.004721166427151721,0.037260963080475606,0.03999912591427804,0.002464125661937093,0.0026542076961681652,0.014773752618969578,0.017127724139638312,0.021691127897060673,0.023491477346540543
2023-07-14,-0.006609687433745771,-0.006402084870864693,0.004635004696950134,0.00438923026172104,-0.0033777810562957457,-0.0034371844468564575,-0.005165283661615537,-0.005028616505938093,-0.015765993628187,-0.016304134560075314,0.0039390232996178755,0.00368697053368821,-0.006996185557391224,-0.007552513804269989,-0.009999005219212986,-0.010322220161492788
2023-07-17,-0.0035596088175880555,-0.003314208564792015,-0.004011657092263597,-0.004037679510254086,0.0024792288280591946,0.002725125393433342,-0.0049791448820501304,-0.004871562876585754,-0.0036493398954162443,-0.0034549472202986876,-0.00446652446768534,-0.0045282047568184014,-0.00015855337232604797,-0.00019323523572342165,-0.005106661485168252,-0.005016858563929607
2023-07-18,0.005936202752823029,0.005983738793892609,0.000554849294598071,0.000582907073148341,0.0028942757231617093,0.0033071112112894535,0.004823806177772571,0.0048404952616261645,0.005054130851559697,0.005024881211567778,0.0006454837197632782,0.00067711754579992,0.004207980010168393,0.004733507887449142,0.004514130574491218,0.004500572668640832
2023-07-19,0.006037952272526241,0.006127029903520916,0.007785812260395113,0.007648260021533277,-0.006733184336381378,-0.00672771393324265,0.006588942287369459,0.006703912299064177,0.009944158028720694,0.0103194819171478,0.007978246976675561,0.007889790959153589,-0.005032238294967234,-0.004829693834929748,0.008844015204918896,0.009149446106278736
2023-07-20,0.0017480758015509055,0.0011444613490270705,0.014865105793079397,0.014676634211577035,0.010692926167279446,0.00988276221512918,0.005118410560641704,0.004639473773638003,0.0014145962126503103,0.0008935653814977345,0.015062687832670252,0.01486989440327597,0.009700829550079495,0.008806544599657129,0.005049961359918984,0.004587526813596477
2023-07-21,0.004489892359851595,0.004433063718026576,0.005480976181220269,0.005422748180726346,-0.0023488391495562087,-0.002694628607171503,0.005599901320955892,0.0055363212046875354,0.0034909232161122435,0.003367003988536909,0.005650351332604284,0.005580980253858918,-0.0015939476959600679,-0.0018816043266465337,0.004967761306498736,0.00484613813942593
2023-07-24,0.005464941830862187,0.005395525336522929,0.0008025868707358086,0.0009361633077352181,-0.0029855710221276025,-0.002886688268576781,0.004438339471717794,0.004425278354773298,-0.0019643631749951666,-0.002596154855549675,0.000754489519684299,0.0008557196275439436,-0.006544334342823981,-0.006843366530924483,0.0005031125003760938,0.00015178293895142273
2023-07-25,0.0034160131953540483,0.0032502305308370802,-0.0029428976773099246,-0.0027941967235478983,0.03393970394316818,0.03339265172068677,0.0019890020086476908,0.0018358427103120746,0.0029219394502740556,0.0027476963485408962,-0.0028359527586403364,-0.0026794126249614,0.030296555873951456,0.029485978672978006,0.0017688399378808447,0.0016247280802036154
2023-07-26,0.0021904630775948686,0.0021010816462325825,0.0040793057117584994,0.0038759548210268594,-0.012651904634370622,-0.012435473501228025,0.002171734664682245,0.00212606305362383,0.004385740905184214,0.004482267847687452,0.0038556194417728898,0.003679141756747577,-0.01047628156707449,-0.010020217746006812,0.0033811087239559684,0.003449972375766721
2023-07-27,-0.004634011643839128,-0.0045257351953107905,-0.007193888082149869,-0.007426712920807096,-0.0004163093189113131,-0.0003405545327972617,-0.005156235208827092,-0.005154690306816425,-0.0034876241260207155,-0.003310088742177559,-0.007025072120542479,-0.007266207477048841,-0.00039609564519036615,-0.0002577854894823206,-0.004467566021195269,-0.004412860341196594
2023-07-28,0.004241321399844555,0.004511440915967599,0.002614530753720139,0.0025089566313472996,0.0002080216481582466,0.0006659688238983114,0.0031334918054618925,0.003284979373136714,0.0047782376959451065,0.005041397596524865,0.002786137204419066,0.0027086263386649143,-0.00023239863193579875,8.615049997092383e-05,0.003606061626362049,0.003781521807634208
2023-07-31,0.004314741590100032,0.00401525954749451,-0.0048449327416043055,-0.004926961538981478,-2.8106998877164388e-05,-1.2143940195402727e-05,0.002657564979058307,0.002392583550988641,0.0007234954733570977,0.00019991779067700215,-0.004696845575737975,-0.004845424428997358,-0.0010797040912126725,-0.0012116553157283487,0.0007009593782889805,0.0002991406644791925
2023-08-01,-0.0036317010240047836,-0.003736424061033043,-0.004775619484258189,-0.004633850841558627,-0.009376788288464513,-0.009282986801159507,-0.004640460124958091,-0.004712292041302351,-0.0016767673196569446,-0.0016593122459385987,-0.0046536444428750354,-0.004488506233949082,-0.00838728910430025,-0.008213790672322974,-0.0035542041796162924,-0.003551016922714696
2023-08-02,-0.013699281238668084,-0.013883998301195322,-0.006926843540162808,-0.007177634072025599,-0.012412036236562361,-0.013354421825829915,-0.011457598448952368,-0.011607813913255743,-0.01760722554543934,-0.01797321020028763,-0.006388698009324032,-0.006613794098036932,-0.014926781418144967,-0.01594890022417412,-0.013410963142469793,-0.01367471149221528
2023-08-03,-0.004931584621457254,-0.0050447163761204025,-0.006370521649823091,-0.0066653379476288395,0.003246163496353531,0.0033870175545979682,-0.005634472010015307,-0.005803209500175708,-0.007005576565142809,-0.007212254806956733,-0.006110915854430964,-0.006399369790978622,0.0013181471492412537,0.0012087950755159283,-0.006490354090706892,-0.006700206642315411
2023-08-04,-0.002197023217300111,-0.002333451551769368,-0.005550495797101587,-0.005613240784192252,0.003901702648790655,0.0038376580631641903,-0.0024969693804480324,-0.002787984832155159,-0.0030479980515795663,-0.003206987161297383,-0.004895426724088936,-0.005024189490158992,0.0018870018863983247,0.0015932767118607373,-0.002869381840718518,-0.0031606196997321177
2023-08-07,0.00802041392341124,0.007733361232855459,0.012320200165410758,0.01221111187345585,0.013997211992509055,0.013994461493354357,0.008756726448695825,0.008426510263491808,0.007853063301314753,0.007607316435986976,0.012686947019458026,0.012553992159207427,0.014596017166066943,0.014647830428585853,0.008578186014404292,0.008262588559342147
2023-08-08,-0.003440940743932581,-0.003468071840208959,-0.0035410253320589673,-0.003917272088982863,-0.007146296966259489,-0.007328009287840729,-0.0025523694722773054,-0.002574867515109739,-0.0004139619684981683,-0.0002707690703818486,-0.003295605496338154,-0.003711134895648868,-0.005429213513091356,-0.005324806550183906,-0.0011428047838290473,-0.0010682322469863028
2023-08-09,-0.0019255958226743846,-0.0019901071826845026,0.0019614649261608737,0.002090245070508848,-0.012901108309953018,-0.013579718898241786,-0.0005379329459619889,-0.0005202825333681284,-0.002003905671024901,-0.002061360091203421,0.001913333245762157,0.002045950640284117,-0.012477422369792915,-0.012976121495276275,-0.0006586506634191521,-0.0006472630898585602
2023-08-10,0.0009644399956669524,0.0009095374981595687,-0.00173125912733406,-0.0018490378809761852,0.004576978969654317,0.0043658851742884525,0.0008466384313299117,0.0007884629189191634,-0.0009152087186206452,-0.0010632641368840954,-0.0016081723018553024,-0.0017377734408752497,0.0037200214287017672,0.0033094299034112716,5.27296824181164e-05,-5.606943051128178e-05
2023-08-11,0.001675815022885709,0.0016092178042039218,0.005181463335155715,0.004925693591546187,0.003910733843424226,0.0029052916199650025,0.0029380662114582615,0.0028806590763521952,0.000978953503761197,0.0008859493777652093,0.004887569254396566,0.004633084222105906,0.0030415695159130575,0.002084132800784594,0.0024316620901212176,0.002356171351236254
2023-08-14,0.0017062775996715216,0.001716276003131071,-0.0008692263123340458,-0.001164403841886209,0.017091839297319462,0.018251448195850995,0.0003233597938000192,0.00022221929429371189,0.0017471645415393202,0.0017576416371270043,-0.0009735603186554467,-0.001238564137576289,0.01628674467734122,0.017284523733734635,0.0003529062301771481,0.0002650666302390593
2023-08-15,-0.013225456282507148,-0.013334144324570571,-0.005765580786435563,-0.0060235533613230965,-0.009291254832645528,-0.009144715080532608,-0.012100919815866848,-0.012318550705046604,-0.01576839806135726,-0.015997062032924864,-0.0054088024273649836,-0.0056811762260636795,-0.011052581926582936,-0.011021739974382931,-0.013311547641433611,-0.01358503463570236
2023-08-16,-0.008186117279367163,-0.008372114456082703,-0.0021559229092703515,-0.0022527397656854735,-0.0041605784595996,-0.004359631493519419,-0.006901997973615721,-0.007037986577134431,-0.013305220169425746,-0.013738501925995012,-0.002068026149804495,-0.002156265493901274,-0.007354233080066689,-0.007896050404700249,-0.009461064007983735,-0.00974889045237444
2023-08-17,-0.004655788275770239,-0.004660994220776803,-0.0051221050219681305,-0.005159782591677344,-0.01369608391016926,-0.013476011213723296,-0.0045379559839971145,-0.004526343590324415,-0.018618058375637504,-0.019385988942620218,-0.00513634646068051,-0.005195395767109013,-0.02291074390791143,-0.02354693599665813,-0.011131447125210633,-0.011557502939052944
2023-08-18,0.0017330293707238818,0.001855177151001413,0.0038308313553798152,0.0038986852559782094,0.004470035425763123,0.00438131640175077,0.0017152442982913052,0.001861703123435843,0.002471885241369139,0.0026129719309898208,0.0037884762840577294,0.003863394048054593,0.004899996569891987,0.0048001047879650035,0.001973483287911673,0.0021200473398533095
2023-08-21,-0.0005131283529655393,-0.00036879649475212887,-0.003718800702264701,-0.003925069185695064,0.013553789267471281,0.01514209156877509,-0.0017434929838651527,-0.0017357854263191721,-0.0020742084303499277,-0.0020406278386741862,-0.003816006682350888,-0.004003630754637975,0.010756061299327976,0.011902488943206243,-0.002535490592768423,-0.0025757968926124
2023-08-22,-0.0049044034665741655,-0.005056457198036053,-0.005733786931473718,-0.005310669793507362,-0.010893572507270426,-0.011260298820274232,-0.004481666979213285,-0.004514923330753615,-0.0064817016705362865,-0.006693294382331616,-0.005708871319475765,-0.005288221031123877,-0.009826022550225176,-0.010152621548559877,-0.005132718378885858,-0.005208608644680703
2023-08-23,0.007321780440630265,0.007514356141675815,0.010443630729398197,0.010195516674104921,0.022764402771173756,0.022860543828879667,0.007112806776991098,0.007178839341194441,0.011351836612056927,0.011730977172342436,0.0101931876626141,0.009975495552664217,0.022075073631445948,0.022231138578622828,0.009008017048724282,0.009205175079141625
2023-08-24,-0.012228581664713429,-0.01232551439045923,-0.008719230566687287,-0.008699600656825021,-0.016377833997655876,-0.015995355764300535,-0.010964211672272453,-0.011006603301167638,-0.012212596412256194,-0.012291615809054008,-0.008619339368829713,-0.008612314589224963,-0.016319635589436842,-0.01593170720375708,-0.010941881818499716,-0.01098075348498504
2023-08-25,0.004912513294952161,0.005004329033024939,0.002908408337629259,0.0028300809001972705,0.002360820563730631,0.0016112370669099218,0.004794049978206329,0.004899953113162757,0.003910768741890751,0.003931656401362694,0.002989126417975466,0.0029233368415747746,0.0028392231478960453,0.0022039222407956877,0.00435000446144139,0.004410839268053372
2023-08-28,0.008364884527056863,0.008396899945396432,0.0029994746229887776,0.0032828564743343845,0.011804875813135461,0.012307522937591473,0.007145673440976179,0.0072328186925853495,0.005986453806978166,0.005882757753115008,0.003040349025441982,0.0033135272145762363,0.011088749015633054,0.011258905883420572,0.006006267080045107,0.006004369140352644
2023-08-29,0.011982477817999241,0.01194186308379254,0.004346946211222038,0.0042115113574346845,0.015630525838282283,0.016222981966371473,0.010820454420857396,0.010750288970841607,0.019163789948962447,0.019523082732206445,0.004240174185616409,0.0041009757207459635,0.02000392049795948,0.021011301779645726,0.014374301618170734,0.01454290905677949
2023-08-30,0.0015849659208836808,0.0016707339544651152,0.0015076055816893382,0.0015156653473297535,-0.00233992660519658,-0.0019467978579694328,0.0013080745329119533,0.0013707383660811886,-0.002387208164079165,-0.002533767108467077,0.0014611223650614973,0.0014809828522838091,-0.004426216044457541,-0.004241218573860158,-0.0006796684488184038,-0.0007533785246816983
2023-08-31,-0.0030555686910886835,-0.0029267278191309905,-0.005623348121943933,-0.005477114648724835,-0.0016447383970349119,-0.0014145032242693944,-0.004073361272682492,-0.003943310928605925,-0.008881755663568981,-0.009094214906020975,-0.00567189127645083,-0.005535461488276268,-0.0031980820824937563,-0.0032784945825061855,-0.006717340249447944,-0.006776635150609582
2023-09-01,0.004049068438607958,0.0039317369689854725,-0.0011314425336207586,-0.0011649459438533949,-0.0022457195310984727,-0.0027074808590902134,0.0031448254449814796,0.003059699309716585,0.0012194401811214358,0.0010732369577129402,-0.0011545818873608855,-0.0011820378909294376,-0.0036429494212567846,-0.0042620777355135,0.0017950730337820704,0.0016939827877931945
2023-09-05,-0.008724813019335222,-0.008650481408641676,-0.00946448913209667,-0.009401978365123518,-0.011747404580013636,-0.01139281821550855,-0.00961993831369928,-0.009511031386823108,-0.007538113444384513,-0.007458588478731816,-0.009556437648520374,-0.009508949218868414,-0.011360043060005586,-0.011000029875965288,-0.008965323380775131,-0.00885491080732374
2023-09-06,-0.00417614715166231,-0.00415565037401089,-0.002026243944534603,-0.001995001144882404,-0.00889790386124445,-0.009595496078203307,-0.0039381308659102564,-0.003911417221431498,-0.003237180952029944,-0.0032060931106316585,-0.00209444283887827,-0.0020727370868558193,-0.008246848104664306,-0.00889014468277189,-0.0033346936329169737,-0.003299756776410882
2023-09-07,-0.00017340816510796176,0.0001418669871391952,0.005094600487347182,0.004769000120471607,-0.003098509793869519,-0.003240588869241808,0.0018970739432887952,0.0021010335195191195,0.0011196778357605054,0.0014009806789078757,0.005137743843744153,0.004818592729657344,-0.0034701886569293923,-0.0035608040634254553,0.0023667038106819664,0.002568263107157129
2023-09-08,0.002637923536046847,0.0022715285799802675,0.003322146261770665,0.003237234552218292,-0.00029549363152984944,-0.0006443515961845586,0.0037012884913834496,0.0033238693636818985,0.0013551750133678688,0.001031554670153927,0.003336217455125861,0.0032564404605727863,-0.0005741199495176557,-0.0009055563617298107,0.0029489790340265372,0.002587619764328292
2023-09-11,0.002865687446399157,0.0026775796538643483,0.004254071080120084,0.004232531106707273,0.008003079282143024,0.007125881992233394,0.0032226469126076076,0.003056380277575335,-0.0031409107050021797,-0.003387129474177448,0.004402011898281345,0.004372814207024697,0.006789668475946147,0.005691505168290501,0.0002884283553710701,7.000818724172032e-05
2023-09-12,0.00230824385120429,0.002072694141001471,-0.003019616338739866,-0.003076287100283976,0.0028707258674284743,0.0025263732233002665,0.0020141975122921177,0.0018060699687155043,0.005296249437674423,0.005145282652783613,-0.003124278158568248,-0.003173817581240459,0.004454070517099894,0.004335329824595263,0.0038364839978596394,0.0036853800737082403
2023-09-13,-0.0009672270966173916,-0.0008975593259857954,0.00032666018615124117,0.00040281371181525417,-0.0065627656514374,-0.0058410386111093365,-0.0004117470532791265,-0.0003810518744722924,0.0010123337048559907,0.0010998546100613542,0.0003730276326439591,0.00044178079451966297,-0.006063495886087665,-0.005274787390237364,0.0005457283207012724,0.0005858357124054612
2023-09-14,0.012360870706178877,0.012485492527915257,0.006743978059212859,0.006603363707153743,0.012550341585722206,0.012067852494143464,0.012365244619059712,0.012449821906887119,0.012813333441212053,0.012923648321951165,0.006323729312757387,0.006194392745950764,0.01326962632997712,0.012851123812926557,0.012755276710081326,0.012840047702092685
2023-09-15,-0.010489077213557506,-0.010603876384659613,-0.00866765701721439,-0.008998969252841209,-0.01018060422607966,-0.011095843966296528,-0.009260315158292521,-0.009376783344519638,-0.005808530218916477,-0.005833831891269716,-0.008660074083786875,-0.009002006111546126,-0.008448983083180013,-0.00911277094052747,-0.0070973901665031735,-0.007161736024918694
2023-09-18,-0.00024995003851792564,-0.0005148845658809012,0.0018150554702125077,0.0014316009582151094,0.005317967053825887,0.0050443027688685405,-3.984922862414626e-05,-0.0003520925681424514,0.0030732217754222803,0.002902859126624662,0.001949444301028153,0.0015526653160380193,0.00622727931184842,0.006059711441385701,0.0014997405218399294,0.0012492774011123471
2023-09-19,-0.0042135020148569065,-0.004108217616930768,-0.00025762814814145216,-2.922795558601831e-05,-0.004759978770094238,-0.004932750148648303,-0.0034084654259962308,-0.003287871333449798,-0.00151198052084307,-0.0013840586673665657,-0.0002711474699509536,-4.226982105200522e-05,-0.0039850926546421,-0.0040537400116556896,-0.002165115496692276,-0.002028414207259501
2023-09-20,-0.005264643861468341,-0.005262431813395904,0.002076103369554171,0.0018814270294316103,-0.0113896202037889,-0.011780808985714625,-0.0034699558329499363,-0.0035125513921862184,-0.006164775560719365,-0.006176414611472087,0.0020371416815275433,0.0018323091527494527,-0.011261774582138818,-0.011588676990878753,-0.0040300303596157595,-0.0040799082335844904
2023-09-21,-0.018588068789013295,-0.019371741688366556,-0.014023075534689605,-0.014645463313047075,-0.015806647748349282,-0.01609769359456118,-0.017286472769576903,-0.018083355359400793,-0.018790123872734134,-0.019444254276316412,-0.01418998140218452,-0.014813009219460747,-0.01672310924981517,-0.01706121880553498,-0.017482774872325607,-0.01821800596926902
2023-09-22,-0.0033341264056424035,-0.0032853826629201948,-0.001310076589644401,-0.001432279870760848,-0.00512935632505421,-0.004294240117348925,-0.0033757847791822124,-0.0033362442778932504,-0.002574682455493939,-0.002522813796366942,-0.0013516959949668402,-0.0014746990498892107,-0.004975273493162335,-0.004125114319488487,-0.003024170136492474,-0.0029826445086332887
2023-09-25,0.002086940375641444,0.002118967106301499,-0.0025494248910603876,-0.0026604173664421353,0.004292510524583274,0.004540870352788696,0.0013210294015476075,0.001343130762532395,0.003190848654452438,0.0032339855557535456,-0.002717306891508184,-0.0028292861312520525,0.005045600313730802,0.005342108724037282,0.0019247144313719463,0.001957807199625212
2023-09-26,-0.012038678588931193,-0.011955805232758345,-0.006963329670425017,-0.0073035771417826224,-0.010669969526992187,-0.010382078448835961,-0.01145559501758741,-0.011398242193776756,-0.010548755017963485,-0.010457593331488787,-0.007020805918717271,-0.007362546168085388,-0.01036619309922754,-0.009986659776033049,-0.010775213648136219,-0.010700779365630148
2023-09-27,-0.0014106684457594154,-0.001451297873551795,-0.007421664661882798,-0.0075050567348985825,0.003230788057146589,0.003283496461059074,-0.0028837745071285947,-0.0028992473647278015,0.00037824047969263556,0.0003712678159091235,-0.007452927021537664,-0.007550360201392452,0.0049581553484693355,0.005127252023803241,-0.0018727100948352296,-0.0018620763108643371
2023-09-28,0.004051206390830819,0.004461708577325934,0.001752937977605519,0.0016964744491379578,0.010419548131296478,0.010411283938313037,0.0027761307135376373,0.0031417761831605087,0.007554892729120601,0.007948411242250564,0.0017241216567081379,0.0016564608143182073,0.011573035556270688,0.011672811541047391,0.0045520969878395864,0.004929583715068602
2023-09-29,-0.001064597661618716,-0.0007989438162330073,-0.003984827734799271,-0.0033080038775915393,-0.010195111686133306,-0.009567900400194023,-0.0021028791025546924,-0.0017582800999186383,1.8517727138480408e-05,0.0002554495932421489,-0.003942942573365438,-0.003265249176480608,-0.009640113221947666,-0.008951491576313675,-0.0013160221460642991,-0.000987620093579522
2023-10-02,-0.014277794548844161,-0.013923056946773805,-0.005882556281593057,-0.006066717689535099,-0.0053481536307302905,-0.006164303947325915,-0.01455311163461948,-0.014180579703016278,-0.015670879792627778,-0.015367848584572696,-0.005780390428228148,-0.005974692818144408,-0.004113731774467008,-0.005006585648813658,-0.01541999627920415,-0.01507018415865902
2023-10-03,-0.008623840049693498,-0.009040337419627025,-0.00882817877228616,-0.008793072304821159,-0.012472007760628543,-0.012342842500375286,-0.008055624455953073,-0.00844772794413837,-0.0071551507392975675,-0.007513038733506511,-0.009065953357083965,-0.009008792495121225,-0.01480709740085727,-0.014510190024868412,-0.007187933129331411,-0.007560023822448498
2023-10-04,0.0014587619619191331,0.001593693873630334,0.006577084763506819,0.0067596620834005725,0.00684287347682795,0.006966500541631717,0.0019233391744425,0.0020758943672823933,0.00016981327522040047,0.00029147079866523686,0.0069822535567683934,0.007139826912696157,0.007186796255475026,0.007251628047554784,0.0012009197492965056,0.001344825482487819
2023-10-05,-0.0018481504494788205,-0.001724688446798742,-0.015487232347508494,-0.01661845664471988,0.0024032718153803355,0.0018834928889441187,-0.0026388776671211946,-0.0026507013151071757,-0.003383397491625158,-0.0032695811451679884,-0.01581080404329732,-0.01693087801474925,0.0008403949926515603,0.0004539671537696942,-0.0035082466361514805,-0.0035024810757421357
2023-10-06,0.010572819190709796,0.010456129629701487,0.004698026585584136,0.004787275642543409,0.021019107462637413,0.02163955871759143,0.009494329589922735,0.009382977772181656,0.010446034496043382,0.010349547349581212,0.0046411183100641545,0.0046990116208438185,0.02157371920295987,0.02197556037989206,0.009406492706256823,0.009306294095153465
2023-10-09,0.00876392630362377,0.009047938402886094,0.002116000331368884,0.0018679621391873397,-0.004596222463368867,-0.0051161989869895836,0.008710315629494288,0.008922256851027247,0.0021486729784539545,0.00243216160902532,0.0017013272870671865,0.0014585723704958337,-0.006507651318124254,-0.006698897351493676,0.005411420715521431,0.005623107986502206
2023-10-10,0.008282561086268073,0.008345604133998635,0.011367872099586441,0.012181250262052185,0.00807361821691267,0.008559495868930043,0.008160552449317812,0.008342666628085605,0.005664866368411877,0.005735868198331809,0.011297393795578516,0.012054848191183298,0.00791434417838448,0.008251993515666772,0.0069268585619061745,0.007088132588598548
2023-10-11,0.003365157629009226,0.0036811389084504447,0.0016150900006607388,0.0015650794507140935,0.014334813490023064,0.01448529448215412,0.003388465342202753,0.0036048269846124326,0.0013104718559174375,0.0015885959937398844,0.0019915425118504334,0.0019022054089676127,0.01430248845833615,0.014414635799494839,0.0023350600314439437,0.0025521050038802913
2023-10-12,-0.008311144835865696,-0.008192326456793436,-0.004598779229083503,-0.005046455024899066,-0.009879499520825083,-0.010583351138164596,-0.008150991528067381,-0.008126671137228765,-0.008315333978963658,-0.008216150091908897,-0.004727061302140594,-0.0051857569948073005,-0.009993328117406166,-0.010556971661066093,-0.00829509443465803,-0.00825928624296322
2023-10-13,0.0011147766253742544,0.000851741010978811,0.0028841346403678117,0.002907188971988622,-0.015635423809493544,-0.01607915819255648,0.002375670871917873,0.0021007000007058404,0.0021009296326924033,0.0018744964792067112,0.0028831043438108193,0.0029302680820140897,-0.015859092113253127,-0.016074821136573898,0.002796339460117778,0.002544025541322999
2023-10-16,0.01005749232970492,0.00996323760330843,0.006844638139404695,0.007019597298066906,0.0025845299571866363,0.0023286576702812047,0.009458826380783929,0.009390549078917718,0.013352363471423599,0.013250557464246844,0.007026346831913303,0.00718964094511022,0.005135122567883976,0.004748157344245568,0.011300219356934956,0.011223053809668919
2023-10-17,0.002793269700487219,0.0024834618131928583,0.005271976578453757,0.005358963244796799,-0.003183898763276769,-0.0024572323420085362,0.002893539558129818,0.002655816269244429,-0.0008165491795922449,-0.001049722331854952,0.005166679253311252,0.005273082939404011,-0.002744085596280255,-0.002013314705286272,0.0011768389078013147,0.0009722657243762015
2023-10-18,-0.014298523672335571,-0.01452616503731886,-0.006055289110589174,-0.005903274066976016,-0.025656437241900847,-0.02579721101737576,-0.012922338669247264,-0.013197682414439247,-0.013069182735187835,-0.013267787891547377,-0.0061276110498919316,-0.005971915488167072,-0.025401090872277,-0.025485251100880082,-0.012334515295291651,-0.012589171141533668
2023-10-19,-0.009313396223776079,-0.009429599337453565,-0.00549219100274867,-0.004964376011471158,-0.007706439675875154,-0.007564026814318141,-0.00917240826245443,-0.009156735780749695,-0.004911795990365633,-0.005039693989291941,-0.005727715870304253,-0.0052272089299463895,-0.00711839447166093,-0.007114791804658372,-0.007146220266043411,-0.0071612590596334255
2023-10-20,-0.008972743882415861,-0.008743949914593345,-0.00015634032644024336,-0.0006679817215721766,-0.00671001811134966,-0.007269137139365133,-0.007292712755034173,-0.007210180281354781,-0.0038914319414627696,-0.0037362040851379773,-0.0002822328337816534,-0.000773803780688702,-0.006477054321306422,-0.006843049502301367,-0.004867956384663685,-0.004801110624169404
2023-10-23,-0.00659698441956091,-0.0063624489518805645,-0.0035513039203912953,-0.0033709825487960093,0.010334345690718416,0.010091152679190958,-0.006671074499924882,-0.006423893716343417,0.004044908075954013,0.004165858154920153,-0.0032121647512782635,-0.0030183143187565357,0.012623893265630506,0.012058319710119138,-0.001317437997760692,-0.0011301144743509047
2023-10-24,0.010865236461424664,0.011248413504779444,0.015882922506683602,0.016651936493047144,0.04007241742195889,0.042306652911577786,0.01110619850198915,0.011575639675371232,0.00904516866436769,0.009377719514579564,0.016180862148476548,0.01689825606278353,0.03943656272940542,0.04121408408522926,0.010349606905669839,0.010778786767334169
2023-10-25,-0.012071946699170874,-0.012481478912762647,0.0005524742725585062,0.000512824351263065,-0.02126723681662842,-0.021729971344284425,-0.009592832178418954,-0.00999621657985421,-0.009453075722180177,-0.009813232531576288,0.0007820886142876907,0.0007617016230969144,-0.022040869193970407,-0.022219658969959373,-0.008209564277714495,-0.008585015125799823
2023-10-26,-0.0020912306436232254,-0.0026003429049876125,-0.0029722759053181884,-0.0031891556774116536,-0.01781206771907405,-0.018624660328464916,-0.0015332050098545128,-0.0020661436968204957,-0.0018253131376461283,-0.002252037890374199,-0.003062330489311183,-0.003219630664185489,-0.020013591920155758,-0.02036628467641244,-0.0014717590540870504,-0.0019536941386031526
2023-10-27,-0.010091752733279386,-0.01007025472947187,-0.015472832016321072,-0.014549008426095364,-0.017232367044882315,-0.017387621390275367,-0.012365393017178575,-0.012162878819076904,-0.010215886757690747,-0.010197074404479643,-0.014927934774423555,-0.01405889872428975,-0.017034644109081815,-0.01730864379291197,-0.012140956704023041,-0.01196275203842302
2023-10-30,0.010000411649502996,0.010073253748254178,0.006204007286716418,0.0056909783771080255,0.02309743414831658,0.024109368767868688,0.009294798148223527,0.009283342873089606,0.010352945548555042,0.010411255665198208,0.006003453679799403,0.005434495237323162,0.02443891733533276,0.02510559108538091,0.009436857247828665,0.009419021279600526
2023-10-31,0.005876567388702727,0.006514375068264919,0.006083384282602502,0.006927400389567765,-0.013167440622848529,-0.013548307123545409,0.005467953966784099,0.006162389943429827,0.006494664734265533,0.007022575213788473,0.006108511713118147,0.006956875391474718,-0.013634946512682076,-0.014049233355218184,0.005856985919322411,0.006479623863411936
2023-11-01,0.004883111660390648,0.004268003088483815,0.004612035821943869,0.004527429886580006,0.003624679210249146,0.003550534353546457,0.00457756735771596,0.00412436127878615,0.0074731466890766395,0.0069907701430121354,0.005364590640759466,0.005226761491977148,0.0034467174778669814,0.0032598310833604695,0.005771303961922215,0.00536295626351169
2023-11-02,0.025794960167503007,0.026052330023067637,0.014269359818272183,0.01379009428529368,0.01130617489253421,0.010970040564161518,0.023533569801997275,0.023663728800080823,0.019716930895427788,0.01985325461765768,0.013851165668137651,0.013426580392404444,0.008149829010977919,0.007736558558602235,0.021077828133303753,0.0211834560081272
2023-11-03,0.012794021607402126,0.012889877900788313,0.0011565334424620817,0.0006738995818183013,0.014682628683781621,0.013934628182194195,0.010823832976264032,0.01080137319506634,0.011609533501200538,0.011674086376921541,0.0009166535980012355,0.00043105389439953147,0.015371623836598796,0.014962646816831987,0.01032953233989838,0.010308115501775255
2023-11-06,-0.004456576056500964,-0.004471519943567577,0.0008895029556760673,0.0010590925410788297,0.019658227291924436,0.019086882632909415,-0.003760109945359893,-0.003711458601366023,0.0012650560466206794,0.0013256876553731178,0.0005942359653077654,0.0008158352274058932,0.020431301557290314,0.02019481286861596,-0.0015380425522125575,-0.0014686702912394692
2023-11-07,-0.0037390629774691317,-0.0035589433197573063,0.0016989521717716751,0.0019286376059805086,0.0026050440738878355,0.0026434151138324583,-0.0035207535016643886,-0.0032946972606848466,-0.005656820637751129,-0.005531589891777223,0.001530841736785514,0.0017928895595686343,0.003443120429434371,0.003425533076460962,-0.004310812835672286,-0.004105248546537858
2023-11-08,-0.0011798844009914004,-0.0011289914853089117,-0.001142169459907352,-0.0013282475058663252,0.013000003367212477,0.012317060353984697,-0.001544656421203697,-0.0015038251757656497,0.0005373236373398129,0.0006015511882415665,-0.001907062718256485,-0.0020347043853607694,0.013592057752775718,0.01326778661053483,-0.0006906204931054664,-0.0006351684787622527
2023-11-09,-0.008903880726641446,-0.008751678931275935,-0.009962643789984255,-0.009762430205532587,-0.0025809948163545322,-0.00262655680245192,-0.010041585306618871,-0.009942326475379383,-0.004262813716021547,-0.0040770462342048655,-0.010324030645010232,-0.010105719694443602,-0.004655033490795218,-0.004777852352832998,-0.007622216130213566,-0.007504647533255858
2023-11-10,0.010646732594233557,0.010345257222645331,0.0051491934083718865,0.0052538962296168265,0.02160693787001418,0.021306841026729036,0.009192141022463834,0.009002242136950937,0.011558798455876484,0.011319855649758608,0.00545532367772927,0.005546159725145916,0.020771146912347965,0.02051638653717432,0.010123551682434746,0.009963573672438972
2023-11-13,-0.0011335907036108964,-0.0009823208800186125,0.003122086882426975,0.00338817332901313,0.003542016375562003,0.003710991628262428,-0.0009285729282308443,-0.0006922067720430799,-0.00346295064002965,-0.0033669553145103718,0.00250167149203809,0.0028670427716630652,0.0018555204694606436,0.0018994536082390483,-0.0021938860954862738,-0.0019846089639456665
2023-11-14,0.02459404341561296,0.02446961756869834,0.007491490010051131,0.007107437462059008,0.014827449075559954,0.014301258123036436,0.021656134719988757,0.02136438595287198,0.015143199718425291,0.014919109156271716,0.007801959732933142,0.00729164205502619,0.01385369106539974,0.013475314080646549,0.01774758242497153,0.017433732754674795
2023-11-15,0.005349194798091736,0.005730428388434686,0.0036948735426899845,0.003961349539305185,-0.007289200210425766,-0.006591069997013022,0.0046580439781361465,0.004991859382444643,0.011433957330833114,0.011828530182084858,0.0036181004096048916,0.003915441140703645,-0.006023741798944204,-0.005534537560497939,0.007698992493306274,0.008035988716306855
2023-11-16,0.000763167978912289,0.00041538381362179647,-0.01499775196846587,-0.016804978596046984,0.006295492857459732,0.0034381117545728315,-0.0004741017867851459,-0.0010596977814326667,-0.0049298375794798255,-0.005291605187870194,-0.014287918755640746,-0.016226327743742344,0.010616109524630706,0.009197978192313338,-0.0030224870194369316,-0.00358494755988748
2023-11-17,0.0031683198127045098,0.002818574804544195,-0.00027249434103770727,-0.00040260946464373956,0.003380310652257142,0.003167357963130598,0.0025857984780850367,0.002257325256256848,0.0024150821575656565,0.002114754994309309,-0.00018690940168020176,-0.00030368883917370674,0.001983704463383515,0.0018123854165395799,0.0024164561252919907,0.002110209498356291
2023-11-20,0.004432305553655234,0.004403739023205704,0.0033878548280791222,0.0032250415080691485,0.006921542953114393,0.006597358699512945,0.003951351409989843,0.0039502095919885915,0.0016107362148039155,0.0015509661347362235,0.003013997824293049,0.0029238138690156497,0.005688075376665146,0.005391647677572823,0.0025966579324466165,0.002585949601779794
2023-11-21,-0.0023448833096139056,-0.0022969725516951895,0.0037843527539700925,0.004050168914264167,-0.002914415095107544,-0.0026695968051244252,-0.0013603876172319342,-0.00132007589847366,-0.010749734228255231,-0.010817222583066286,0.003727917916164812,0.003992991518310911,-0.006378299972459357,-0.00640205404516168,-0.005363496514107505,-0.005369143513144375
2023-11-22,0.0017220553186484743,0.0017587476178809235,5.9454719831609274e-05,8.833703074130705e-06,-0.008346028850356185,-0.008245494531010863,0.0015806220487195293,0.0015857785701204588,0.009313950446122763,0.009441381602266374,0.000618710373517337,0.0005319464655093884,-0.004505397226669783,-0.0042826756465875965,0.00528092296761513,0.005320982140557897
2023-11-24,0.002442867504645432,0.0024581628503899926,0.004483740966998701,0.0045969920647791675,-0.0019754706978115243,-0.0015264526950927405,0.00262819043729372,0.0026451170093521824,0.0038162340401079907,0.003846482577066604,0.0042658070761547855,0.004390498889143214,-0.00200204189938661,-0.0017228142056365816,0.0033915440096703793,0.003411184092399978
2023-11-27,0.0005314905739881359,0.0005482186071717908,0.0003351076027143745,0.0004037593354307206,0.0029630784324187836,0.00297736804012862,0.0002286032011402791,0.00023903933385392137,-0.0035952685544052006,-0.0036340540425416094,0.00034145897785587277,0.00038794415874771136,0.0012453326637733716,0.0011638120951393803,-0.0017949824433626535,-0.0018057542915918606
2023-11-28,0.002042655700020208,0.001975921947984446,0.00026362703141777225,0.0007075423275966677,-0.006048114109751484,-0.005458379866483798,0.0015729484251038425,0.0015209896510555072,0.0035147730414762245,0.003478099390406441,0.00036228921426175896,0.0007906764157307824,-0.006444935744915725,-0.006157847134714653,0.0023673432166943517,0.002321185361659104
2023-11-29,0.004678034968830294,0.0047308090784503294,-0.0021318302800207895,-0.002779233257639744,-0.0005833084378068803,-0.0011220669920651671,0.0036931044156381827,0.003669765830535846,0.0036377976713231892,0.0036683821805757006,-0.00214532887966044,-0.002776210086435653,0.000196183621743084,-5.9915384230122164e-05,0.0032804486109167742,0.003257708463995406
2023-11-30,0.006384512229031318,0.0065097946912735846,0.00878052683181836,0.008522018475033309,0.0066412689161082835,0.006546237934342986,0.007491075602902615,0.007552888250965172,0.004697903801838477,0.004780504860342444,0.009058860620495405,0.008762043639618418,0.0059028240437477356,0.0059165545460145835,0.00664756472751857,0.0066915677588865715
2023-12-01,0.009225927380084266,0.008896987354591409,0.002878706958719972,0.0030668182924454427,0.0017962699578310739,0.0014928716117547016,0.008637603949402725,0.008494662581968812,0.01043124393858339,0.010171052807767764,0.002941452343944112,0.003135530824482011,0.004211279806423084,0.003875617117154515,0.009434505811969232,0.009309189584799754
2023-12-04,-0.0018134092183667125,-0.002318500792402574,0.0016324796263567198,0.001879185275255214,-0.012995897261761674,-0.013742157363276074,-0.0008547579020733145,-0.0012217134588751917,0.0025456703170938827,0.0021748760520284567,0.0015267632433112013,0.001772935830002771,-0.004581530467289324,-0.0055375946117036225,0.001503994992345722,0.0012455542826451203
2023-12-05,-0.005261485729965479,-0.005177113304727669,0.0020267970338311687,0.0018263789818004769,-0.0021671878203444756,-0.0012581507872525969,-0.004111457245174231,-0.004130080916926751,-0.0013196565186203008,-0.0012050450255016718,0.0013542278907868182,0.0011618463423461159,0.0024077915040937657,0.0030092891208666848,-0.0023289988836865437,-0.0022921933105689513
2023-12-06,-0.0007160063436409096,-0.001177408256471366,-0.0019146498131693015,-0.0019631257362231758,-0.008124258011161145,-0.008902447637705447,6.104908421951177e-05,-0.0003167798790576507,-0.00037605267178299846,-0.000755852585230083,-0.0008510767501767035,-0.000920069026478141,-0.009078952669093905,-0.00969316197779377,0.00020208194063275415,-0.0001374958853767906
2023-12-07,0.004900293951280299,0.005542286179556275,-0.0006365689919634079,-0.0007464537959625489,0.005833506419761903,0.0072090278824809405,0.0031000142620599617,0.003585509966266654,0.008122624623117193,0.008692755859483684,-0.0005222243105764282,-0.0006316973884514258,0.005293625619896253,0.006575590211704932,0.004747512772550425,0.005194246131708567
2023-12-08,0.00322869369613636,0.002916651108623229,-0.002341060090118627,-0.002425507493808307,0.010212294384020272,0.010407008030794054,0.0023708240383531775,0.002131400159612232,0.010514856207447795,0.010337587658568398,-0.002231525200784408,-0.002321353093298154,0.011386078692557061,0.011440575220528269,0.0059692686632116885,0.005819341988458383
2023-12-11,0.006783475745804727,0.007175861332301648,0.006924933076345739,0.007011624997387311,-0.0012549113932574774,-0.0008193479838065878,0.006676432077974716,0.006959510663920595,-0.0053279500923371255,-0.005138304039942087,0.007247708324532545,0.007334706585780693,-0.00772628092602812,-0.006978219550434528,0.0005575724651304911,0.0006731772944301541
2023-12-12,0.0007978025859253553,0.0006839233100819101,0.00451489097961128,0.00427149513114318,0.016925411799348464,0.016789972257643875,0.0010651245128139321,0.0008966313435478084,0.0017231795737992592,0.001638931543067049,0.0048160573095542,0.004575021900233295,0.016091623861113867,0.015982379856240528,0.0013890834692593225,0.0012402476424408205
2023-12-13,0.020902411458579087,0.02069980070029951,0.014826403991112295,0.01514560649442051,-0.0009670992527161214,-0.0009957548541369688,0.02030940592607413,0.020268394045423993,0.022446754372463174,0.022295711533088392,0.015343084935671979,0.015641189495272503,0.001428932868904311,0.0012535073121736058,0.021373924674885015,0.0213453841451931
2023-12-14,0.01449340725484245,0.014135136562465222,-0.005142535236937293,-0.004513320310644537,-0.006373544340798246,-0.00728741572104058,0.01078414503714301,0.010769304057775337,0.013057907022419529,0.012743830645601814,-0.006251969437939597,-0.005610734310179033,-0.007256960029387427,-0.008402507282428072,0.010796996201150724,0.010764862954123468
2023-12-15,-0.003011783157942525,-0.002547661580945696,-0.004805627812232951,-0.004842037751173072,0.00935347043787086,0.009400582328846583,-0.003970023919673201,-0.003600686449307602,-0.009188801625396455,-0.00887257647327707,-0.0052164794149441775,-0.005237362105631698,0.004634537749265779,0.004775192287684384,-0.0071649036773334725,-0.006906091457110539
2023-12-18,-0.0013770380177555875,-0.0010481784037806514,0.004058401651689675,0.003963815477810443,0.009069706125627259,0.009995609508170872,-0.0006056227595322592,-0.00040668153494570947,-0.0007028288814304655,-0.00042179302268746503,0.004347272147897643,0.004264587230578656,0.011628293977932892,0.012445885825943418,-0.00042411217719635365,-0.00023746505114379823
2023-12-19,0.008156436334441006,0.008291941571339867,0.0032857346309687323,0.003371235693393271,0.010234300555588043,0.009545688480139678,0.007250215316986538,0.007410151442578044,0.004482053154236632,0.004553276228031081,0.002590396487960408,0.0026705729281185048,0.008038020666079865,0.007494105916833676,0.005505419657079386,0.005609547945240156
2023-12-20,-0.01475297813585756,-0.014707783755068161,-0.012830446839472964,-0.01278030965243627,-0.02062894156064885,-0.020857819942280476,-0.014146040240434959,-0.014104181645693456,-0.00909504004685458,-0.008993647348278469,-0.01318361244040775,-0.013131386905886387,-0.014681563533203277,-0.015085636362056882,-0.011225119469912517,-0.011099776373822295
2023-12-21,0.008160532810200164,0.00843759726218549,0.007408428581103049,0.007386743988017311,0.022188711645741932,0.02172549177803008,0.00758200675022519,0.00781531916673906,0.011473601741572397,0.011741335932258672,0.007245179583914758,0.007223286304587253,0.02025735795587062,0.01980000327821117,0.009192544001052419,0.009433937368060263
2023-12-22,0.0019599641329174915,0.002324252837320309,0.006095731658269687,0.006258941821405474,-0.0005198497386566518,-0.0005465076334630684,0.002987629453252958,0.003274232320077485,0.004576504945732434,0.0049089059323072,0.005961169349047752,0.006134907803283761,0.00026228831993414727,0.0001755401703546085,0.004034011800913985,0.004332281115316137
2023-12-26,0.006506457589898613,0.0068488326890197085,0.0028540091794575255,0.0029899378850209183,0.007049219634294638,0.007331091245147824,0.005392736067823227,0.005690189684474502,0.0016754512805441284,0.0019056315175785747,0.002623369615063071,0.0027529057173591304,0.002880231460113648,0.00318758930630229,0.00306187586197406,0.0032726180604528104
2023-12-27,0.0014553578874705298,0.0016275661658799664,0.0033822478650817186,0.0034568256440339565,0.0032648264070501073,0.0031045493489964024,0.0017406697259876405,0.0018762082641250817,0.009970524194693393,0.01020974961405308,0.003251020654102741,0.0033329870020739174,0.00895146715791178,0.00853420436880314,0.005883994160423387,0.006099947596750732
2023-12-28,0.0012242203691481567,0.0009654099595155609,0.0022545975231647777,0.002200233180587471,0.0008817805417601987,0.0007991205241386307,0.0016387394231350467,0.0013894801794252492,-0.0003811964565020311,-0.0006144927154044454,0.0025503089805067815,0.0024712291052210004,-0.001132811471990081,-0.0011131929904245191,0.0007214791331120516,0.0004701397388994652
2023-12-29,-0.0030351187391592354,-0.0031679202882117946,0.00012909682096905217,-2.443015551291137e-05,-0.002907979253319893,-0.002666793406243726,-0.0023332149937503955,-0.0024848094939498664,-0.005624265916081816,-0.005763887123898135,0.00031090133232855463,0.00016640994260611655,-0.0043639097876357995,-0.004064099734068148,-0.0037400347291285043,-0.003907229906884675
