,Comm,Consumer,Energy,Financials,Healthcare,Industrials,Materials,RealEstate,Tech,Utilities
2020-01-01,,,,,,,,,,
2020-01-02,,,,,,,,,,
2020-01-03,,,,,,,,,,
2020-01-04,,,,,,,,,,
2020-01-05,,,,,,,,,,
2020-01-06,,,,,,,,,,
2020-01-07,,,,,,,,,,
2020-01-08,,,,,,,,,,
2020-01-09,,,,,,,,,,
2020-01-10,,,,,,,,,,
2020-01-11,,,,,,,,,,
2020-01-12,,,,,,,,,,
2020-01-13,,,,,,,,,,
2020-01-14,,,,,,,,,,
2020-01-15,,,,,,,,,,
2020-01-16,,,,,,,,,,
2020-01-17,,,,,,,,,,
2020-01-18,,,,,,,,,,
2020-01-19,,,,,,,,,,
2020-01-20,,,,,,,,,,
2020-01-21,,,,,,,,,,
2020-01-22,,,,,,,,,,
2020-01-23,,,,,,,,,,
2020-01-24,,,,,,,,,,
2020-01-25,,,,,,,,,,
2020-01-26,,,,,,,,,,
2020-01-27,,,,,,,,,,
2020-01-28,,,,,,,,,,
2020-01-29,,,,,,,,,,
2020-01-30,,,,,,,,,,
2020-01-31,,-0.39886803607328075,0.1144266624318366,-0.7516106486535317,-0.39141493935708654,,,-0.25116489742658865,,
2020-02-01,-1.493346498839523,-0.2437801406446185,0.007204844129587169,-0.8082925121073095,-0.21199557045655174,-0.32416874525681133,-0.43538314822007784,0.31623945361834893,-0.9997163534729722,0.16657968975691925
2020-02-02,-0.5160767622688264,-0.5585104532090289,0.49866121436282285,-0.8194244295304932,-1.1147568039878235,-0.32134271323723296,-1.3569060294181914,0.4972972693866913,0.15464569806084133,0.1316296353679686
2020-02-03,-0.2996906385685843,0.1827069338557864,0.5308151186167326,-0.7003140120206874,-1.2130159189299539,-0.7295627616518514,-0.9312509070615268,0.18125913051454878,-0.20825362578218318,0.11948380891162813
2020-02-04,-0.14652052301039528,0.2987281870123195,0.29278487425197025,-0.474952225432345,-0.9525487233622917,-0.5001729857676677,-0.4262370636180532,0.16034044866922775,-0.34251560738529296,0.16058444527330973
2020-02-05,-0.08422571762217239,0.35707254415686235,0.22641419541792798,-0.25419334162879154,-0.7492506167361824,-0.2929067455099263,-0.32590254630427334,0.07323368887512412,-0.2551038531108032,0.1882675365937673
2020-02-06,-0.19564329768047753,0.21134456518183362,0.5339173210793396,-0.50744488823424,-0.6863809119913363,-0.3226023368937986,-0.2788453489563786,-0.04626931788701121,-0.1694076276999484,0.07906689501304005
2020-02-07,-0.1507804003900897,0.2607656626044731,0.5619180709038784,-0.3948664467770485,-0.5243303859970713,-0.3888869632826933,-0.23894783999933394,0.06018267777015586,0.025487431710012727,0.10259652816638543
2020-02-08,-0.24031932664130692,0.3394292151221993,0.5551538417236939,-0.3967304144129836,-0.42522293162822883,-0.38678489426177426,-0.19294034195850743,-0.03235239378561358,0.06927370288418078,0.09142692704371946
2020-02-09,-0.20206680786154593,-0.0006350095765291997,0.6765983241035917,-0.26283193857431353,-0.46834511314746213,-0.384541084851577,-0.22346910545688786,-0.10481718790319347,0.10271322165352714,0.1439438790008936
2020-02-10,-0.25235631426979754,-0.04329947732133072,0.7679675813029964,-0.22594112716169246,-0.546787345736316,-0.24617899509574034,-0.1371594929447248,-0.1627689600325854,0.2934184050973586,0.030630157815211344
2020-02-11,-0.2256343242241712,-0.054758362544261314,0.6618834401116543,-0.1043575017523176,-0.6088720483655324,-0.26332803447287945,-0.12677275984786004,-0.1575405198622545,0.36047650741324305,0.03753028602841182
2020-02-12,-0.2679036400227704,-0.07630472605556535,0.6103782866424293,-0.037480380404910855,-0.6486019419821253,-0.237913530485133,-0.11412833170667254,-0.10743696180188643,0.31912889560900953,0.043412480395985574
2020-02-13,-0.21551021628533829,-0.13292430231235666,0.506736471720084,0.02929127815014477,-0.5595854460032398,-0.24488293057057609,-0.12028494806514202,0.036343872938511344,0.3206131911657322,0.10040127067679087
2020-02-14,-0.21189368832128747,-0.18070137238368963,0.47600508038139167,0.015111388442284107,-0.5156529765015242,-0.25836565250604027,-0.10871723419875232,0.06982131901727921,0.2585659825557078,0.09902980427790305
2020-02-15,-0.04660899374085116,-0.19839381099626552,0.43266753879097675,0.01927164715959162,-0.43875772494054427,-0.14247314742060044,-0.1340672964916393,0.11202653025541454,0.24623423830530733,0.09874118333385169
2020-02-16,-0.018790095838916523,-0.2595697472161388,0.48982274981156654,-0.0380639404735535,-0.5087892463955844,-0.18086833823383552,-0.15583310643059034,0.14853294076966816,0.23539346589953902,0.09842342160023267
2020-02-17,-0.008461514450468409,-0.19539505267491786,0.46765577439283373,-0.010381826518444541,-0.4071924477560473,-0.20188159351627816,-0.17544453642005445,0.18032421848657382,0.22578208360144306,0.09808364611762786
2020-02-18,0.04270085714232465,-0.14513896581710875,0.4635534576817443,-0.07135418993609748,-0.4170882282335337,-0.22015459569307197,-0.15976291434334064,0.19033372281053793,0.28422048608163997,0.09721192976065145
2020-02-19,0.031277159628514205,-0.09996117356571338,0.40367063191649716,-0.11092193284368498,-0.3637780342060103,-0.24716168615038148,-0.15079021187988442,0.17902058457249068,0.2124256330069361,0.14327079175492374
2020-02-20,0.03401373130125944,-0.05867747561607212,0.41680182552456957,-0.12960812925060877,-0.32368093678964777,-0.20898970996739896,-0.13137508321728147,0.1695704298123674,0.18683256750532265,0.1452751636567018
2020-02-21,0.01510008998055062,-0.049769853382034886,0.4489023904266216,-0.0866104271297723,-0.32024617326141724,-0.20133092842743613,-0.11892860836950307,0.20485859885291474,0.16838676010700823,0.09827912066371416
2020-02-22,0.09587249392181517,-0.026135889872201976,0.40358063669553335,-0.022215264866633017,-0.3289474166827365,-0.1590051117382417,-0.07230406684394572,0.20807405265101156,0.09596169763316646,0.14816881091149142
2020-02-23,0.05482877162805463,0.0015116137482762203,0.32085983259741585,0.011623908386835965,-0.14352334496671137,-0.0666792336358066,0.06176527573465282,0.21163684491452717,-0.07848456018132383,0.20002871788341686
2020-02-24,0.07962670965424683,-0.07255042922194292,0.27893833166646587,0.03144577437701397,-0.15110227103649368,0.028528603041272478,0.05765910718797838,0.2918763206779926,0.0650039984701798,0.2087503942488579
2020-02-25,0.025845213712476795,-0.13114713399668865,0.2076016703792275,-0.05359807442811005,-0.15045096779379064,-0.01068395721804942,0.010937755547338777,0.2632338643068934,0.05495387239658874,0.1462432268665515
2020-02-26,0.022315599329695696,-0.13160909992524344,0.14465463097803943,-0.06772290319839902,-0.16944565643802942,-0.0863212378492048,-0.03034048916100602,0.24668854406785845,0.030918259332436828,0.15323442078593139
2020-02-27,0.07840383761510128,-0.09904030869776277,0.07314794562704827,0.04576635598925328,-0.21244510113723186,-0.0752184283179881,-0.025540595734621602,0.24877090725667816,0.05003803623075983,0.2067451665178978
2020-02-28,0.08970466418977624,-0.13296363867317312,0.018096277759933322,0.016634101548178508,-0.2709403972302652,-0.029393049391326604,-0.038332527324283466,0.1977939377188997,-0.09376820999080777,0.22142002152979282
2020-02-29,0.07905643876080073,-0.27097999241041987,0.008482736816145389,-0.023355305553772417,-0.33006259956660944,0.00558911024299597,-0.08699808133459634,0.18491740580767274,-0.09803918888515845,0.11638287190120493
2020-03-01,0.06076943504643183,-0.12659890747659805,0.07012793647725502,-0.01912566910529544,-0.24775918169302294,-0.014685423816275724,0.006534973545618119,0.28421682947968413,-0.10216942693342002,-0.08116678981452607
2020-03-02,0.1057598044686485,-0.11303112395133216,-0.05052352132697849,-0.08413081221210443,-0.06799097985785428,-0.09948392836286753,-0.06572488830360237,0.2747733311729764,-0.19353021584406382,-0.1874618615726393
2020-03-03,0.1481432161952906,-0.09618583942522681,-0.10035202755668607,-0.14860716274429664,-0.0486228991657126,-0.08071519530925776,-0.027908710263309083,0.27641434145042576,-0.2763219690732538,-0.16034311119216957
2020-03-04,0.1628492082201037,-0.054264201479821667,-0.11311869866506756,-0.25547859103743215,0.05863151683943424,-0.09137631729273636,0.027154708240260148,0.26251107964927156,-0.2836723946435252,-0.19089525883082661
2020-03-05,0.1350943712322453,-0.005871033319266641,-0.05365555652754041,-0.2854928285433267,0.11031895168550905,-0.0574666288308567,0.10214425891229786,0.265240209106445,-0.21037727527676053,-0.15170963843357224
2020-03-06,0.1726661209202012,0.03506860915692187,-0.08593028640705518,-0.28423905472587524,0.10491171289011068,-0.05094944334396719,0.0995215533660988,0.2916315894767492,-0.1771762609472406,-0.15207302456960503
2020-03-07,0.06498752259148308,-0.005677875587585532,-0.11320943967240743,-0.33419108317362617,0.03365423146291342,-0.14716631668831165,0.10054426220870818,0.2633764756072025,-0.19632535364584586,-0.16182667127123082
2020-03-08,-0.057513182304585714,-0.011897890230943401,-0.19145105487805536,-0.18774324154058236,0.15098024220873066,-0.17065376486315934,0.19313192717323913,0.23566057624012476,-0.10189029096578463,-0.17149087847974603
2020-03-09,-0.1189558967158773,-0.04503331061848685,-0.1375336164698147,-0.11700603855762624,0.061846277592184605,-0.26513860019679897,0.23255362532232418,0.2084560793398591,-0.14924498893225732,-0.18106814306210905
2020-03-10,-0.15250151692851083,-0.12410078732497795,-0.2455975723054355,-0.06541314113476653,0.05779474720688579,-0.3031973096879814,0.21408953550462262,0.18499563226970264,-0.32899067158064266,-0.2507154654546019
2020-03-11,-0.17694203779894305,-0.20522142160419662,-0.23919776195498269,-0.03828865838309644,0.026539352283411415,-0.2967803876565322,0.22113015175374315,0.16544800949245844,-0.22178872899274918,-0.277213275535322
2020-03-12,-0.24553569863767533,-0.29348295229355503,-0.2962370489135666,-0.011775214131808496,-0.007871361522864202,-0.32891978752365353,0.21969114950772783,0.24082616473835755,-0.21826492522066596,-0.26919125178294345
2020-03-13,-0.2884897666134772,-0.30552483718067414,-0.35576399308626555,-0.060468046056251466,-0.13914760240496454,-0.4254604098125505,0.14577322463768172,0.14394580910144486,-0.2846501272421796,-0.2883898144186981
2020-03-14,-0.29546850364543276,-0.31569943938772027,-0.25449980797898664,-0.12671057317268083,-0.17259518456939302,-0.43646415133992134,0.1236016984217928,0.10321872515569201,-0.14946186147289198,-0.32571346639556353
2020-03-15,-0.19812950370272042,-0.3326909134766924,-0.30563143946452176,-0.16298099319329643,-0.28981458821971673,-0.5147200342521758,0.09245829739866253,0.011594255197217134,0.10036760006482262,-0.3205677426611195
2020-03-16,-0.26364100224978,-0.40930206859645957,-0.3556183471612573,-0.13748617454370107,-0.17315547976409318,-0.5418939257584596,0.07125734328818528,0.01791347605437928,0.007279378373116786,-0.27766077236302394
2020-03-17,-0.31399269904140065,-0.523054574698126,-0.30859181862430146,-0.11909811288649161,-0.18316542715052245,-0.5206026334753006,0.03530575715633919,-0.03065450840172345,-0.04054021597217927,-0.24458326723005963
2020-03-18,-0.32594016033318474,-0.5397068375732486,-0.2859701852503167,-0.17259015673373418,-0.13981777499479242,-0.5002439317783558,0.08520895710683211,0.03978965380184246,0.012854033391478458,-0.22095499651891895
2020-03-19,-0.3608064010316076,-0.5662593629396773,-0.35330296467013694,-0.2378069871393333,-0.11313399928055164,-0.5105861596547134,0.039966168346390996,0.02770405139779017,-0.102302105649871,-0.22640908472425933
2020-03-20,-0.40336597359493337,-0.5883860405157937,-0.3816263189707285,-0.32042531836784977,-0.09823857358421889,-0.5283570683740189,0.06266870282122596,0.06730156917929551,-0.07285155608775425,-0.24098808363596622
2020-03-21,-0.3801805246345067,-0.4859449431097531,-0.45774252638405094,-0.27778885875017056,-0.05854232057070595,-0.5157570333986703,0.12089372710434572,0.1017160209303822,-0.0615100214240513,-0.15345043029551342
2020-03-22,-0.37851378924409745,-0.40507365418947006,-0.6847816853442502,-0.32091292932966936,-0.014091018454651947,-0.4700492701188162,0.020572785413383192,0.023313090846200212,-0.1113054471319675,0.028780129988111063
2020-03-23,-0.3661763909725268,-0.395501114017042,-0.6377135614233008,-0.15588734819186845,-0.15526141090447443,-0.3978655269173312,0.043930529826664115,0.05305335672084514,-0.15159122912262993,0.17933007828715355
2020-03-24,-0.3707561852581577,-0.41175605250021263,-0.6429151449948846,-0.17409784546393725,-0.16956524088418345,-0.4480948696650608,0.039598465668536004,0.04961849190805134,-0.1033342596245339,0.07935338039590367
2020-03-25,-0.318682243192635,-0.3739037822582674,-0.6027717547819026,-0.019545992766972258,-0.17316827202061774,-0.39928437335015365,0.030212229276781303,0.052543902058255716,1.893144462391686e-05,0.15021292849013618
2020-03-26,-0.2800043016817611,-0.3120323467654088,-0.5625572601863564,-0.025035001576710136,-0.20473568411884932,-0.3893239718896377,0.02213837822953831,0.038997386191290694,-0.05728472270658009,0.12061352669299008
2020-03-27,-0.3061793054908666,-0.280443183798088,-0.5102975124245169,0.02490152306417963,-0.17565513813267356,-0.33348286421134016,0.0255176056983957,0.058025654447464436,-0.01650557393404294,0.09738760974323499
2020-03-28,-0.2573774311963888,-0.17030481096019182,-0.40690858228285215,0.06711260292834563,-0.07702313873709375,-0.32850178541292446,0.09469074553264449,0.1683654183430078,0.03402960971039517,0.15056150903792562
2020-03-29,-0.1336663706806551,-0.16259648672281224,-0.33413378444483866,-0.03766821276039527,-0.08509955408667838,-0.257472519680059,0.07145410973618467,0.1604412357196199,0.04520287532058335,0.20163966518344895
2020-03-30,0.03825942674679376,-0.16243241101669562,-0.33188188635286325,-0.22803241692443246,-0.040538554985527685,-0.07176152637716138,0.023611669258232174,0.3187193150465978,0.19445884696046617,0.1475343038980543
2020-03-31,0.0639812224700002,-0.08043080672036676,-0.2991997069297132,-0.31175361923211675,-0.013789145804051424,-0.035406901022897355,0.043067244745036544,0.3521843820091157,0.35421547969224776,0.27270375918036854
2020-04-01,0.14078772509470014,-0.08884132106108518,-0.2840211422782642,-0.34399817084161166,-0.06014354810686327,-0.012380216229633497,0.08947416458723251,0.3021611977540758,0.27378043626404436,0.1756092364827467
2020-04-02,0.1907419632261657,-0.001843550789100262,-0.2917985933888905,-0.37081450824834683,-0.12308962032623469,-0.02723776275093034,0.05825283312465356,0.17066115843048388,0.31903683825521034,0.10499962322709713
2020-04-03,0.19397838732086864,-0.008051287753635908,-0.3125347667951427,-0.347395780821234,-0.010284710698830619,0.03208628868799349,0.11578900837832487,0.23008118388845636,0.39596230043655195,0.1748466500056523
2020-04-04,0.21797111564836585,0.0023382374851092353,-0.40996336765179753,-0.33202909053614216,0.10954347774042968,-0.07958140613845588,0.1008141303641678,0.24321637172689453,0.2991143732436188,0.16370125079792203
2020-04-05,0.14336759702025773,0.07192869853350983,-0.3777303683907921,-0.4257603170943159,0.17449608795702418,-0.08926722430834848,0.09519314753449218,0.30795011111279424,0.19990577582069252,0.17086069726739306
2020-04-06,0.32683182933933363,0.19325097886323467,-0.2715276525866424,-0.43843621099538527,0.19358572632631046,-0.13828898904753034,0.11317701161029611,0.2754013312221634,0.232158808707393,0.09037767523789719
2020-04-07,0.44946126266712416,0.3761445769801964,-0.19424104014877905,-0.3812458447377913,0.23323796207973985,-0.12732683656596028,0.11481350211817742,0.3551275256887624,0.3673453542004493,0.1775306579175195
2020-04-08,0.48228745659533373,0.4119621435759763,-0.0872924407596414,-0.34143607874861537,0.13990622328801752,-0.042212235091950365,0.19215055418693308,0.3086597959508452,0.3400467414705762,0.13266240425251438
2020-04-09,0.4987652855711615,0.3761614520047069,-0.0024612834311057642,-0.30606481759336895,0.1565661890166457,0.012898719663308548,0.29396409239119226,0.44945644147164887,0.45047170224522,0.08304474625543735
2020-04-10,0.5051039769213256,0.4709365989553469,0.057515388175985574,-0.18942296960207095,0.09692318382678256,0.0034151960672962386,0.30368457146532196,0.4698571232860822,0.5197739619640445,0.13091173723393507
2020-04-11,0.5629880811204345,0.48941859859801484,0.09230999696483051,-0.1521554529650187,0.019661723018877322,-0.08118631008370816,0.29972578860759824,0.44510771328619,0.5617836515034196,0.16844973753173367
2020-04-12,0.6035922114581999,0.38719916068856786,0.14653601948045225,-0.13793472265206516,-0.010920118266925046,-0.14327451836565594,0.36739226211791043,0.42058831473864106,0.5835112682943727,0.17745598082516872
2020-04-13,0.5770971675408455,0.48282127794344454,0.1265350760643973,-0.2224935696700839,0.04955138810101386,-0.2857290860756444,0.3515980231631916,0.38829890282789126,0.6049642548468924,0.03672141117687784
2020-04-14,0.4430443699052241,0.43923100735694026,0.17646711363393092,-0.22917462516349524,0.10483605438666485,-0.24065461503053442,0.2921620790443082,0.34596248105127586,0.6396028513118637,0.08004937538871058
2020-04-15,0.45328491084242195,0.46452335821403473,0.11430082249632918,-0.31661807740279313,0.07445683584971281,-0.24607528902532644,0.21790226676255597,0.4448754012640592,0.6563308070519915,0.033185983468565355
2020-04-16,0.4215740934428631,0.3888080880206159,0.02316636434457682,-0.3404568300745575,-0.04701185995754177,-0.29784385946606406,0.10541084238476914,0.28639216857831623,0.6131927174981736,-0.052343753507235524
2020-04-17,0.47119736533419676,0.3709498066399473,-0.027258970431483124,-0.3914223210065658,-0.04071321010425114,-0.31216610197985345,0.13386752614482336,0.15377503476635904,0.6014070415804534,-0.01005700200031106
2020-04-18,0.4137922596387527,0.37129360099349656,-0.13823634482970112,-0.39345401610009,-0.0728486811700804,-0.3043510906505096,0.15708308447003438,0.10460074277364488,0.5711074407583216,-0.02582203012271812
2020-04-19,0.3853339049008541,0.4610045653818264,-0.14255771324592428,-0.4274363515138814,-0.2668834125554062,-0.31939342767464174,0.17980761121771,0.06033520562138715,0.5160464323325,-0.03974697162343422
2020-04-20,0.31784383004120886,0.46254067767855006,-0.22759982526481923,-0.32359195466993207,-0.3578632651065296,-0.41821339846314887,0.27965684153047926,-0.149693421246107,0.40034517263472125,-0.0269477504286706
2020-04-21,0.2762807495850129,0.4296710080024629,-0.26047504983760633,-0.2256425219848904,-0.41538816305747917,-0.40148128977198994,0.2849495118554611,-0.21454681541643936,0.3532391185022702,-0.11043371658979526
2020-04-22,0.24339307234921884,0.44342528024022765,-0.34522482859153064,-0.2258119825158498,-0.4124568750702722,-0.4009004364359539,0.19951590549556325,-0.15228835280127026,0.2603931998527052,-0.096579299549853
2020-04-23,0.27460389933806467,0.44266643440489134,-0.3365487187755222,-0.2044814832453077,-0.3191054149792403,-0.37982342935253177,0.2621527816015486,-0.08947053735401203,0.2639121919769171,-0.07950029254606125
2020-04-24,0.33877366071957665,0.4941159032891633,-0.2624313447574558,-0.18239075511006528,-0.2675732942242343,-0.27886342868464287,0.278991871651601,-0.06930449962380754,0.2809836801541704,-0.09485610568257118
2020-04-25,0.3107589934001575,0.445523476206673,-0.2511452579506533,-0.22437892276239918,-0.39339761374915694,-0.19649049841955524,0.2503903898886887,-0.11126621398271817,0.33545435470422114,-0.14689444401935103
2020-04-26,0.20085597197182425,0.5021604039143233,-0.3206589500138203,-0.038515384337848936,-0.3354094534187754,-0.22731429933403388,0.22201968613989115,-0.07259422241901431,0.25483399573958576,-0.11893022547509156
2020-04-27,0.163762061280697,0.34412425641619937,-0.3847100979619685,-0.034554626924963895,-0.45273081392873943,-0.12510965163394439,0.19817172171989345,-0.02663978535958718,0.22290475919908262,-0.03216201117167639
2020-04-28,0.1695669998654043,0.2670702135833266,-0.431353277490055,-0.060185550145166626,-0.5370779090839107,-0.11693041273992791,0.2645339254569974,-0.068516714314623,0.19312613711536128,-0.09176110844617286
2020-04-29,0.14846931065947472,0.22065534807983442,-0.5192668032763225,-0.04534714564108681,-0.46768873741201605,-0.16276165202177575,0.1777153241208661,-0.09900041975417995,0.18299344328982148,-0.08170457935828923
2020-04-30,0.15396351044679898,0.3222656177719741,-0.5694664898702126,-0.038098210103374615,-0.4917203701468442,-0.1966407515228025,0.17160424298579682,-0.21011096492372716,0.17263668540189,-0.07457776377475406
2020-05-01,0.1481206552505556,0.2554155066655519,-0.5870105907592127,-0.08156805489434997,-0.40225129460321357,-0.20815122527091157,0.14637503970987797,-0.2763706737059561,0.1546837128837688,-0.14872899750876037
2020-05-02,0.06462809222434626,0.2824503144544299,-0.6165664959185323,-0.14031707017403966,-0.36603815331159867,-0.19634497803281675,0.17367990765333477,-0.22939514413159506,0.07220338873253755,-0.18119201329761273
2020-05-03,-0.05408724437121788,0.19905652659964362,-0.60989634399506,-0.03057190188873582,-0.4723563827185945,-0.20501839659138735,0.09888783880684812,-0.07495950451653084,0.1665853516856955,-0.1756626561574389
2020-05-04,-0.12831063751039418,0.08837001258916197,-0.6305061695007507,-0.034265646043350945,-0.49919553806327793,-0.1154056253633197,0.1430199645554408,0.08407819770261317,0.23196195537053205,-0.006138305981044764
2020-05-05,0.019068077591345718,0.17782949437922793,-0.650401238600215,-0.014509459897744123,-0.5228505584491222,-0.13168642326374572,0.13836956448614646,0.057662797178761424,0.22700701109935537,0.024811458255061047
2020-05-06,-0.03027222612604978,0.10676893335083588,-0.6007230364330333,-0.015860820056861506,-0.5404939983517879,-0.1066116904173446,0.19126023018600563,-0.05927698811046268,0.14578370763419968,0.007260295256316498
2020-05-07,-0.07010413715071737,0.1308186599282337,-0.5211437538788849,-0.002219434476269635,-0.4602230134390204,-0.0868713625218877,0.2231704800399964,0.0006216103930242559,0.18065154768671426,0.048910249368364515
2020-05-08,-0.10052301780632054,0.12102936725425263,-0.45016939931937267,-0.05445135952388683,-0.5155757602650979,-0.11547669873434876,0.21468007016577165,0.1000145629421535,0.1828515117506144,0.030257075153273208
2020-05-09,-0.030567673500939516,0.09166214667581056,-0.3727174265488954,-0.07036085433772842,-0.5788302553546565,-0.10741206098227982,0.1549730489139795,0.04340921841672164,0.2735024144872013,-0.009781992020325819
2020-05-10,-0.007940778799941574,0.042180781301965106,-0.4577779262424175,-0.024094417783358767,-0.37246606655636444,-0.00022421546326112902,0.09584408469147855,0.04334055242821323,0.17748415602888712,-0.08591398729354653
2020-05-11,-0.10135912608334821,0.0474293726080481,-0.35330029521741385,0.025288147167314694,-0.2834556026524374,0.06341808211443781,0.14699483893148158,0.043211222971101214,0.1716361304517716,0.041024876500667475
2020-05-12,-0.03800727932342983,0.029858946322424956,-0.31755830207265817,0.007876704661455583,-0.25827443339764306,0.11402119403494296,0.1339114989788913,0.04371462428995058,0.18497158187468124,0.037927349741141744
2020-05-13,-0.0466648899926606,0.07972240807752064,-0.2168974762397187,-0.037069596908459,-0.2923376982465545,0.09242267230813506,0.1673107331453708,-0.06473164694448379,0.2599170422744515,0.09781591510768857
2020-05-14,-0.0647560352152639,0.0343957827281999,-0.2274090649042935,-0.03412814713800026,-0.3306989917472626,0.061430675223515536,0.1252466420176048,-0.03779119221785394,0.23020204742437367,0.1799728032231969
2020-05-15,-0.06029115417675197,0.026691037801254487,-0.30273093473500023,-0.0481395809323504,-0.36501637782828666,0.008109334950812699,0.12974785741418013,-0.04951865198581148,0.20986121830613114,0.1755252607655712
2020-05-16,-0.05377669263338421,0.05254947880847617,-0.2646402367417428,0.03832556630027831,-0.3724266651909516,-0.006754855280981641,0.19863604445283978,-0.0824369476470248,0.20373454063368815,0.206213660203449
2020-05-17,0.011807334260622446,0.04810381979535676,-0.14121158009965923,-0.07105512396343416,-0.4539795283254106,0.15941355392905537,0.36194683337515476,-0.19537646077404786,0.2526704425290556,0.09753031016201076
2020-05-18,-0.024546871024503876,0.22898899366052358,-0.14178402815869381,-0.017455118496653228,-0.4024170362582487,0.0621133740650083,0.5172720626622923,-0.17427035569764968,0.17686431890518617,0.031491462499999484
2020-05-19,-0.08097836926008764,0.3230777683392367,-0.07982560861638398,-0.012644370812197606,-0.3627854966379849,0.14791409421777957,0.4649304661499459,-0.02665922246445072,0.17782520521858697,0.06433377047714048
2020-05-20,-0.09200970983609982,0.3402306438769343,-0.015490838421405782,-0.04970998704449817,-0.3382152615841765,0.08437723801335291,0.44009739639121714,0.017267635512245093,0.19632191976324298,0.06318505031647477
2020-05-21,-0.12638895782242787,0.27585368527005055,-0.03810416666257354,0.017968147743572947,-0.3506058623017921,0.12152827841395093,0.4042542822691216,0.01739263793360027,0.19762851895977493,0.05502435856074808
2020-05-22,-0.12666907194682755,0.2639784221485357,-0.07496575618223653,0.03611051638606722,-0.36862121822852334,0.12311883575207035,0.4000869980003016,-0.006264221457921366,0.172302523014155,0.09852290344701575
2020-05-23,-0.09379660339738652,0.15676678630168656,-0.04287163290429051,0.06223089790953344,-0.33358611224762524,0.16895038000945778,0.3623304104212107,0.008770225119834727,0.11048283744989836,0.09736788299701421
2020-05-24,0.007303205119332203,0.32223248386449876,0.05976022969718092,-0.11083123475691169,-0.2758391052159822,0.23462618796450532,0.39980793398961995,-0.08408080160989528,0.01670600410998937,0.05838978091345534
2020-05-25,0.09660619560794258,0.34853830996242974,0.16232945024756365,-0.16533454019866203,-0.2872563251046132,0.43466625723185054,0.3912019174190643,-0.17395601389119555,-0.07872414976430753,0.10934910930202982
2020-05-26,0.055306419144029034,0.296447088604396,0.2791121322766232,-0.0414760006262403,-0.32819205045436256,0.4271485933856814,0.42417864272892364,-0.09973485462010649,-0.0464417513821074,0.21730225065012831
2020-05-27,0.06296147723100881,0.3389822884139465,0.26509796734392427,-0.012662785314842925,-0.3263625260296573,0.42766696899267514,0.42690556795686213,-0.0870902392153168,-0.07796040708027037,0.21639179856479446
2020-05-28,0.11805731777270917,0.3500022387161056,0.18047737356396673,0.03492831944628507,-0.3638796631798799,0.5212445811181581,0.42575088351231716,-0.1118536610798181,-0.10212884624903416,0.21193927297131135
2020-05-29,0.09959647930492377,0.367774258288306,0.14720238162259727,0.08797582731552057,-0.4319092877495213,0.5263266492242901,0.40433799517625535,-0.10844177351340603,-0.142773860128532,0.1863818684786662
2020-05-30,0.056334953521152066,0.38988261874783214,0.15542234662144988,0.08613660802144586,-0.386765940607028,0.5404696924660272,0.3659926083048327,-0.12606853064387466,-0.274697842195793,0.19401035450829068
2020-05-31,0.127716941072837,0.4916360677504247,0.14019303165319053,0.054147432244770824,-0.4270418184460283,0.46880766752023134,0.31663277914831256,-0.14846155591992602,-0.1782519084522187,0.14689894255075214
2020-06-01,0.17825903951352495,0.5044101982640105,-0.001007502431699622,0.02581088134603712,-0.47038945930565473,0.5895165091127056,0.158188138462839,-0.17051604857821062,-0.12905282482988115,0.14149184691186348
2020-06-02,0.13615597866998996,0.4836369940800624,0.058434731478804555,0.021925824218455427,-0.4393649532628389,0.5737242075974103,0.1795156963418216,-0.1778467092202479,-0.18309668949172733,0.15072303800328124
2020-06-03,0.18250076498861725,0.37865383373591566,0.07083314239691932,0.0995545814096045,-0.4038277660613513,0.6864771870322602,0.22094781569196073,-0.03931873154507183,-0.116879479739429,0.15165130127787793
2020-06-04,0.14173403165863765,0.43445886162548386,0.21489810916742536,0.13045362742948338,-0.3405112638023288,0.7792536535681333,0.2467900463354927,-0.060060003054937534,-0.05933281429398816,0.0604244267054355
2020-06-05,0.14174578334362456,0.48134549535841775,0.2771882823793777,0.16655380169262354,-0.3270854225354113,0.7775428400592798,0.23444285711008273,-0.019634295464301007,-0.0507528411619253,0.04591395245947381
2020-06-06,0.13506984256538765,0.5452316614631365,0.31945082054177953,0.22813486373590744,-0.27546200815692207,0.8797768352028164,0.26634968626566835,-0.005346704922745794,0.008006864502075947,0.0950704440705198
2020-06-07,0.21006597717866526,0.4224934107678805,0.1215335802202043,0.24792638372894715,-0.24902215202733133,0.6732758992363546,0.19614275892750635,-0.015285132744300286,-0.015024628837054804,0.14399040780695738
2020-06-08,0.13897259135637266,0.4752251175887049,-0.025512044989944912,0.32022234035438624,-0.22842926776286204,0.6903567692306951,0.12895472443637188,-0.1658322885968089,-0.013490007102169374,0.18436518313189718
2020-06-09,0.04346069864511487,0.4016844416618431,-0.028268538249672022,0.35227298302710264,-0.25164808680752304,0.6192407702198598,0.21640914055840715,-0.1660419733641548,-0.006560912696432568,0.2492127160501887
2020-06-10,0.008132413245729215,0.3478435403435054,0.017848997928316554,0.36667484412601736,-0.3744340329972407,0.6662302065119127,0.3051054367738106,-0.1666161241711253,0.009531041675123511,0.2740605644674938
2020-06-11,0.001334456986824635,0.3085029995465024,-0.016350531929978988,0.30632110261799717,-0.34744682891994544,0.5635149347365891,0.35375402933905353,-0.11236899410326846,-0.035731162490258636,0.29947474487549475
2020-06-12,-0.0006627942344502115,0.26256806816280726,-0.033513314679011356,0.2843154261563126,-0.33794826160549735,0.5747865445959187,0.36604291955800844,-0.10018552054466727,0.01741723342990818,0.21357936687928303
2020-06-13,0.018871534866382315,0.3341449855805072,-0.0015034518323078585,0.2731732771045086,-0.322221478746063,0.5588263666587354,0.39335374007445045,-0.09533683815287233,0.08561947141149795,0.2896318976341877
2020-06-14,0.005604459340859363,0.3901903074350311,-0.0206229872119358,0.337788382055147,-0.3690653453482523,0.5954646586150213,0.420550734063225,-0.09050271882938259,0.05327758827124586,0.36510834486723553
2020-06-15,0.11962352737386064,0.25885527774430384,-0.05111080049632738,0.3951319177829275,-0.23091571378708528,0.4526331529552269,0.4476353135486577,-0.007481517149410043,0.051788985134425314,0.3502699319673767
2020-06-16,0.038489784636660064,0.24146109594760137,-0.18000908412612074,0.2952571190776624,-0.1472286366149964,0.4417752753257642,0.4745786708449626,-0.0490053390809926,-0.02418084481105192,0.27609626364683626
2020-06-17,0.02378537892527119,0.20740117895362659,-0.16924904584100325,0.26858575803754436,-0.185594907935538,0.4508989198313374,0.4035362980829631,-0.03086281493390945,0.010661060959015338,0.28845781494458234
2020-06-18,-0.004285539697174328,0.22735360353470577,-0.14745508814500663,0.19874447150925686,-0.23214313052888175,0.3200157727480663,0.23565888101390806,-0.03482173478390479,-0.021791856041929854,0.24217693886001168
2020-06-19,-0.08864705478788973,0.21857675596278506,-0.16237148260913273,0.1778316320585623,-0.06408992817949416,0.26061800633277776,0.19492062341001745,-0.02797075358565933,-0.03458279491685643,0.28468517862744264
2020-06-20,-0.10241031415574191,0.15377881162047202,-0.1369790300994352,0.15689800442685153,-0.0322446283613488,0.26440388367341866,0.2025274282056231,0.025687952303418176,-0.09485430049799828,0.3642837938022813
2020-06-21,-0.09872342078122134,0.08054972736759733,-0.028482696956450344,0.14005658207023639,0.08810183728491965,0.24542564429887664,0.2216598891398437,0.140707633666556,-0.008995753580654959,0.478473576474491
2020-06-22,-0.05956743220080481,0.011302013948453923,-0.06047750099454292,0.07270198204877835,0.10256567413806132,0.10726049332863564,0.21284203939860782,0.25479006487077216,-0.02538650162504061,0.27869736213581303
2020-06-23,-0.07803304427413972,0.041405100636652606,-0.015970025012781337,0.055663455032322694,0.11030657375401842,0.09684533065867232,0.1978708074867162,0.3458203707052353,0.029199262429856435,0.2500682832794663
2020-06-24,-0.12808847913394616,0.20374669357099232,-0.007685120333849218,0.09599566830918091,0.09198314719654747,0.0481941324815318,0.13451061227275737,0.281032035602901,-0.02133781564190604,0.23323590143308548
2020-06-25,-0.07074954416163937,0.12195219883195715,-0.16089974893074852,0.02591225337585708,0.02126766306035029,-0.04434452942803155,0.07040217862254892,0.2673476329552806,-0.1920596307336787,0.28562686286942757
2020-06-26,-0.08789317746105654,0.0712189202341306,-0.16611649482631524,-0.002134275943444367,-0.0014528014997139457,-0.10380635743782753,0.13323064127574566,0.23090591788384754,-0.34358829359648924,0.31588556496152204
2020-06-27,-0.008679414237756497,0.04454628023203497,-0.19248416691571726,-0.11714209506860396,-0.02112920280277323,-0.172258047027491,0.18153631810434664,0.23449102834886806,-0.40356869137187606,0.306100737716172
2020-06-28,-0.12548829236407705,0.1085215341948775,-0.11532319242550268,-0.2247500783511983,0.025265364596931034,-0.12319078428887277,0.17785070880271087,0.2619791452909991,-0.4217801271765618,0.2964037522663678
2020-06-29,-0.15010873663551225,-0.09921406888507567,-0.04432437148388049,-0.3225981716886042,0.04689346327272631,-0.12330624031844482,0.1742562700815207,0.2890329735692451,-0.38802715926899256,0.28679285590242815
2020-06-30,-0.0399614489629983,-0.08946310585673836,-0.025315575597153778,-0.30059173173443576,0.08691223822226471,-0.10192327554510483,0.11803716560503236,0.2184538194825017,-0.4037360245275285,0.24956718285789703
2020-07-01,0.026914981028761227,-0.0741617174740393,-0.09515009294846435,-0.286846350962869,0.18748648340448862,-0.06789779015913748,0.05355553401460994,0.2562515220062199,-0.36345550838948837,0.22665468084695672
2020-07-02,0.010045812468170939,-0.10001799368002924,-0.024732077390381232,-0.3871760512435651,0.2435615566017925,0.050756827000169605,0.010814128932839447,0.1748288822286097,-0.289404881015156,0.23980268026209367
2020-07-03,0.028424714137930712,-0.006866752478489351,0.06675623588170151,-0.35615103232132655,0.2402453086161643,0.05179530335275693,-0.03205898675609801,0.190895662963977,-0.26480598212809053,0.4056078535084859
2020-07-04,-0.043646783986073544,-0.021535645938104912,0.14030824547333512,-0.5041174384232302,0.2584238137827985,-0.00388515994166513,-0.010990533770574663,0.14978726489737898,-0.21307400006370017,0.44952163933595396
2020-07-05,-0.04045727463274275,-0.16313143468059937,0.05129422304696559,-0.6908858119046757,0.2736776779348583,-0.07627891559336655,0.00991668064660948,0.10882739707151241,-0.11817170857357759,0.46033311409780286
2020-07-06,-0.1696050279087137,-0.05683966389393262,0.11774935051485351,-0.6760689956970821,0.24684375637254163,-0.04012232887968846,-0.17332788616085085,-0.010187103153153253,-0.04312317795767993,0.3954801645037958
2020-07-07,-0.09092704603068089,-0.06542843181510394,0.14951032337571943,-0.6535309097945808,0.24288813694530909,-0.08847100109087411,-0.3089573494876073,-0.006141323477608598,-0.03030758788463442,0.3364109291992619
2020-07-08,-0.08227085328801051,-0.041195552354822654,0.11761633440802949,-0.6777276701206251,0.2977967386833952,-0.2030795027182693,-0.38836852489271756,-0.00560406513998354,-0.017953468922698196,0.2957444708215414
2020-07-09,-0.07202389194636868,-0.07241159677481836,0.24590536266918026,-0.6245482054618434,0.38144280501953204,-0.15671626749713422,-0.09902994840155177,-0.08050661032639647,-0.010671847938775339,0.2816441381010854
2020-07-10,0.029059688114273858,-0.07359145115047398,0.30647838826420115,-0.5990459619494591,0.2269351795142794,-0.13218305950116946,-0.09631710633680791,-0.17099180916357848,0.018416383660351286,0.246619090564959
2020-07-11,-0.01730382703620848,-0.09001393422566677,0.28182966893211403,-0.5400426457454766,0.19811957023896076,-0.21094469273524805,-0.11257725918726459,-0.2430067489625947,0.11995801731706372,0.23733347312531822
2020-07-12,-0.015845626921422558,-0.08765257085826626,0.25754935915463034,-0.4846914063014389,0.06448952329166377,-0.289170710164693,-0.12875629262741795,-0.31466467455777064,0.047153414422235015,0.28393091202680804
2020-07-13,-0.045842156656382874,0.0058773372061160616,0.4282537268922538,-0.426346078434361,0.1467195179921998,-0.24851681888430727,-0.1170546957901979,-0.3859711633678876,0.16693708755210984,0.4775790834703025
2020-07-14,-0.008550936194752915,0.0016683194796964136,0.43879607282215105,-0.43577737300820374,0.0723717303889048,-0.20972712209661065,-0.1578294976394259,-0.39020637993498414,0.19072772077929828,0.4852501149452163
2020-07-15,0.012675268670844782,-0.04533054120122876,0.38217490190480885,-0.48440249498600163,0.16413082147949204,-0.20206977165222348,-0.17381012026239,-0.3039109497892479,0.21464267678164103,0.5623661204969024
2020-07-16,-0.01116284620696159,0.00422226494457833,0.3784895185529099,-0.38250932537837573,0.2689337796061486,-0.14378810440167958,-0.1706077256390486,-0.3065990169065301,0.31164692471313415,0.6312787211927092
2020-07-17,0.03387411884782093,0.033424592665690984,0.3710777925091958,-0.42027966255334015,0.3040903144197488,-0.10936917062970315,-0.26389361888808316,-0.3092807424812896,0.4455174673884124,0.68317320287268
2020-07-18,-0.211585548850348,0.06956716355249408,0.29447994766426516,-0.41557351360712275,0.294738544379374,-0.07326580840744759,-0.40872851126809856,-0.27435573086028037,0.4199727590119161,0.6772222845913871
2020-07-19,-0.2914252942653376,0.02670665527491824,0.3351676594045847,-0.37725118470273794,0.395897555417353,-0.2620220322205119,-0.49403542332928446,-0.2396038446367657,0.4964975910145928,0.6652303592735406
2020-07-20,-0.14584743674749492,0.05770302688119073,0.5319663299238451,-0.40151750478285275,0.4244244037723205,-0.09983158799083167,-0.5789138424419968,-0.2435472408946334,0.48622532003841246,0.7276406826884684
2020-07-21,-0.16705142580511018,0.0563645865247547,0.5052784166155215,-0.3883921488936221,0.3526483617295567,-0.09378994098276956,-0.5446927750498726,-0.32735050319877673,0.4968687989767689,0.6048522408944441
2020-07-22,-0.15778431198929393,0.12112636122507592,0.5393426616803629,-0.39642810586732563,0.36542069683000655,-0.14438217118399285,-0.4967841787583159,-0.37259650148467155,0.46299295439680205,0.6163511938468312
2020-07-23,-0.10610522702924914,0.19972712387767738,0.5462389699462795,-0.31595781886294716,0.4785631474862865,-0.22435267105517342,-0.489714643582315,-0.31640906358851417,0.43033969618114026,0.6248834476042819
2020-07-24,-0.18007021677830604,0.14310328514519505,0.5286483400963936,-0.333067318529299,0.39821612698356984,-0.14060868955366407,-0.438550193841428,-0.30952317221451237,0.4105109854419154,0.511443714400294
2020-07-25,-0.08816246311607771,0.08510337632160267,0.49535298168486763,-0.2090300297738114,0.37557323433879286,-0.052159118887191186,-0.4767256305774823,-0.3380822463319543,0.3630644824020148,0.4117853641680267
2020-07-26,-0.07157103340859497,0.13218443414421527,0.6012847943389064,-0.011075918308251186,0.407693351564983,0.0871771235239451,-0.5146509319313642,-0.4360743951097329,0.35659713779327484,0.340506763761643
2020-07-27,-0.051001667728911855,0.08722568505125756,0.6112149020557862,-0.024205612081195475,0.3291413436343661,0.08387039708763669,-0.31365039594863786,-0.2640876078743359,0.3954869607895991,0.2150149373021506
2020-07-28,-0.05524696788438945,0.1898738941794379,0.6495583579372638,-0.06744265588539847,0.2350399679085041,0.16702311613065712,-0.24275080554001077,-0.2668659337762123,0.40019227427481024,0.22153401288844468
2020-07-29,-0.03738455836079383,0.13788389206681148,0.6890072539340063,-0.05662478094215754,0.20401980045608054,0.21275869895745136,-0.08380672823209004,-0.3338720147976127,0.3337378577099414,0.2624744821120975
2020-07-30,-0.05041066968776454,0.12736626305864793,0.6449666070630388,-0.08510383101155714,0.19949962914770386,0.20001903815407643,-0.14864407997052043,-0.22128641376727134,0.3910241557463517,0.30930143517452097
2020-07-31,-0.0753698141601682,0.14220610532348368,0.5889278148186639,-0.03324153872393282,0.2346298683019803,0.2196886985002316,-0.13746845121277898,-0.2161906886369455,0.34688550588824585,0.32542878084224236
2020-08-01,-0.02222231548110954,0.19757667711747512,0.5294772411946715,-0.05718204610229906,0.20231780129434968,0.2733574316415935,-0.004689890302065474,-0.16488804716539565,0.40408491796476964,0.24856380424379787
2020-08-02,-0.183082173093726,0.1811740750677234,0.3878324393122349,-0.16549257159410966,0.1881776242403749,0.2457750552830776,0.12680184560936597,-0.11374771081348606,0.37804994984359613,0.1819838219779275
2020-08-03,-0.1572373415453782,0.17757804186492315,0.2048462499895518,-0.27595617331570416,0.09488150403027158,0.24682823157414385,0.28042792216777646,-0.06276814608476647,0.2444056754044403,0.21472121279432685
2020-08-04,-0.1548179105067222,0.11062217761564572,0.1498137612999077,-0.22286800004315377,0.1226158145724108,0.1843577980542447,0.4689881526171803,-0.1517452410012417,0.2160686989938719,0.3539564398459844
2020-08-05,-0.17253424341879936,0.13595022754752792,0.17583038508844806,-0.2356094735448909,0.05013437578408971,0.12370720535931284,0.5537950508608438,-0.27484502406421657,0.2433925424077478,0.3383887318759753
2020-08-06,-0.132321787015949,0.08491317552705753,0.22251931527771612,-0.30417122396296864,-0.09841912209619749,0.1076917585836746,0.5902400388094337,-0.27302181958500454,0.23703938272801234,0.2305101945507805
2020-08-07,-0.12192469733326028,0.05213030566603625,0.2340689474460772,-0.25076806768945803,-0.06347729807743652,0.20661626095409222,0.6797831726331578,-0.26740315036982515,0.2966555501754491,0.14210689331976797
2020-08-08,0.033753558335968,0.026845511910045788,0.2809197054176843,-0.23300730269555925,-0.008947985013524054,0.14499743157939854,0.7729343563714686,-0.20820839120668372,0.4041224658892502,0.07141394385837539
2020-08-09,0.21822513724137552,0.1834031478992395,0.2807723051136677,-0.007619705506916506,-0.0925973026824061,0.4181050699254755,0.8276813485460954,-0.14931218518481168,0.308816561526214,-0.08007771882433627
2020-08-10,0.16207706203713604,0.3138315187177329,0.31995328526279154,0.08267399803552558,-0.09344062096475925,0.2642150553337852,0.8822402179418232,-0.14777936999440786,0.30043165079244877,-0.18904646155918858
2020-08-11,0.25674267743941437,0.3308244547108603,0.3077550196901545,0.02207044488515274,-0.04415321622414103,0.24195127329796373,0.8911404345460461,-0.14627605229489435,0.3283650159051848,-0.16041557467305703
2020-08-12,0.22176289442117186,0.26257314765869183,0.2951691923402341,0.02153173432037845,-0.04105667115729189,0.25982318868640036,0.8027425091929518,-0.03538833367047627,0.31399907779881986,-0.1439007526884036
2020-08-13,0.23048180803479776,0.2433487177537947,0.2925434635462062,0.015507854872360536,-0.22917755442056745,0.2861183570446158,0.7341924188252298,-0.08899136807894144,0.26087869619597664,-0.1955563083158192
2020-08-14,0.2911903290564277,0.24184176162167584,0.3015461077600515,-0.02464384660873751,-0.2354537529769163,0.1728479317755365,0.6852650451806411,-0.1225537133734352,0.24390352764400658,-0.23868911727869116
2020-08-15,0.22415271916926405,0.2712631465147529,0.30586186713085306,0.007250107811545664,-0.27354884937463836,0.13565501978115738,0.6911139057980631,-0.03539832495441332,0.2929450644259005,-0.1509476075101069
2020-08-16,0.2426931445033216,0.20798480502162098,0.29587919082952474,-0.04088523780967831,-0.18853901699950618,0.03080076574626048,0.6969490404957304,0.1209673465594065,0.17893617542902565,-0.0878808088387936
2020-08-17,0.3912991436590752,0.2628802060831663,0.08955091037014029,-0.20076784593537103,-0.16286970300505724,-0.02947574689828428,0.7221786901834102,0.007133859108059114,0.11803475687400218,0.11377275058837252
2020-08-18,0.375121541985382,0.23269949379587065,0.049336687196452116,-0.17889371405951957,-0.027176172199957632,0.008944395391984309,0.7909167775151822,0.09638450724052601,0.032998563292408925,0.19475082964631923
2020-08-19,0.3598859239645406,0.29861819280391266,0.009529992151713589,-0.14856167087923672,-0.12615895325049364,0.07633120446871784,0.7382399294859849,0.24079613180935505,0.031076152656453845,0.2375970190590857
2020-08-20,0.33616411514515,0.34209521874465487,-0.04982738125633423,-0.1435123175392024,-0.1317102272838693,0.09651388027708054,0.6670284521861832,0.26408703439072906,-0.024304593062675267,0.2880439239989971
2020-08-21,0.32747589452785897,0.3345466005213568,-0.03511219468833227,-0.14786992062274265,-0.12932235296801067,0.1246376989044532,0.6688299327704093,0.25948481087208486,-0.07467486410655047,0.2680120644237185
2020-08-22,0.3443262990096561,0.4062134237112582,-0.008483491328120584,-0.10948327805584918,-0.11515603353887263,0.10550712266233775,0.5919520311792551,0.2100497140330256,-0.1507220661818024,0.3142390152442228
2020-08-23,0.44247629309177305,0.42933820590543,0.09660194365543799,0.08012652137609169,-0.04111988083263368,0.35208936939969315,0.5991629554215988,0.28182895832101656,-0.08053941668629004,0.3909836865896184
2020-08-24,0.4466718550048985,0.45454924438464434,0.2951553021448898,0.26766714419093834,0.057172217990019814,0.44756089753951334,0.48953326015175413,0.3525915842597954,-0.09217488739008395,0.3683315643276933
2020-08-25,0.4331386591361125,0.46730594646280654,0.27503659139247283,0.3194426323161231,0.11494765100680457,0.5053678225126194,0.34480525703448933,0.39911261969640305,-0.13867358842240599,0.248754528386822
2020-08-26,0.4564294992561176,0.4321878682495398,0.2586693686552772,0.40084436672979706,0.15812109194753018,0.5349076745469424,0.21631964878031196,0.4994314638518243,-0.18181828519156745,0.28254294396718765
2020-08-27,0.4341282359324097,0.4957309956677844,0.31109131878310103,0.419240901124184,0.25193965145278674,0.5188405410353495,0.24524606057561735,0.564301440517322,-0.16609183405199784,0.36920021401617026
2020-08-28,0.39012278462907235,0.46467423468683705,0.2737505339061923,0.3556366856544871,0.21718572896236146,0.4285025421702456,0.1902370655907315,0.6044603805154642,-0.22894807239723916,0.38257525682931537
2020-08-29,0.40424367079872137,0.3739988782939804,0.26412300292651514,0.2966896999628118,0.18202558491236398,0.4522094765221566,0.08523816116059203,0.5070531459184332,-0.2013282561527576,0.41526451265799785
2020-08-30,0.3743948431997531,0.3180521332726415,0.4160389637169188,0.1466395895601413,-0.032646323205095897,0.40442299779634033,0.01870007740915994,0.41009156694548965,-0.07369155362072062,0.5680046750490144
2020-08-31,0.3581129729425613,0.14357932913736512,0.09437014215953989,0.14884172085417186,-0.01790575168047424,0.43254462508988695,0.10144136957893626,0.5646188480469156,0.03977177670610891,0.6300463543169015
2020-09-01,0.3450852714943539,0.10361756441526705,0.07369749329293392,0.1717644549316558,0.043873641777055127,0.4625959706103581,0.0037368160030976888,0.7174623003668454,0.01920921016001775,0.6146137552042547
2020-09-02,0.31819492997673376,0.1301304492826048,0.07842848471130796,0.17103576573146373,0.012199324258570494,0.49111098868028724,0.0037233298066377566,0.6443060016598674,-0.016010050803553135,0.5260129535251818
2020-09-03,0.34703370860334043,0.2136586738163933,0.003761853721197015,0.18548487830428287,-0.03320728448910842,0.5368318660937941,0.0036978625253243306,0.6428617598350457,0.07739323474701666,0.6297670249538567
2020-09-04,0.3574234645436592,0.33249635998439403,-0.002511464130322893,0.23320981993703757,0.010591795499694426,0.5754919523010583,0.01679633172338314,0.7224404086206562,0.04937831774224205,0.7534942903455365
2020-09-05,0.4320524571463827,0.3398721179674481,-0.04056774202362753,0.21168264752726537,-0.012016837987204305,0.5908582583091755,0.009982393663967163,0.7012180790123426,0.026508672735989166,0.7358555468972489
2020-09-06,0.42108687553514706,0.42628551519569624,-0.09682631078599162,0.18998651917812545,-0.11019085159854802,0.5561837133505726,0.003189407162381735,0.7705779234189511,0.17584204549199556,0.7090821368906182
2020-09-07,0.2800392835852877,0.5563077725813417,0.11960526370131415,0.292738293926507,-0.07100975229321803,0.5181975178093234,0.018106449178739915,0.7775954552653026,0.21111507974674068,0.722565637658661
2020-09-08,0.32658624360510463,0.5132675946549464,0.20295134906036635,0.3445293694554178,-0.11350866323197616,0.4538201114354876,0.07141250259069223,0.7804716507757912,0.32545286223526826,0.7399724592710459
2020-09-09,0.3615925321345478,0.48734593370597407,0.16446585837708427,0.3311992127505648,-0.04848515181659313,0.3680833094782659,0.04872118220887594,0.7277997105293031,0.3053695845124783,0.6086331715224483
2020-09-10,0.40878493180870673,0.4566263726830007,0.17736111225271628,0.2590377061916015,-0.038437281313237974,0.36426237228615727,0.04884784546584142,0.536644188327134,0.3425009639524812,0.6559977843989833
2020-09-11,0.41935260669625346,0.5110504383265615,0.1644601785542481,0.23709965035464245,0.17019101927392308,0.32142590977387214,0.1131708086279564,0.40599295673768526,0.4141452974536346,0.6242205204903003
2020-09-12,0.3460910732584822,0.48114761914211696,0.16124293216498936,0.16076782920938473,0.16738177564784115,0.34234260438506176,-0.011597841852420541,0.3884612343691033,0.4390501634203398,0.5995142204869099
2020-09-13,0.2592027872683239,0.42137756024800455,0.23920620282241326,0.03067647068273328,0.1377981516646849,0.17832381837689257,-0.21811208199056298,0.3954242970828111,0.36816459547547253,0.4677788409961665
2020-09-14,0.2699299106399697,0.11517602693938045,0.08292446710593884,0.0049667093118728614,0.08449344141379178,0.050158301371718735,-0.32439683283270276,0.40227909325326405,0.33726017464369623,0.4434974596356721
2020-09-15,0.24639851239423813,0.18201925228581367,0.06669811352628463,-0.09632424707458197,0.08370512635115576,-0.017888471474511964,-0.3765745773524084,0.5053624521855182,0.38169360641636646,0.5323312011500185
2020-09-16,0.1899830506101788,0.18643343949626104,0.0020123666997014272,-0.07133196116861774,0.1121786609939151,-0.027936132763247717,-0.34122593162021003,0.47498521604968547,0.3244538566926214,0.4038176087572932
2020-09-17,0.16312318105748408,0.17198831762529604,-0.019575149712269584,-0.0939201178510112,0.02773363015637988,0.031537107723602714,-0.3664982085262804,0.37261395232061245,0.3836879496775963,0.3210539740895736
2020-09-18,0.21364676603832425,0.24127055623018184,0.02531754150218317,-0.040242003838406114,-0.02471062587570238,0.04837885663527091,-0.3692205242956779,0.2762657453610179,0.4204324713450161,0.3092184405035988
2020-09-19,0.1771373139707446,0.2480252446605284,0.03732497376246344,0.06799191365918258,-0.05289825817689317,0.15845073947792668,-0.32162674984830447,0.36039226242561156,0.29752805069811755,0.2241468663991559
2020-09-20,0.18925090814310094,0.15011857424402422,-0.0655498124749933,0.23394280804244133,-0.04777663361990878,0.2654418647320579,-0.1418516703797888,0.3629361588824005,0.17534592000211385,0.10703382640747104
2020-09-21,0.2480890437105126,0.11939408800421195,0.10833322646983264,0.20655709767020658,-0.30871827720845746,0.2564662877866538,-0.23530335320454934,0.20999665793139427,0.06724895184545888,-0.03517028920971327
2020-09-22,0.15891270778234215,0.1662288272380144,0.07692797248807394,0.15635202465705977,-0.3978929345483727,0.11549226768854078,-0.21818339302420653,0.0587058111990629,0.06885116818694646,0.05221930332824062
2020-09-23,0.22594110383657148,0.19508512011484816,0.13204489266316063,0.18464157979294618,-0.27840374894688924,0.09951775067718832,-0.2011453366621146,0.06086284133737975,0.05867290297022646,0.16942976723264774
2020-09-24,0.21046295511063035,0.16798009824346702,0.18218136875456228,0.20150332252733472,-0.18902788119959424,0.11256048691293732,-0.1994200782299264,0.13882203447139757,-0.05552082988416758,0.11025658660004661
2020-09-25,0.28880192826836437,0.07221561732948766,0.19335680373482622,0.22998215639405473,-0.22193413628882208,0.10535563418465063,-0.06920972213888721,0.060372892909210094,-0.03741809976030496,-0.013668634732927945
2020-09-26,0.20590760526354562,0.09401714492277506,0.17731598672898075,0.273176015354388,-0.0990896154282919,0.1436237993677848,-0.03609337471108905,-0.0024643193563739017,-0.12014037806014007,-0.13889277242076656
2020-09-27,0.2198389543009942,0.10223349342873925,0.1843020816600196,0.42701483000043067,-0.07956770354621426,0.0866111099342881,-0.0031038700665631234,-0.08036724923950998,-0.25868034583046395,-0.16291511567856232
2020-09-28,0.2753090501219237,-0.10678238275465687,0.08209759127774575,0.5103830515834504,-0.3137221236604321,0.217769206565894,-0.037760361542160704,-0.026035351177700165,-0.21558730120355638,-0.17482883190853582
2020-09-29,0.26986031798949545,-0.07588121003925095,0.04335951129648909,0.46461261987681063,-0.34991467315663105,0.25960950126895355,-0.18259237434381453,0.027384633949166973,-0.261944313890418,-0.25124414792067673
2020-09-30,0.20883397410945229,-0.07323269337332847,0.13077904850531946,0.40390484421586526,-0.27649523814073274,0.32183639294111266,-0.20295166759736727,-0.06314023770468825,-0.1865599266640844,-0.17966613334165202
2020-10-01,0.2541766663622555,-0.05229031061949942,0.08934362176076924,0.46199871873055237,-0.2574658673712851,0.355973671540866,-0.20098929310392605,0.2025684461841744,-0.20480661244302584,-0.2393848265553672
2020-10-02,0.24846716200392197,-0.11630009985286402,0.07464654766025539,0.44432365674896995,-0.48522880173216276,0.4686267422371224,-0.2780166344543395,0.4625457562279194,-0.24310159643396806,-0.16044564167493874
2020-10-03,0.22323520605956892,-0.19599241823208477,0.09693714419735347,0.5043250604056697,-0.5782752944631726,0.4837665328624937,-0.20892394361603422,0.5891544660539901,-0.22098021897052508,-0.13384503923904528
2020-10-04,0.3385651713174759,-0.14352339083786156,-0.01390228889623584,0.550671386720323,-0.6604738817375475,0.6149518957987604,-0.10079603027709878,0.5694656019313872,-0.19173851662329172,-0.013718506858502908
2020-10-05,0.33742257272282955,0.10956183659693267,0.07498076080005586,0.44574494196179726,-0.6355483487382456,0.5588650309253962,0.00165237901330734,0.5397738326531708,-0.13264589118911665,-0.03140442009356692
2020-10-06,0.34873639126419387,0.1316271439300713,0.13408829147712936,0.5085715697295352,-0.6690925305120797,0.5463884201892905,0.09570654645004041,0.5475225321470959,-0.13672993602212363,-0.06408833575234654
2020-10-07,0.37645512848628193,0.11970526818926898,0.16047112062553465,0.4883911302578423,-0.7364750936838979,0.4992488795781848,0.18941481098410207,0.6488111202916134,-0.061102026136167525,-0.024164905152449654
2020-10-08,0.4456747686717205,0.17127243289023705,0.10659187111631023,0.5006525492157168,-0.6394442947765363,0.4426093074732738,0.228919379420976,0.7788461033542475,-0.07986104702839654,0.02039360884815377
2020-10-09,0.34402826229054556,0.1223798637738091,0.14314307650330554,0.5131382872306435,-0.6195872479067296,0.44439602152202484,0.19184250058959673,0.9230385698330427,-0.09553694307983392,0.042106788353433476
2020-10-10,0.4099388508067578,0.17074107299873353,0.21259574450141883,0.5040038237912023,-0.6743007645904763,0.3847927496055283,0.1548705665698385,0.9700286616330606,-0.027512385782695437,0.1302298769924604
2020-10-11,0.3539102366108665,0.25222248201846725,0.21004084214903,0.3360387567051315,-0.3667010980765011,0.22607202551924735,0.09939075441159959,1.0977531601388055,-0.027843443290300418,0.265829616900091
2020-10-12,0.2342095594249145,0.4317884771689198,0.2960960696808391,0.16612064365027676,-0.13032914660571732,0.2418992232401836,0.15745332851593372,1.2246751056393,-0.028185564363148757,0.40029980051845615
2020-10-13,0.2092013813960349,0.48714837174332426,0.38939454686872077,0.2586401207586982,-0.12827754584022152,0.3804296386593804,0.14179948014501637,1.2228799497731395,-0.01994519287570941,0.3852206684307075
2020-10-14,0.09097349881039334,0.42298609145963634,0.2560625852513653,0.1956933909290254,-0.3200268451874708,0.42762071158154147,0.1262010350063831,1.1460880550683104,-0.045582554943305584,0.28920553570688445
2020-10-15,0.08986096840527859,0.4259258667220929,0.2555758039313642,0.21072951933084574,-0.275556309155771,0.3822493343075617,0.2558040640369597,1.1736506617702136,-0.021504400416186974,0.2727830277705995
2020-10-16,0.08748456957358319,0.4248286565717064,0.29521469249443283,0.21096464109964072,-0.16658701861778416,0.4101538751770053,0.2363538527272771,1.2761417574535532,-0.001054419718501644,0.401259312665611
2020-10-17,0.14299018927567775,0.514331915434277,0.2654423369577169,0.3085719166527311,-0.20959279369961661,0.3872881752945193,0.2779074569561707,1.3782129815535769,0.06506605574837944,0.5290205918116827
2020-10-18,0.1751205296351316,0.6301311789374382,0.09313107670678342,0.28788407463132293,-0.17194108862229,0.569289348442791,0.31899630822347075,1.404658866089778,0.13087541784029216,0.5423978144920101
2020-10-19,0.2141978637465296,0.9005338423609176,0.19511412408516465,0.3320631536962094,-0.0021649032753844597,0.490768173251407,0.37358692682825034,1.361105161003849,-0.026523345122007703,0.5396301262352119
2020-10-20,0.2200709587250696,0.9218605860190372,0.16150289074732624,0.32499596458635277,0.010293080481915733,0.5161175035347135,0.5775601736820939,1.2149081020703687,-0.018104801924493853,0.49820710650846156
2020-10-21,0.2048547417110399,0.9449891106379357,0.18449189513038056,0.3908498442390003,0.026516391396714627,0.514802845663918,0.7787794823048364,1.2949990368833102,-0.008899886193531326,0.5199349210669381
2020-10-22,0.13157115371888908,0.9636319164568387,0.17173392995297418,0.3701744709041351,-4.862667900237932e-05,0.5147964976537601,0.8354010445422181,1.1934770934416945,0.017674565423001064,0.5065416202298836
2020-10-23,0.14577426867051507,0.9385091956261707,0.21368469793717715,0.356653745465722,0.016390089832828185,0.40994138215009784,0.8530073012097219,1.0312402072833342,0.06184164427503978,0.47932593241634097
2020-10-24,0.26905362866130966,1.0423226917242712,0.2210709711570995,0.4325128890254649,0.0763557265203359,0.47399770165981037,0.8900652658896112,0.9727048318285207,0.03572188914615026,0.44344191885055845
2020-10-25,0.3419838101960363,1.061692241028648,0.28424083005886136,0.366426158509198,0.04328057027050002,0.3507615801296449,0.8868793077669983,0.9135386320469129,-0.029138155737886463,0.4603541890948661
2020-10-26,0.25081938427198186,1.0804870731433336,0.3801262536066702,0.4076225848605714,0.05236151028143773,0.44108473934384324,0.8836992203842604,0.8655238367982634,-0.09672159536317623,0.4039980855627331
2020-10-27,0.2040579478333655,0.9929876349673404,0.3220478881037161,0.3548144577018317,0.03551208657817197,0.5309040250386426,0.7963381091308276,0.820359471122453,-0.11844041857547943,0.3666146388360033
2020-10-28,0.25207425091701124,0.9665080352397242,0.3885167162473076,0.29892482985781943,0.06941837054921089,0.5383058439074655,0.7188780029736976,0.7953182615364625,-0.10400277656332485,0.37637358883310773
2020-10-29,0.19182358896764198,0.8996889665720296,0.39646044718265283,0.2653941625323054,-0.005217123267524109,0.5487091787191444,0.6471112335931268,0.7072319774841239,-0.16387291145379143,0.309490792062695
2020-10-30,0.24102613576496243,0.8856800891577172,0.25903088460133833,0.2546698329783991,0.041767607406850336,0.5047611725388044,0.6716751043688922,0.5755103507897595,-0.160050281690613,0.29532427242672543
2020-10-31,0.23041005105771872,0.9119671767196255,0.17950391483278128,0.24688403707607712,0.15686235147340138,0.43445382992255976,0.6961560438008659,0.4446207160150316,-0.17462609488802536,0.31851126061915974
2020-11-01,0.22052304897976324,0.7645591613443911,0.20193494922427907,0.3009945954827651,-0.03338880801598373,0.4466316478312028,0.6497094399648029,0.43311941133562065,-0.12382645155781573,0.29873719917501607
2020-11-02,0.2566894671551845,0.6925970958975183,0.09560419583491216,0.4148463862004629,-0.012335210967178135,0.5313857720690723,0.6547249503029396,0.4218488884702157,-0.09886605445293595,0.36008404275723904
2020-11-03,0.31715539068528625,0.639030421306414,-0.004901466969726603,0.34589409948718813,0.08190844656080747,0.4818958242036197,0.7630074407372023,0.4904873163797037,-0.10315937455880263,0.2748252180385786
2020-11-04,0.3616519568528784,0.7142791599236934,0.0742486301467826,0.3585754754932051,0.17033570850082827,0.46007269813145657,0.8595797902527412,0.4891337100998359,-0.03671571597335653,0.3033692711199918
2020-11-05,0.305848205563403,0.6808816791672798,0.04648807679779022,0.34809897114497207,0.184366039255338,0.4814915467844256,0.7668427456637716,0.3836530232669765,-0.019408016674829304,0.2698971243684753
2020-11-06,0.19586650875155295,0.7006948817331432,-0.013525220495229045,0.3141511936860836,0.1208710992860002,0.47200946335732674,0.6814099269660486,0.3277806549004848,-0.03520437772982502,0.20928114988381824
2020-11-07,0.18515729383302265,0.578037116265641,0.044236658840033014,0.2156928389486083,0.09393707926472615,0.4164112868755787,0.5858040676110601,0.26197017676116774,-0.01964965444403622,0.1102044220442069
2020-11-08,0.06945660533862721,0.4501190601219812,0.2712879842292702,0.16044597249741624,0.1035609201005494,0.44366255706515595,0.490829501302967,0.19645532712964253,-0.03891982167574258,0.1063152911064974
2020-11-09,-0.09453257559718906,0.27645874639449336,0.22231372792285203,0.12634630650565168,0.018388203232257632,0.5349225855623012,0.37425483723011266,0.13123206408984137,0.01858782748741228,0.057963291098261156
2020-11-10,-0.09959093330828922,0.19169509681725974,0.27182225784635405,0.1063550198912094,0.02396486882748693,0.5604777038373008,0.21922440692603912,0.17750570535256008,-0.0342844877822628,0.06452759653540978
2020-11-11,-0.0802405266579487,0.1549516807029433,0.22124166519220617,0.10325280545476964,-0.0013590421219322852,0.5510164581021975,0.04134263526060314,0.14164427032106802,-0.12510748176595662,0.06468261997382153
2020-11-12,-0.11125303870135546,0.10419608773228528,0.30751395731683706,0.15171474486356445,-0.021989861003043825,0.4993676600949114,0.009507755443091927,0.20718130072122218,-0.1157682303293803,0.06260577750378954
2020-11-13,-0.11556925150454964,0.1166268546959268,0.34787977419669575,0.17499877729450042,-0.021821467466140245,0.5131097276944528,0.007770621029495616,0.33395740477765173,-0.08830209014167474,0.06623512651666033
2020-11-14,-0.14215672572830831,0.10753001765722112,0.36717046708547985,0.0785074668980033,0.07830398967318002,0.4607917268883332,0.04104907970086905,0.3139917725412534,-0.14800933493205434,0.06629472421893082
2020-11-15,-0.2453030771261289,0.14676693797003915,0.3641215832835604,0.09437183628274112,0.23078196871622308,0.5001794052947369,0.0018396035638418348,0.29531578195195135,-0.04243892490140434,-0.07024039666396589
2020-11-16,-0.08380366310352831,0.11112940848255133,0.29173095403684823,0.0942215734039612,0.14882841830922416,0.5051765663016777,-0.037269015937587704,0.2766858398215755,0.041069239413009204,-0.10925852968251328
2020-11-17,-0.09206058977855576,0.16703636595759175,0.3789122148598162,0.13215287446794152,0.16865586238133337,0.4435206118359984,0.06906542101896343,0.16729906143071913,0.0900233330693138,-0.14755003419204119
2020-11-18,-0.12272844785881948,0.29230454792648547,0.3444091067415521,0.1110285514085431,0.154364472060056,0.4929201773324002,0.19568763070192718,0.05835456567842471,0.14005954246667524,-0.18323509514134548
2020-11-19,-0.12515837794309276,0.312737490026042,0.3951284223271441,0.16093220866407174,0.19454701664345875,0.4563897267203494,0.32144438807313336,0.14234800803773479,0.18029223565855151,-0.14584574973438166
2020-11-20,-0.07910668446869924,0.2748745164004799,0.4958108269338068,0.17939983841763538,0.13527355732290397,0.49334551620230566,0.3245632348343635,0.1415581177050595,0.2023736929156326,-0.15872313483129497
2020-11-21,-0.13743277685102792,0.2568108990166029,0.48396047880119886,0.1535676611511984,0.07492667731848615,0.5077267070179954,0.32767512675719734,0.14076430464889067,0.21646673777244532,-0.19085352059532293
2020-11-22,-0.11333135051686535,0.47615468503066855,0.44220847769389593,0.18456122625762336,0.18125310851961918,0.6342150917320208,0.28786014042709657,0.14090975150333163,0.23332093501512657,-0.20721297131426603
2020-11-23,-0.1936157939208123,0.4270026750681693,0.4406565921353113,0.2004850047759645,0.09761169526700485,0.5301153989538459,0.22507130044586582,0.141081642477458,0.24476621165849696,-0.3045967862382516
2020-11-24,-0.21522464179422715,0.4004804231108582,0.45888956079658155,0.18030099196832355,0.05413995742997405,0.5160271240876984,0.11499089285165033,0.18952434182963804,0.2314407899967829,-0.24857179344435623
2020-11-25,-0.17165548900372235,0.3171069766494208,0.36768825537348715,0.1992123839633055,0.06702309388995509,0.4568740500231903,0.11145612659166361,0.2195053987125705,0.16302649610869832,-0.20693812649868393
2020-11-26,-0.1352864692127586,0.3731580336340011,0.4006461053827349,0.169134163238763,-0.033757149187035755,0.457872635461014,0.12994242116499016,0.24938275123251671,0.20419674846298283,-0.12813159927989934
2020-11-27,-0.08686634671393509,0.3608183905753189,0.42426668759920827,0.21070170631044013,0.005583217856069435,0.40333047113996934,0.16849404858233827,0.2299706046480242,0.24747302328547263,-0.10407192211645569
2020-11-28,-0.045004674119716204,0.37610312486374003,0.39157781080692605,0.2520597125041363,-0.11525300938781902,0.5050116493770214,0.21768194323658902,0.2290266734634308,0.2164303091290584,-0.007741406515387287
2020-11-29,-0.0073632359561922,0.42843866162066296,0.3654516436686862,0.17271985176120044,-0.1774057556396038,0.48263528573010783,0.26675531802793045,0.33190076099326926,0.19599455948730057,0.049798898715272995
2020-11-30,0.030156421490010847,0.4756326340550089,0.319208811726201,0.0717211493603951,-0.07098830031521007,0.39036470866001033,0.28139985029210773,0.2917199745804374,0.17561413796457825,-0.0009420457313492191
2020-12-01,-0.045179231019800016,0.5137042238184513,0.31973318482428287,0.03291354290493372,-0.056393066040188226,0.3491358659088189,0.252259652121301,0.3430870332608034,0.17293328404941033,-0.004526422077023378
2020-12-02,0.01087752309314767,0.5335371486661286,0.3350413050759566,0.12946864397557636,-0.021869095572243487,0.323143197421147,0.33054392641147984,0.36120425595025407,0.21948844604138756,-0.004513986757536155
2020-12-03,-0.04293704140101281,0.4916487586932194,0.29456539919854047,0.11565755946110838,0.01853576169661513,0.3058284750717753,0.36188972742202413,0.3375210371726662,0.21945505213627955,-0.0071257508554554835
2020-12-04,-0.07811085537210205,0.5211328933274788,0.2068676502058706,0.10334855007317867,0.13908558675506286,0.34670277414788897,0.3428443831712273,0.3076894043651526,0.13868271218518244,-0.0075845458345459756
2020-12-05,-0.10473372921579685,0.4548259676803963,0.14347454389348005,0.08183855964541985,0.05165980752055982,0.33876851342693687,0.26932588161156984,0.32581968230304725,0.19511669277048196,0.04796783713835669
2020-12-06,-0.07910112596124448,0.4397007838932254,0.17832335083917195,0.1683178483967519,-0.13719767250340098,0.3839855222025903,0.26839487499715137,0.3439126289254942,0.09682320179014009,0.16035605890852342
2020-12-07,-0.19186588273584088,0.4823653886380178,0.22165780110247674,0.13118736254586572,-0.04765214892485183,0.2616358853289301,0.26746183451036654,0.36196847070557125,0.0915006419283893,0.2676956290729402
2020-12-08,-0.14808626536882313,0.4463732892169358,0.16496635144728825,0.0632431122919075,0.00351629818318691,0.24633288401237977,0.15966765081246148,0.49370093923612063,0.042025047599439556,0.3552949235892503
2020-12-09,-0.1699664302504242,0.31113036635053976,0.19809545937982528,0.07258054717592911,0.05571481613971775,0.15888169672841507,0.04005485594222683,0.49251571660462157,-0.033325410684466754,0.4248183755295399
2020-12-10,-0.1056325861528454,0.2434583609120894,0.165040834859439,0.05860003688639356,0.018330122867687166,0.18285122933105596,-0.03014245996875672,0.39846330267682895,-0.021591779429707966,0.489918512849541
2020-12-11,-0.13835163678865633,0.3305579743554416,0.19306067604822447,0.04788253215756028,0.07876505715384868,0.16595559711707392,0.004304658581264828,0.3973510909125596,-0.015208505202537016,0.5101176971701381
2020-12-12,-0.12011578687177875,0.35557317737684124,0.1424407900445502,0.04503728761472974,0.16943457929404215,0.11110448307429609,-0.02583705572124037,0.3962372033371213,-0.0431279066888904,0.5052652155209865
2020-12-13,0.014613424320752374,0.27645262663530734,0.1944871164032198,-0.12958399157182687,0.10336442358730216,0.007163140957613477,-0.05589782503017295,0.2756046141026588,-0.046115871530133364,0.47911090449747173
2020-12-14,0.06728706075539384,0.29976280823531026,0.2929308585231262,-0.18547965861650637,0.16019852618363556,0.09323507676582732,-0.10389622703798672,0.15550683051899672,-0.08520568190548737,0.4530069923992941
2020-12-15,0.06373332218560913,0.2797491504337759,0.3040580524440283,-0.1628374995632272,0.10749109051583253,0.10651621544033414,-0.10412846415458699,0.05404298148395067,-0.10870891919293775,0.407501264290489
2020-12-16,0.08452170161859213,0.34328119860370443,0.3968783864206492,-0.13192711141388638,0.13072087867810994,0.1628650448073253,-0.16578039965717634,0.08679149912369247,-0.07337663130865424,0.32606754385268755
2020-12-17,0.05238714149017739,0.3379345050843667,0.375552309307984,-0.059087520109681796,0.20162997301551083,0.1317973260032191,-0.14464425209980392,0.11665929427948116,-0.10771293889074908,0.22936387443370157
2020-12-18,0.056455982023849736,0.3692666548503514,0.34488630029765127,-0.031221791142645235,0.2265672337346525,0.21775550687674877,-0.1642182136103477,0.08519060595440137,-0.12953982135766987,0.1800399231272562
2020-12-19,0.040893034564103016,0.4487339773397866,0.33389140826705505,-0.05357462313157459,0.43117056672859927,0.1927253138158912,-0.21084707154209303,0.09443549503151456,-0.09337864276998824,0.1002667998238004
2020-12-20,0.028373619187728998,0.39242981481987405,0.38031793663618485,-0.053406637241581706,0.575885595708154,0.1502374056165453,-0.17700770572411245,-0.0001500883793584553,0.061403658831707064,0.0543387474744489
2020-12-21,0.03950873388617847,0.4274420739299617,0.44660553526618674,0.030762045964091517,0.4691201415503899,0.06086534376056947,-0.2111332903369199,0.04830680446576664,0.07020517126991532,0.07864047472092743
2020-12-22,0.06274016400428493,0.4590812023518103,0.4124381653199136,0.029057648757560207,0.5138989744171794,0.11566045516225384,-0.06256165547364659,-0.04484967562376171,0.1204824174628935,0.12095771316328323
2020-12-23,-0.015227241310682236,0.42262596029387406,0.368582399611739,-0.021679478749100294,0.4308463906264475,0.13117170269905756,-0.14461152163112187,-0.10466446312931672,0.15009044833341942,0.12290168226760322
2020-12-24,0.13986848568057306,0.4816329197288068,0.35747934750503213,-0.005623468811335633,0.4160813954351501,0.2157702085171748,-0.20352771115832521,-0.17719050234479136,0.13457843938114109,0.17255932554880887
2020-12-25,0.14873955430522276,0.5114454553975647,0.3485486583673642,-0.03550228159451102,0.3986205825452343,0.2552326962536555,-0.2031487221263951,-0.14276761505953114,0.19707791409423125,0.2220475353917085
2020-12-26,0.23306130796001856,0.6695953599885819,0.32973159510402766,-0.03349906063886042,0.27983972492823994,0.2032355834746875,-0.20277713601192793,-0.11276739458093382,0.19984597508157984,0.24822490098642275
2020-12-27,-0.005056318054778728,0.6438074919283904,0.23166702251446997,-0.04471828824250877,0.5140369024932946,0.15142181655955247,-0.20241285261029734,-0.203417767406905,0.24667255989292128,0.2363268230509061
2020-12-28,0.010877869666340396,0.6504632160022085,0.10777273589973758,-0.008524630541965625,0.5498845716292516,0.24300111992400564,-0.1232139182667256,-0.2937674287107596,0.275822739679134,0.2824823172846716
2020-12-29,0.026531265375061352,0.6821759822474123,0.14774854309794772,0.06927595086091676,0.5333426377744855,0.2788742085088153,-0.12308038412421582,-0.4459130099730518,0.3194158343841715,0.26059013491435373
2020-12-30,0.047072196170312254,0.7479223572933433,0.16506514185742086,-0.052760679480157634,0.45050991626388026,0.3912860565598561,-0.06666794090420318,-0.3741125573095324,0.28448806543829713,0.25662468287745915
2020-12-31,0.049101568124542486,0.9293804366843794,0.1679717252201396,-0.07058131535991304,0.5447160999593729,0.3881610352053996,-0.0056248187552482235,-0.4095622817777416,0.26466975949321114,0.15129804003208247
2021-01-01,0.027158313953253865,1.0047147515052839,0.10651175952751409,-0.00595544644985415,0.5710348589841077,0.41064540382694875,0.017450484307695052,-0.31981383314710116,0.24158154173809612,0.23188444092475824
2021-01-02,0.10972099766808331,1.070990467668102,0.17862207652976309,0.02671977868622972,0.6027619219644352,0.4744305094191794,0.1049662639574434,-0.23030282208990654,0.3836545957716409,0.23801862161872972
2021-01-03,0.018534372582588533,1.1298603911715386,0.1480134029120252,0.11392899882956244,0.6725303131070302,0.4949094178690735,0.19225391670182548,-0.14102737160038795,0.3682552571844286,0.29693449437924446
2021-01-04,-0.0706067308076755,1.1609488287908878,0.11783518192575773,0.08265284762757842,0.6900715421635668,0.37834172621718987,0.27907636420145226,-0.02080867194213458,0.4338737727692831,0.37235061795728985
2021-01-05,-0.043339407700277666,1.1514400531369813,0.11146917766648398,0.1318421271594567,0.7402377922072823,0.3965497640650631,0.31772664471299245,0.08082109902828327,0.46894952703568277,0.4603274554731251
2021-01-06,-0.09124651108069455,1.1276521418711054,0.06821071674661157,0.11087788763779859,0.7152560674274729,0.36208476378998744,0.3469258653833234,0.06959660774733381,0.4519411761209587,0.5069774346170212
2021-01-07,-0.051884160090708877,1.0733686940051599,0.04623643513861098,0.07412860028954141,0.6780973853761123,0.3429715718448733,0.35904334995173953,0.0371268833649404,0.46616637026216085,0.5664047594183352
2021-01-08,-0.008054986982343944,1.0317650497984272,0.040753553788690514,0.016585155913607257,0.5941537453678851,0.2696384112602289,0.3018525432582941,0.03699314729981272,0.3968892937352229,0.5425611063276907
2021-01-09,-0.005863834242471296,1.0105605861191327,0.09340309638251079,0.0050797676450141105,0.4602304671629919,0.2084901488613154,0.3141382805866779,0.04160682221035043,0.353332840143774,0.5218243038700183
2021-01-10,0.029087491555585855,0.9816527125896335,0.0512655042056442,0.004976615358579274,0.3449752982082862,0.15070622315299456,0.33413011063664466,0.04621431226493071,0.2765765740477377,0.4985581340646397
2021-01-11,0.1205160390396933,0.9453653235521958,-0.0013722036285845896,-0.07265002436110536,0.4011776438148339,0.28084796946214347,0.45591239444854603,0.05081564222706923,0.38218187511301416,0.5133738854403179
2021-01-12,0.1478278310798169,0.9549443013494432,-0.045280742550970234,-0.05060926725142467,0.2617756571376444,0.17782113408484532,0.3068137752236916,0.11757874770297469,0.34664789113086714,0.5090730158357798
2021-01-13,0.13743618003725017,0.9695368826827949,-0.04373591475623241,-0.12094414828984416,0.2968267763358694,0.12618212550921457,0.3061084765031458,0.118015015369513,0.29768332704844763,0.5567227067256718
2021-01-14,0.0343709432858499,0.9522587204794712,-0.0432893689988026,-0.13089318479433745,0.3204264380248392,0.11748595654489387,0.3054009000315502,0.17931147740944947,0.2599541522151868,0.502569978286385
2021-01-15,0.03328820977804448,0.9280380570349798,-0.02912117682057322,-0.12903061702093122,0.26525278459150997,0.06847847784416208,0.3046910883925556,0.0782335623628752,0.26572770149831987,0.32378988904976175
2021-01-16,0.00046898907487990025,0.780816244049321,0.004076959714073883,-0.06217982228038252,0.41012736104492625,0.1001958608407756,0.3170545033198569,0.051262548919677284,0.23897413177569843,0.26338183432099216
2021-01-17,0.14223094040105716,0.79362168418826,0.040703096502946,-0.02733649081102032,0.3247584845899219,0.03909654397220229,0.20699516879353635,0.14493964359562947,0.25324474076533676,0.24124046131854082
2021-01-18,0.055379934202965296,0.7297206870155615,0.04925271276518987,-0.027811437690618716,0.198221657860685,0.07890162814203729,0.0017702749606083206,0.23831353791902338,0.09383610355431146,0.17279794370528942
2021-01-19,-0.07128716592500618,0.7903966927386998,0.005031500759288016,0.0668566972070314,0.12828739842924922,-0.022669252473418222,-0.12172395694503224,0.33138741994622234,0.1058738317256826,0.172505070057693
2021-01-20,-0.08670772127737265,0.7022870143646087,0.03979481860745021,0.18464171854484449,0.13850723295137812,-0.05424918580077284,-0.31705424531074733,0.3555949564671689,0.10945326110604188,0.09954434227472374
2021-01-21,-0.24697666551810463,0.48523486122481513,-0.019105885071096763,0.20238764794484357,0.21792631439380492,-0.049040816483651634,-0.36731005410703677,0.3548875056915791,0.09828400874836231,0.13902505117666586
2021-01-22,-0.2724156070345221,0.3475022005263431,-0.08722353833623281,0.12815729669363438,0.15296593429442423,-0.07626912645746768,-0.42283594779944006,0.2652910796676843,0.11258327194098158,0.08425423686547398
2021-01-23,-0.3093622938921558,0.2212572477615223,-0.1357208415728699,0.06121149058525659,0.06742847032220671,-0.08004504108034972,-0.4326587293549303,0.1759184412068288,-0.035758118151118456,0.1006072342190178
2021-01-24,-0.32775186041932053,0.16716486213958917,-0.04716476838867206,0.16098205536550597,0.02200443355618825,-0.02126722466651779,-0.44243031465673316,0.20728952291396396,-0.051502817373425464,0.16124401063694765
2021-01-25,-0.21908423838473895,0.1766180907734781,-0.11714616576425138,0.23968992398467773,-0.015276677168052461,0.08718235833702105,-0.5338671250496181,0.24905274604460467,-0.02483254598615669,0.10001629542431555
2021-01-26,-0.25683940538974415,0.126892017136012,-0.1269124149028249,0.1815517098043705,-0.032135427138486994,0.028730731085311396,-0.6013284550277377,0.17969105397177842,-0.0555528411126673,0.022076860336414334
2021-01-27,-0.22600046074218103,0.14407686038768788,-0.06412141125748755,0.18793823496396123,-0.09901762657751571,0.04951476093811494,-0.6699065005228148,0.13568597536907748,0.007962853936598775,0.018442787613515522
2021-01-28,-0.268489795799842,0.10090584454475593,-0.005596181357001076,0.17009825835717146,-0.08122710785504497,0.046599952524385424,-0.7580210784114547,0.19090044604831585,0.06074987378709407,0.025193326357102558
2021-01-29,-0.28762101977674365,0.10891488306114547,0.00051805039732296,0.13673158697923332,-0.0004597692795344261,0.07165058084706369,-0.717547076011806,0.19024040703866718,0.032027577718865864,0.09730716425003683
2021-01-30,-0.29419274303855375,0.07544343569558254,-0.14482120901574197,0.09276822823914467,0.019321127739323,0.09728991709595793,-0.776359855763234,0.1783112885400641,0.06252570537245042,0.1355423180414602
2021-01-31,-0.24281473191736597,0.09231231926268747,-0.13979691497034952,0.04831996941401066,-0.043745013017897835,0.12360852734955294,-0.7784827091641058,0.27426586595730945,0.15462817695532202,0.13828547068470118
2021-02-01,-0.3823148294605857,0.0659878369631019,-0.2273695224324765,0.0008055882957041701,-0.06763025634924139,0.02005021969896345,-0.9063971841269439,0.36945578746291624,0.1443508943795953,0.16523685554610199
2021-02-02,-0.29898401227450744,0.016469792496851814,-0.16974801487410224,0.02011225814808864,0.05888614282753391,0.0870280577289455,-0.8817191555745726,0.3305099764783344,0.20796805457687054,0.19503735958327995
2021-02-03,-0.23461530057246216,0.027715300920285554,-0.16892577216770405,0.0809536126537825,0.02993989010453981,0.10356264213899433,-0.8774819035876841,0.35578449366841636,0.31507950337260804,0.19580592759787305
2021-02-04,-0.18162975364597309,-0.013201154160045789,-0.17179978699450688,0.10917344412440144,0.0030826895581481484,0.04692676248450647,-0.8661674613639314,0.36131597986202213,0.3520941248895687,0.17889484504690847
2021-02-05,-0.12728188603334067,-0.0024643685782515445,-0.17073698310561858,0.11212534379944199,-0.008955655241732252,0.039897528364834435,-0.8548941921398059,0.36074303238124567,0.345302282576228,0.32225929523811636
2021-02-06,-0.19436739446944618,-0.1388961617252263,-0.18688013824097702,0.05409269336763425,0.07359497915840121,0.006372326962949849,-0.8638461031424883,0.39365163569105815,0.38916477910435854,0.26086055174577033
2021-02-07,-0.16577413071360114,-0.22549469407413456,-0.2998828441048897,-0.1491604608634128,0.09748422520262766,0.10603403398359179,-0.7503968814156141,0.3631143595925677,0.26310154583679846,0.28617917458640885
2021-02-08,-0.15254811967148446,-0.21377288456945076,-0.3081885783591465,-0.19140584079935619,0.1639849504033267,0.016817993158437978,-0.6206453428812231,0.3326313604944336,0.4482884636506832,0.31140207816601717
2021-02-09,-0.08580027761501699,-0.18750606202313552,-0.2502581107924235,-0.3191225468889381,0.14967752304070697,0.127614547217751,-0.4473312984305056,0.35363182104319657,0.45388343546668913,0.2290566685359294
2021-02-10,-0.09487285711149009,-0.16880263404487175,-0.2953120158385018,-0.3335760288790575,0.22261441017588576,0.11289226454569277,-0.22944128617922616,0.2567815084484036,0.49000102527267636,0.2703182158469755
2021-02-11,-0.02820908166780144,-0.03352052720380442,-0.2626664613789256,-0.3300547325710948,0.07852338019532756,0.1183095253929003,-0.29689192052967495,0.2559184389195811,0.44559143194393835,0.31107793700275177
2021-02-12,0.021824761383393447,0.0014892500179388489,-0.16966010928553787,-0.2688910422935395,0.08359821874120837,0.120190652952399,-0.31870970478373467,0.27231493787524624,0.3828742765586728,0.25790394065885114
2021-02-13,0.09224840226478352,0.014859149312888379,-0.15259341217001388,-0.2622238985091624,0.10971369244958326,0.1419251070169636,-0.38604819016509223,0.38746801594957636,0.38760514059659246,0.23872765617853697
2021-02-14,0.1425406696052062,-0.0076523362765218905,-0.2725084950487817,-0.36174666304473474,0.09609023721195326,0.1010765713879847,-0.4532568099482222,0.38571437977906714,0.39232802441439885,0.1860394177762668
2021-02-15,0.08168441023979855,-0.059116542896490834,-0.2756397781162922,-0.4402163002901068,0.0016378096701211867,-0.06075662359812295,-0.4383816134507701,0.3421935294761333,0.25119740546907354,0.23821855945048243
2021-02-16,0.2814164693651134,0.07500524914623037,-0.2785842574597375,-0.44698756476207196,0.1879360438883563,-0.11999260538820644,-0.3993558997759863,0.43356156941231755,0.15709092286700704,0.3476871221594986
2021-02-17,0.21471345337010553,0.024503927078960895,-0.3058142285100865,-0.4540963934652263,0.17307517190842342,-0.1992684407409043,-0.3010841715081946,0.5659271616186358,0.10233528980345785,0.34310531983800424
2021-02-18,0.21945481556309168,0.06886093250077348,-0.3800932833226282,-0.44137269717051764,0.17141769107757118,-0.20162848591623939,-0.2611790779578862,0.5154650327800221,0.0511082211327763,0.3154157211697449
2021-02-19,0.20079492794945053,0.11001920022126714,-0.345952322750932,-0.4250981754816718,0.15102187810961368,-0.21138526010303313,-0.22225072302900353,0.5498707333534095,0.11668502135709788,0.2665681819030749
2021-02-20,0.20322062306314473,0.12516519770154938,-0.19294766219501094,-0.38277883752158415,0.19904510436354336,-0.17552430080839684,-0.1446574420468804,0.5476522452199217,0.10902048757235024,0.3077310725689837
2021-02-21,0.14770519409367547,0.1449831838250264,-0.20934229846894561,-0.33787073006051244,0.3072787436736948,-0.22896925117476133,-0.11358098747624258,0.4375688122993808,-0.02144922852883348,0.2876130436898342
2021-02-22,0.31940989784262513,0.012254467749216362,-0.03712803655650262,-0.2933082199493096,0.28153347432873255,-0.1539294196392595,-0.0821441289046221,0.3282687117663481,-0.020134592855932665,0.2964453094549279
2021-02-23,0.22844965488313126,0.09152912421865553,-0.06305920390452625,-0.3419691399654551,0.27130964724076795,-0.2307885910193749,-0.054645771926423926,0.3157332586593276,-0.06766275755902496,0.25211005764324707
2021-02-24,0.2782172238903373,0.046468747732450896,0.014360855942667,-0.4300753979330674,0.26896451409366207,-0.20407046270557536,-0.036772069336912336,0.3149763336446433,-0.12678450779122216,0.19277320789740338
2021-02-25,0.2313312314111522,0.04095955138127836,-0.012525350096374491,-0.4990439544225759,0.2625837128937267,-0.23831743834248983,-0.044025439151304864,0.26966552128452376,-0.13812772346160207,0.14281356094319966
2021-02-26,0.16682111906372898,0.00723796284609736,0.017444172323291825,-0.48320916540153586,0.32963566377257114,-0.26238158019181473,-0.038739303246295445,0.2792865826719342,-0.17334190558199578,0.0675115988857748
2021-02-27,0.15090582953401208,0.15772957162484388,-0.008474309644286707,-0.4658108704784342,0.19668213776557616,-0.2594599695817802,-0.028621862876618276,0.21946279414684522,-0.1995887182431342,0.005421639644164887
2021-02-28,-0.010693106520234632,0.1422570894628348,0.13933983804879,-0.3726444432262738,0.10354686081779609,-0.20105050997504476,-0.018534844808745413,0.32563944232754155,-0.1500311367229014,-0.14275730011080795
2021-03-01,0.08314624016882169,0.263433485270395,0.2257026101045184,-0.3571021056837273,0.09289234838515029,-0.22165474804606083,-0.008478023366100077,0.3772296774406594,-0.15347071906220142,-0.2781119969476397
2021-03-02,0.09348069731690438,0.24281005125826688,0.18141511531591328,-0.36951101985746493,0.1524831676322801,-0.3054666963088437,-0.035453703735790855,0.3609826340638951,-0.2106673487247883,-0.24582475987412755
2021-03-03,0.1363861107042443,0.23860596229203834,0.12316328483620105,-0.2801183016290131,0.10566275449003475,-0.3006212802935841,-0.09141962350949503,0.360358672813275,-0.25058113743654686,-0.3089550829731743
2021-03-04,0.20666787597976508,0.18330076986612245,0.14207667420994113,-0.31258187356232037,0.1534652735905914,-0.3090160180656286,-0.060365079559009084,0.36029033344247724,-0.15727338288138026,-0.3526744689509068
2021-03-05,0.19062739377199595,0.09341112729966661,0.11737617738645671,-0.3679152090446293,0.1321330963040982,-0.26893582023458723,-0.005169429799464585,0.45109665067858284,-0.12253801745035246,-0.2632384390994963
2021-03-06,0.09267730936215347,0.12242894592967482,0.18752556887597266,-0.2798089043161833,0.06904985966764682,-0.3239149345250385,-0.01485876743814946,0.38117966912301393,-0.10774545316797493,-0.2578937995047382
2021-03-07,-0.006601540522433906,0.09921779873998245,0.2922040303810348,-0.12341779197980422,-0.005608701294008552,-0.19074401744293307,-0.02452203237962782,0.3075411871837504,-0.09297122217976558,-0.31613007842903784
2021-03-08,-0.02708014135258578,0.295525048638716,0.2952352667695348,-0.03490938007764416,0.1714325714069276,-0.238344687614774,-0.047623268254722774,0.33619110759016574,-0.1395927822659186,-0.29633280514418886
2021-03-09,-0.23889321020212412,0.20753716914897488,0.35948014215840934,-0.008345515626520337,-0.027238272775633437,-0.13103174849439347,-0.02239907169742154,0.24046954131295653,0.005323413455454945,-0.435542045803392
2021-03-10,-0.18029505718353436,0.2614399814485613,0.2636188884302333,-0.05094352937131042,-0.016701410449273653,-0.06679471210726111,-0.11148273304780736,0.14536034573403905,-0.015206801169054771,-0.5045786438679449
2021-03-11,-0.142785171849616,0.2936463844965879,0.32155521054514813,0.019861038927676915,-0.042685820639679156,-0.04463323806692115,-0.10606169185138545,0.14443398298510962,0.02683360062148059,-0.47230399585870925
2021-03-12,-0.14992380040556108,0.23145087963294056,0.31790773785911525,0.01601098667282373,-0.09571629703131494,0.004233744684727938,-0.11583934525510739,0.1087889747531788,0.042676534058488376,-0.44824336623219463
2021-03-13,-0.15052628374290486,0.23386578213386086,0.3511620703482635,-0.015887780406835132,-0.1635926735283325,0.0015952748675429405,-0.14374352320251577,0.11232093346323149,0.04732071507441592,-0.45481372470472625
2021-03-14,-0.07690987735793554,0.2617415189702041,0.34906606003492957,0.14506804290183925,-0.18236348151976822,0.10607787749293243,-0.26989268016793144,0.20932081831454555,0.1446589289314758,-0.40020039827102655
2021-03-15,-0.16390514301538295,0.3963126960097523,0.29720857395404654,0.2379378328568442,-0.039907902392550584,0.09008393388804703,-0.2700192936292159,0.2536695966433428,0.05332939870041796,-0.37149804315128854
2021-03-16,-0.16852677298604476,0.34142136004416673,0.2846035083908452,0.31185934365324497,-0.10941173272374925,0.17744737479970485,-0.29904197430044377,0.2691889418544905,0.02148781619942198,-0.3517231780380426
2021-03-17,-0.23001689847307313,0.39431274632641977,0.16146102366688606,0.3616563232831882,-0.08846798160194795,0.12776923934109685,-0.31693842417450346,0.29369132374831386,-0.058353580861865456,-0.344199577303355
2021-03-18,-0.1817561525622284,0.4493391208607396,0.15902149508583074,0.4060449365936238,-0.10114506672583458,0.13052366771313006,-0.2879070634132975,0.2673562798124588,-0.028512847235203552,-0.2815906172424454
2021-03-19,-0.18423915690015122,0.5104211420722082,0.0990820827267797,0.3817027975439953,-0.17923953590635863,0.09675666198972714,-0.2714561308174168,0.3405637490156407,0.0884391723888075,-0.21537523800969732
2021-03-20,-0.13241325409046228,0.4489505535365118,0.18036582999729264,0.34241134457091865,-0.09269730825722153,0.12031665840778219,-0.21816218501465515,0.3757475683111133,0.11367142620101844,-0.10868406344139522
2021-03-21,0.09010320615775488,0.577550231607622,0.12880725304914928,0.47032344400311515,-0.006347203979573895,0.023446071797750125,-0.151909169500921,0.30836117136993135,0.15839318016320852,-0.0025867416048230957
2021-03-22,0.022057951004925254,0.4540119494045401,-0.0758705723076176,0.5825553099513328,-0.018564291576065636,0.09357349654161189,-0.11950193678654938,0.2954913401025981,0.02488815966346448,0.09081639189905585
2021-03-23,0.07749637045893427,0.36237371705222304,-0.09200512300770032,0.6255706790053936,-0.03914164760843194,0.178726053153073,-0.09639471873086901,0.2989598450004934,0.049777638345309724,0.12418004407362539
2021-03-24,0.031774238090634746,0.4591757137300297,-0.11601485189149767,0.6114015695940967,-0.03173151293398999,0.18014506373114916,-0.16108102846609365,0.2981235979028198,0.1097189167271388,0.16255322229046434
2021-03-25,0.0454746423838336,0.48707117843488745,-0.10525643283296082,0.6390184962085262,-0.05064533072506767,0.16966806403374643,-0.17003653107269495,0.2967280056144174,0.01010593328093686,0.15023785710268486
2021-03-26,0.019650974027420613,0.5886973062887343,-0.08331625614464565,0.6033086677299366,-0.002182277629393241,0.12047765341041165,-0.16306399148232853,0.29591167972623067,-0.023377949437198873,0.15234688965527182
2021-03-27,0.04339779746448567,0.4997966257278092,-0.06699148632989294,0.5586571138618716,-0.00044936350336994516,0.1646640229350814,-0.20237628785965686,0.3567700567344883,-0.03637532472202962,0.17079712807225245
2021-03-28,0.1468446051024896,0.5371164371304848,-0.08537907147823279,0.40149144597109604,-0.0005944062123435975,0.09013045223880053,-0.24144553631798016,0.44900986193455494,0.05878284494921812,0.21746112507373536
2021-03-29,0.25001994388469717,0.3641498589837008,0.013710685016805866,0.3150164741995667,-0.0032707138328868963,0.2903905517498348,-0.26681130204112297,0.4387786501430443,0.19892573529302263,0.2445981316343907
2021-03-30,0.3036937311769245,0.4847862210311178,0.04315265119905225,0.20198118371867327,0.02239689072732357,0.25651267078975953,-0.34024052200643706,0.3922846971696653,0.16154037970626473,0.35793046332878203
2021-03-31,0.3568207688947031,0.4843708730589402,0.14681913496462057,0.19726687983073773,-0.004344628101090386,0.26535157207944227,-0.3812533809538968,0.39292217035547866,0.2787902531839071,0.4399586720735615
2021-04-01,0.3331827226069668,0.4391310129520119,0.1817091933767998,0.12387739646594471,-0.007373277491546915,0.26234008502135414,-0.3561741462951259,0.3574939022117137,0.2050794593495166,0.3913378513336087
2021-04-02,0.3294650164908237,0.4125798940149062,0.04455700292153012,0.18514577786107697,-0.004209642772457432,0.28221424951269225,-0.3848628009203129,0.4005100937842919,0.15150269382408374,0.33792633220299556
2021-04-03,0.3355938027164354,0.4404678404708089,0.06114859620449716,0.27247023566352935,0.044104649829075984,0.2868830480327096,-0.3771302993631342,0.33494113917421686,0.15896032792866374,0.28360874793216595
2021-04-04,0.34330422080337836,0.47100598258338333,0.11270451602522218,0.21596713705389187,0.020288142645535013,0.26102205077808477,-0.369406535622384,0.14325263553293033,0.03797637893173109,0.2294144247264978
2021-04-05,0.31843072291052577,0.6418408893518927,0.15989199844514307,0.22726351265791486,0.01713112917843345,0.2615410255111596,-0.3616914801238078,0.004784988499292711,0.14265695852373936,0.18852118870489673
2021-04-06,0.3589975884612032,0.6250519395270503,0.16628029421756219,0.22266911091315053,0.06836237400087197,0.30844102948492874,-0.26770112850922384,-0.08673685602020849,0.23218229516260408,0.1179142131161202
2021-04-07,0.39194858652096004,0.5795471019260325,0.25593965391748935,0.20039138412354712,0.07141660232405733,0.319689545340898,-0.16268850369452617,-0.05251975159146992,0.2187578517014993,0.09952657759406505
2021-04-08,0.36664266098354287,0.5157712524109277,0.23714181369050286,0.18393840097078895,0.12288222570982861,0.34626537624032605,-0.22472468067014223,0.028128420180564818,0.13519352893114822,0.10685465381697982
2021-04-09,0.41321113605080595,0.5007690178962078,0.2645202311935103,0.18066343490240006,0.16172387077163922,0.3651555226458981,-0.21869407449318737,-0.05527936436194166,0.028077443242526156,0.11595738926137031
2021-04-10,0.3825751630781172,0.5578240531479675,0.18444063090018606,0.23426730536297397,0.14920917050295326,0.4147575266026034,-0.24727655209064403,-0.1385238563626947,0.046298506923996646,0.10122663463914015
2021-04-11,0.3822246565804357,0.5267090293861332,0.24415501579414817,0.1934284380988616,0.1989335925690983,0.39590234180737355,-0.2888561429317401,-0.09687174014355523,0.04495169191951483,0.1520877607240709
2021-04-12,0.41589954503472387,0.5821176907999217,0.4708359126974065,0.1587908801412591,0.17429143093141206,0.37708234287812015,-0.25457029844441686,-0.055470256603439676,0.097369317714405,0.20278884100823996
2021-04-13,0.2716013644999872,0.6655434927934406,0.5537504119943104,0.17900072574796647,0.12615530882046574,0.405628044626338,-0.2175753501751272,-0.023689872093255925,0.09564120741856537,0.24134155902093968
2021-04-14,0.3273012517098333,0.5977698635010645,0.6529395893727509,0.16885107347197717,0.08406017683718629,0.48123310509016914,-0.1110872475903732,-0.022647689343268124,0.06842152204161057,0.23757444062353394
2021-04-15,0.2726581398839417,0.5191195405107628,0.6381913804280888,0.18559626494963535,0.014617088338462304,0.49651683691520576,-0.08065256205782918,0.012981009394654004,0.12737127366769416,0.3165849886332196
2021-04-16,0.2572453266467801,0.4438939803444458,0.6066705833492432,0.25556485863570133,0.04421268474508508,0.5499472346527723,-0.09036700262906956,-0.07284528179587675,0.17823275682884795,0.27725745930710893
2021-04-17,0.2689593606585256,0.534059061524841,0.579859229319826,0.30408823095444637,-0.0023454053293719807,0.5181105339205739,-0.04820049813002064,-0.1804556389568528,0.17385241405830754,0.28873674422436213
2021-04-18,0.2609839579764778,0.43704304368439156,0.5014644450068341,0.3254765890770396,-0.035010263779020646,0.4898591680364332,-0.00629225253226628,-0.31935363506294545,0.09003403433646728,0.17069500576103214
2021-04-19,0.20434929840598137,0.4126124814921659,0.4021501993661482,0.4900170999156061,-0.22752698599819643,0.3889839705198737,0.083470129435609,-0.4576630675292722,0.10626985943625869,-0.004975010476013088
2021-04-20,0.13597977604372696,0.29100494307849606,0.3785134373493159,0.6062563805970576,-0.2710546210769767,0.4146620678661806,0.21533745984402067,-0.40765461838445316,0.09297939534056535,-0.07677732448897732
2021-04-21,0.03735747923960721,0.22556554602599016,0.3843536699901755,0.6581214504024593,-0.1964771401845314,0.3631757180953063,0.25073033500721176,-0.4047811457763458,0.024856428098316584,-0.08287322783551702
2021-04-22,-0.005571866930334349,0.24367675768926228,0.3378353983292126,0.649814202680597,-0.13008977482778716,0.3500678867717412,0.23251822358692273,-0.3860557509037443,0.012841612085771462,-0.03658465052997796
2021-04-23,0.008994135009717194,0.3320857058673,0.43347898441189453,0.6013125579324023,-0.1326614051318658,0.3177838887195552,0.2276121707724899,-0.4026203497558203,0.08010208930930973,0.003584790197806057
2021-04-24,0.011782365262620439,0.26696059551280404,0.295943664389842,0.5557161057518532,-0.05896369384313823,0.27428923891166834,0.24305912590519738,-0.23179061224123632,0.043199070531063984,-0.008093016966024439
2021-04-25,-0.06123959528438633,0.21372230909952383,0.15897519982748584,0.5761936219417614,-0.03193226556826868,0.18534745585737536,0.258487224306993,-0.028938169616623502,0.07540207142799002,0.07730037105664518
2021-04-26,-0.048849699381593684,0.03552384624129583,-0.1210139149103239,0.5642245169709146,0.04482586174289057,0.12219219394330375,0.2738965347709418,0.09339838582368262,-0.08480055402306858,0.057057244739959864
2021-04-27,-0.12984351600293628,0.0405266070897579,-0.11302081022652663,0.5494344231610299,0.08900661289910039,0.02363302638122918,0.1606401780363819,0.1662722570403533,-0.10399452167611965,0.05677049549697126
2021-04-28,-0.15359116060315212,0.01980713340228617,-0.14819492202708956,0.5848789994734247,0.11231667160265897,0.04995234275925867,0.09205867861675496,0.09470075478039679,-0.02697158332571236,0.09503247867796369
2021-04-29,-0.08962965306523758,0.07215655795351672,-0.04134207037747627,0.6027914910821895,0.11215173449836016,0.021180930534892582,0.24405746683036572,0.07675131965225544,0.019035168908235454,0.08335369584833893
2021-04-30,-0.09656573755849235,0.016785855343034103,-0.007978991236874414,0.6599094387870625,0.10686124329179353,0.010576602487510725,0.21931071298780763,0.11429427104872758,0.043463901331778014,0.04187465288559208
2021-05-01,-0.0808031483022166,-0.017049328147535653,0.039717881441182185,0.6424452825497402,0.08012850793266732,-0.03750534329614293,0.2167845747169801,0.2047023995858697,-0.02620452664513561,0.024529341169091574
2021-05-02,-0.08041537439041353,-0.033046524930905305,-0.00029541706991753755,0.6472134193332553,0.06789380116674412,-0.053031930090449785,0.2142610068130734,0.18665471508338133,-0.09575680464265082,-0.05836856003541258
2021-05-03,-0.05256719705281931,0.07428205398245444,0.0376767582848738,0.6730307540149423,0.08111891255957764,-0.14710744611025922,0.1696824800788821,0.16875995865294838,-0.2096974517180955,-0.14106726841260478
2021-05-04,0.07573828909951934,-0.08155334087855419,-0.07103334824759765,0.6323795691957417,0.15892924614402593,-0.20197795221861223,0.09933557121738204,0.12950624429488738,-0.20656002022608627,-0.1768525041386138
2021-05-05,0.07833902478868508,-0.054462179301514924,-0.09590490824014623,0.589270201587986,0.21737178067660431,-0.2796383246327372,0.054629906559259714,0.20519520350060633,-0.19510804244116772,-0.1180702076008914
2021-05-06,0.11212532750547818,-0.006565569675807488,-0.09155288076043482,0.5500468360961459,0.2743327823417182,-0.24831223434379737,0.1781018970817366,0.17008733916612634,-0.19750359995124322,-0.21019779516146336
2021-05-07,0.08556311099921973,0.03581364238162144,-0.04735684217661657,0.48559023565893994,0.18301364584642352,-0.21658101672109822,0.1552368653125526,0.13611835359645658,-0.20486745701619988,-0.27794569491557874
2021-05-08,0.03984786442124279,-0.0335908628220975,-0.07903170743608885,0.436641653885279,0.3425275268993051,-0.21919686736833863,0.19161135955374395,0.12426332897631909,-0.158846626811808,-0.2981948343482934
2021-05-09,0.13634949801425938,-0.02674957244977175,-0.05901059644019936,0.45897631658853494,0.47025321907601675,-0.2947649008772316,0.3548458100450282,0.11245868904036999,-0.22795693649913812,-0.21715229108816816
2021-05-10,0.18188402707380819,-0.12892274937416848,0.049980365165512027,0.3394503578757061,0.4892418087733579,-0.22279319301183578,0.46886847531978826,0.10070393366359295,-0.1563049499138017,-0.06307746807255925
2021-05-11,0.15220386658341306,-0.032320370220456904,0.02159028755495994,0.3114868016696696,0.5317485563818731,-0.2085269301112127,0.3866624146816647,0.03800755928289469,-0.20888691061147013,-0.029600939830399183
2021-05-12,0.2055473878684238,-0.009521748283822618,-0.0801583977590605,0.3162741999305411,0.5084481102247965,-0.18676700652708306,0.4634432398079472,0.04374113502243425,-0.25873124290625094,-0.019741820023861108
2021-05-13,0.25621229630727493,-0.03578345860362031,-0.07269071543617762,0.2863231566590055,0.551640478024183,-0.17236832207538183,0.5149235892877749,0.09336761444683155,-0.21347977544311267,-0.02656664899340994
2021-05-14,0.19549749902961278,0.0530253970734917,-0.08257293299025581,0.2612464403604581,0.5278641388509977,-0.1648305951471656,0.5563321062722684,0.06752832693634359,-0.28366989138059756,-0.015407131695690756
2021-05-15,0.13115959937464197,0.0026957003550857114,-0.06566026629346577,0.2513430960274544,0.4725322821750109,-0.1706227684837384,0.5614746771118082,-0.08201370818002192,-0.29809933162869634,0.04145291419124473
2021-05-16,0.06692886024368444,-0.08395919890417736,0.0025685533958625093,0.003703201043759123,0.3431768703697668,-0.16958810002329078,0.566610006844015,-0.23084593905135112,-0.34582888400857403,0.0011670124926546805
2021-05-17,0.06828150883953518,-0.14812578929921139,0.12786135573649463,-0.0038328386345771737,0.20385075323037705,-0.25864660605788653,0.6454647892634304,-0.2996516189246722,-0.30396328682856283,0.025917138351455277
2021-05-18,0.12586088522852557,-0.1789155822845342,0.1729674720103532,0.04415759516667792,0.12921523441296762,-0.23026469298791905,0.7011676306776963,-0.319474554000249,-0.3644789544985331,0.05120100721733919
2021-05-19,0.09782502327602267,-0.16662689105602188,0.12348655568780746,0.06648395125748167,0.09475649632271203,-0.2588156039506519,0.6878549881508674,-0.33924605745283,-0.27345660623535845,0.03634229227206796
2021-05-20,0.05980221274323571,-0.18296407772905848,0.0352909406460429,0.07653483982364495,0.00945391136326168,-0.23926881769573355,0.5624815842290254,-0.3286998489750431,-0.36192602918314554,0.11903256877589044
2021-05-21,0.044676067521762564,-0.14658241149435908,0.047883960551453865,0.0490861482650388,0.042756913042412345,-0.18907458246056935,0.5512857660436492,-0.2962358900397815,-0.31215013572484474,0.12852326839961511
2021-05-22,0.0799656312219957,-0.14284618021390383,0.016469877634433132,0.012809141509868185,0.09270335261948578,-0.09801384893987902,0.5514831632939796,-0.31676151188106483,-0.21750919495153806,0.16540750266052445
2021-05-23,0.13497380961087255,-0.09988810256806746,-0.01102968869349737,-0.08160245731651429,0.05471031102008382,0.050438200317058646,0.5516802159199755,-0.3536893062782901,-0.17494332152026026,0.20224818959964552
2021-05-24,0.07002675512192721,-0.14241108918165657,-0.15810197159950884,-0.18555000418499784,0.09987585414719866,0.07878160782396873,0.5903822672615805,-0.4216769358531377,-0.11357296432971858,0.2390454838888898
2021-05-25,0.10047494610551432,-0.042407674881397815,-0.10143668411734354,-0.24109802232729885,0.052695500667173024,0.08434590457406056,0.6563055992205624,-0.3986411707882097,-0.05318178662939625,0.22605710886486147
2021-05-26,0.10065652352306864,-0.029240810854780384,-0.09971669722728604,-0.2093316549728986,0.06243168543807412,0.04714586750072029,0.6485464417651873,-0.3337786416126526,-0.1084927679053867,0.19534759108323674
2021-05-27,0.054068085461973926,-0.02944931604315622,-0.05240409707900009,-0.20904039025393978,0.020835643693139606,0.044653798037459384,0.4645867347822635,-0.2868548390556131,-0.03429343064033346,0.2600941208847334
2021-05-28,0.15710027868460164,0.02180445360102217,-0.08589273840145883,-0.23267246018180238,0.08841678455689339,-0.012024489278100778,0.5112707112069973,-0.2846161416006773,-0.03243954266329965,0.3378140620128804
2021-05-29,0.23844224683574633,0.10871716600113872,-0.11296884520844633,-0.22020175660954325,0.02374703767584164,-0.008921894912370876,0.5105881413518721,-0.17586076256894564,-0.05534737186646802,0.3414902278314405
2021-05-30,0.2509145895126085,0.21677504841818948,0.013431569981246247,-0.28795434423140714,-0.03388147295666952,0.16919908821498178,0.47554826846938414,-0.12415841783583845,0.008153335804476433,0.34516219079222754
2021-05-31,0.25181205916029825,0.28266720633733894,-0.045934586413282325,-0.3092348579557851,0.07821816890917749,0.036208507476028315,0.44112627626621387,-0.07259235583315013,-0.1661557085582261,0.2923215606245561
2021-06-01,0.358125710081175,0.27858543179222856,-0.099023239826462,-0.27552041453727144,0.15491812270339678,0.12029648293561619,0.560097906553876,-0.02116154524760283,-0.12104340540251345,0.28252215765055305
2021-06-02,0.33784802267215414,0.34497084324857225,-0.02866104937531701,-0.2722660562715865,0.19653337256800926,0.11551636729517376,0.5160401384434978,-0.022979126795923347,-0.09768236995065782,0.26180326864961423
2021-06-03,0.34901558380634345,0.40590516881321603,0.006155696279712443,-0.23908435140486098,0.06728156054050127,0.1280674160714088,0.41101747512906733,0.051438084957574216,-0.1170990829150202,0.2891263399418955
2021-06-04,0.4433629202513413,0.3166746732190359,0.04234413948480496,-0.24773397959251162,0.13296509072718785,0.12768046255431692,0.3954671126873424,0.08361911991747992,-0.08913517272207451,0.21495424295959437
2021-06-05,0.5460308216523238,0.37479668875064476,0.07653938856887302,-0.2242240406510032,0.05779311056468525,0.199851212133298,0.33441983973329725,0.19340850836726253,-0.030245054220996385,0.25095783139973954
2021-06-06,0.6405810926072448,0.5728528804778887,0.059323555034076186,-0.0264091151549073,0.06622516356306607,0.3072073184052441,0.33234810234715473,0.3029374132794868,0.08583887825299016,0.286769192053139
2021-06-07,0.5948687273980559,0.5510611727710203,0.09735687740409775,-0.09580804839427498,-0.02507154666679658,0.4493379184610089,0.2565542012670344,0.4122077312635481,0.1809942795681263,0.32239063939156604
2021-06-08,0.5369127787245598,0.5694000343133977,-0.011009699013799504,-0.1738321393656709,-0.039079056173482916,0.4408528850873092,0.23276142529279678,0.5593093536463262,0.26911928454195816,0.4291567921644823
2021-06-09,0.6266551364870233,0.5495286141394656,0.08694146665242707,-0.19676639387055375,-0.049253101778724245,0.45996380702055706,0.26817391199761365,0.7057867473584668,0.21932245328368058,0.40954002722138066
2021-06-10,0.5803644934881884,0.539556468416927,0.1286009221392211,-0.14157915721056283,0.0025515270694810815,0.46933895756166394,0.2729636068732254,0.6353301655715451,0.30923609376932015,0.3301389996883349
2021-06-11,0.5855007833582532,0.493940019578526,0.07616633010128455,-0.14312030804520814,-0.018876356850401364,0.4944131039671814,0.2723043760000933,0.5979016350100659,0.2550344379118064,0.28471653391965795
2021-06-12,0.6115214384710138,0.474508356871525,0.07832810366059857,-0.03368559641772753,-0.07846135639607274,0.5174087046959043,0.2763118257602402,0.5275744788359367,0.14093847840926607,0.21175000840339056
2021-06-13,0.4565256203938163,0.48192698272267576,0.08048603645275833,-0.009760024924076547,-0.16793360674476956,0.48240045521124986,0.2803153436257793,0.44265276278818516,0.16988189305627605,0.1913465295620767
2021-06-14,0.4232634233502115,0.2598676712773072,0.22245099321645487,-0.02724249287948885,-0.22488955526701154,0.6454134328715054,0.2458095992925085,0.38910673673674717,0.20471705344552574,0.2033682010242134
2021-06-15,0.3785091745953692,0.31912616835941654,0.25713130810520723,-0.012996338547495575,-0.12319650161162726,0.5717918099593645,0.2901191195035295,0.29042628148008903,0.10929470055989993,0.19957076704885723
2021-06-16,0.3192702068483611,0.3178077125129331,0.2747367062098644,-0.027181006947493418,-0.10489578430359008,0.5650605845919258,0.3376811748942747,0.12190329397783138,0.11424480002410255,0.2668062849270038
2021-06-17,0.375710362044811,0.30814107022972986,0.28405279080174645,-0.017889466820875503,-0.1281086205152695,0.6020335534654586,0.3369945609674217,0.1237880928382088,0.021334395461304567,0.18640530296165053
2021-06-18,0.4040059314655735,0.2875620422229221,0.26776286977556696,-0.009156590280410323,-0.11016427356676903,0.5600556770278069,0.28060866051609396,0.1987349133604789,-0.04574441527358534,0.18428385827514124
2021-06-19,0.31845032965176256,0.28970273386491796,0.30353146924803937,-0.031769984681738965,-0.057357114868571854,0.5886846513226828,0.27445062906720286,0.14133136514006278,-0.07281372773163064,0.13139471327032193
2021-06-20,0.09241145906652555,0.12436188298899228,0.23864132751430803,0.10415883285537975,-0.04136917482841681,0.38989281895268524,0.1757365072429994,0.14084378171226594,-0.13590943330111563,0.17316524395874316
2021-06-21,0.015452712062964962,0.16489099534529375,0.31465354065970974,0.1892122603055887,-0.0009638617780095718,0.5267709072843018,0.02914713046911273,0.140356455672302,-0.10819022296550578,0.16435607948663944
2021-06-22,0.05415118784536262,0.06812497938166429,0.3806565233353198,0.16730732206002602,-0.04514459338589349,0.48582667767465865,-0.10005682583868157,0.1398693868884036,-0.06940293541610998,0.11053509912535227
2021-06-23,-0.010009368340686362,-0.0249881669558476,0.37691239051287756,0.12088364466088491,-0.03570108838164389,0.43555383023999894,-0.12579215714478767,0.17936924283075883,-0.06826268668742275,0.06774143557671783
2021-06-24,-0.055875098204611555,-0.04974378061536565,0.421652849338263,0.14992011983158662,0.04937101951811962,0.41060776544613825,-0.12273797044738455,0.1323925693412394,-0.05163417725371231,-0.053042392116736996
2021-06-25,-0.188663412104314,-0.08653203746875834,0.4028662936603941,0.22805577834940513,0.01704460921818317,0.4080872685246208,-0.1632512887087898,0.09798072549256276,-0.005613123671115254,0.03793529179232781
2021-06-26,-0.24800324706255383,-0.09839238150937109,0.44241009285207306,0.15803057724486033,0.07211266083394917,0.37346949023232473,-0.13691861604388747,0.06187523727198049,0.09346717219377332,0.059540396442426126
2021-06-27,-0.26197187452206866,-0.2750804995180328,0.5166190071749426,0.08562764013457717,0.008173539007897888,0.39148575021405824,-0.19596402474757543,0.025908551542085673,0.05437775133678038,0.08093540522938826
2021-06-28,-0.24816663440143638,-0.19466039488592776,0.47652797312327977,0.06770235953249415,-0.05499236042778893,0.45063541375505395,-0.2549286962605005,-0.009920604446917437,0.03609417243316582,0.03481670548274164
2021-06-29,-0.14628682827704387,-0.2328933609185183,0.5768734288700292,0.09235858440654077,0.028209779042797017,0.43959080871456185,-0.288103347074686,-0.1454240845416803,-0.010267993739971866,-0.017513224663970792
2021-06-30,-0.20337257154316402,-0.2553633681650894,0.6311199915310622,0.11652036408777997,0.019921091523793087,0.47263705315105725,-0.34253903417389536,-0.2927024373816317,-0.01368490943924583,-0.000668468567820711
2021-07-01,-0.11743087087919435,-0.26810354394730246,0.6175842324411294,0.045297643731005054,0.02600666194851573,0.4527208091786112,-0.33674917289089173,-0.19894890911903193,-0.00690936860706607,0.02279060502751213
2021-07-02,-0.0863437579191826,-0.25306739411130397,0.644155503472786,0.06458924120411852,-0.01992397652354406,0.43772031080622587,-0.32208679151746517,-0.12364593387034811,-0.009740268824784137,0.049034645476918805
2021-07-03,-0.177473664231269,-0.1537620776218942,0.6948231308676212,0.04560828287874831,0.12014344086911982,0.3343228351590377,-0.29681545158928047,-0.004920564475922896,-0.03579078286030249,0.1558902672578123
2021-07-04,-0.005817329075158872,-0.26695207187538106,0.7454270799338311,0.0647707427768536,0.1273469692209209,0.2182038180450355,-0.2715741525696535,0.128209723276262,-0.04000498655959165,0.21010813163593534
2021-07-05,0.0038268005390485285,-0.15932001990590686,0.7115182664695644,0.09885382129668259,0.08700642030666543,0.16044388958357406,-0.23242102020001015,0.260972448506686,-0.07517956860390768,0.23182658851571553
2021-07-06,-0.03187309327640536,-0.17958797339926705,0.7278923030943822,0.1220676941633517,0.12581567349888592,0.2789335560023934,-0.32948931114254193,0.3786784333228305,0.06936301711151256,0.28430666652721176
2021-07-07,-0.05223660282941117,-0.23989657375131598,0.6258249066011757,0.05627374385778593,0.03314486174179368,0.26947162060280594,-0.3472757451278764,0.46264004198689856,0.13188602118902606,0.20622187945983342
2021-07-08,-0.11212575696583818,-0.20339533756745048,0.5568861581906149,0.05230194369993518,0.13337344353465885,0.25958165448123727,-0.3470678215115256,0.5032612726441025,0.20670930071124852,0.2627465922946564
2021-07-09,-0.15305662995968747,-0.25020125480331695,0.5785869387569343,0.06498306314773517,0.10561470119851138,0.3147400044943528,-0.3981146816458888,0.437291494249414,0.2801508766653932,0.31540054219029057
2021-07-10,-0.09689177814663771,-0.2918738710877105,0.6262663698416657,0.0948890221993461,0.0195246192153476,0.2780343705081405,-0.4518814977203699,0.3710632208232422,0.314587023773731,0.341151028949116
2021-07-11,-0.059013225308184925,-0.035449432061046,0.6210412141019639,0.04645297731077612,-0.03308686064587358,0.31272187919581546,-0.5055144625155295,0.30504380136993464,0.32097944445579574,0.17746186598891503
2021-07-12,-0.05885401932922122,-0.022130478564232715,0.5715876306599764,-0.01972141074811472,-0.17140094373248052,0.2717029857908125,-0.5107073694510675,0.2392313525162304,0.42073185045479067,0.23342803704368614
2021-07-13,-0.0953984241013374,0.05581915888143877,0.6063975169777195,-0.0014462190683037976,-0.1853832958390542,0.24607954531403597,-0.3766104877662238,0.1995650514475297,0.4355213705991838,0.24956802030697883
2021-07-14,-0.021571642061045452,0.12756699317768957,0.5746763728221855,0.05262210259880728,-0.24249291403658216,0.27414680160117333,-0.41768416917087475,0.1736575693280048,0.4943192405988007,0.2724057184217818
2021-07-15,-0.013101595215096275,0.12551491884957985,0.5048304337160316,0.03869168900729935,-0.24992040492649528,0.3274836369107227,-0.42020847257028343,0.10421624338014676,0.45414718146880684,0.3637092855529535
2021-07-16,0.006048501798743553,0.08833861876361204,0.4844068361702013,-0.04740454938512046,-0.28846694043253013,0.30696224610146555,-0.3976651445187303,0.1061780412923015,0.40423871714396487,0.21241466139883314
2021-07-17,-0.027678948667284476,0.10601534151215528,0.44166429408830593,0.007510751085961091,-0.1633670934739063,0.2886593055404224,-0.380805575850464,0.032216294185687756,0.2541166373858236,0.10046663899458773
2021-07-18,-0.03805216798445692,0.06286911567583348,0.3642599769213362,0.11109717025527714,-0.12989715832321722,0.254454084600605,-0.33751923121992455,-0.041632509621899294,0.22206347973988486,-0.010996147421775364
2021-07-19,0.011887405962074863,-0.013077473603848568,0.401158937841319,0.14061760360678588,0.017232013832151595,0.14139852342855153,-0.29429398941872076,0.0014342427894518753,0.16360831641319734,-0.0984950624300699
2021-07-20,-0.03363821655256668,0.02940028358463619,0.3228834162800925,0.11419001424367077,-0.031078106853880332,0.17782238816711105,-0.2987341405483186,-0.01601838161956723,0.09834128685724895,-0.1631925561119671
2021-07-21,-0.024624437537425412,0.08545551934007206,0.2671657570794872,0.07796648859325073,-0.04599644240443311,0.1098481825639628,-0.27498052103983156,-0.015663155403330298,0.041388845115603576,-0.15882477432349348
2021-07-22,-0.11704131992351352,0.08973476770599771,0.30764382943667645,0.11967514076056326,-0.10579757909757899,0.12313039691618939,-0.26716433834186826,-0.10879736698140938,0.03446439281339134,-0.25020096569387507
2021-07-23,-0.14273443228526755,0.09660069927045309,0.30239904645538085,0.12800142896938077,-0.10650228299791922,0.07725098542402306,-0.2411545987596347,-0.18819603630353626,0.018348459509840653,-0.2557253947117155
2021-07-24,-0.11263324564989775,0.005797072802390795,0.3498760417448183,0.09679521445130934,-0.25851445491953845,0.15249080376514065,-0.26538843635589704,-0.27807121061323886,0.028110832635726328,-0.26918193987385236
2021-07-25,-0.2810045574992685,0.05572189934723375,0.3995661079243015,0.06109809360834733,-0.10952761318952499,0.17550422801581492,-0.2508235646307489,-0.28275090320383783,-0.15598133950238807,-0.28767407786681515
2021-07-26,-0.29389005487308406,0.060699496831522884,0.2891633413954723,0.06267415325768008,0.06216439291577711,0.08247386887745736,-0.25023105012506985,-0.28739198952173933,-0.10818399240664156,-0.29951635903192136
2021-07-27,-0.2529863317705399,0.01497091530275743,0.1650545065840406,0.06218826988668542,0.023434740737116804,-0.010200738312710305,-0.22545082047776602,-0.2919950081346386,-0.23457105972455372,-0.3189062149427226
2021-07-28,-0.1927943802142539,0.039360629795272516,0.2115141463204314,0.13868056750173882,0.0037810018889915266,0.04086156513991267,-0.2415043575402749,-0.23497155095354336,-0.26337662786274596,-0.36049527723616837
2021-07-29,-0.1177778277371176,0.06259286778501116,0.22712153791178658,0.1328086170506743,-0.04626894564957406,0.028744920061817798,-0.19896020170849998,-0.26676995910105517,-0.32997734366557835,-0.4163030144079699
2021-07-30,-0.13718408202362498,0.1270737206910489,0.21134783164742926,0.19821561788108588,-0.07324502538378745,0.03778558757960225,-0.11281862167991961,-0.2800060268691259,-0.3354319490997475,-0.5026438104054891
2021-07-31,-0.20342962951706461,0.07451303130378358,0.19101848924132975,0.2626656059690147,-0.05428556104740017,0.04903942853058019,-0.026294971527570595,-0.2532616928058853,-0.2901090688998968,-0.49319016524379267
2021-08-01,-0.20343461870086266,-0.06148872700127236,0.15991411278174353,0.3552030684343159,-0.007155888507578587,0.044385855033985025,0.06005887596299782,-0.15802939613704878,-0.19775500143690095,-0.4272744643960073
2021-08-02,-0.20344235901999594,-0.037551960291864625,0.20586600279285355,0.41039338365098577,0.08899696916317987,0.03475555319838934,0.1462439949971694,-0.06303444915883608,-0.27935708647827606,-0.4369789025502924
2021-08-03,-0.2508683683366649,-0.053990438605349876,0.1302206165214716,0.4594536511630318,0.09269004557706276,0.003551251012874005,0.012237874128960338,-0.011293877266494865,-0.3532426488693106,-0.35587785612432643
2021-08-04,-0.25567640064283015,-0.034274961374795056,0.2157840826559273,0.45884397373601216,0.1480837162431667,0.035040751014935534,0.09673128365472432,-0.05223307542120576,-0.4016502219464689,-0.27117882041286856
2021-08-05,-0.23165178564046288,-0.0641367956501537,0.16980751783523834,0.44344592192538795,0.114192268574045,0.024600488764686023,0.11555425283586229,-0.07747938054899998,-0.39389100414515793,-0.30014477545664126
2021-08-06,-0.1953335651121939,0.012508667459623767,0.19587739001772272,0.44906048132441406,0.15899894827305852,0.07595707436663365,0.07197329686128945,-0.07736535810133507,-0.3697447350990472,-0.18061164483200068
2021-08-07,-0.16183189166019982,0.026779896553625754,0.15881483140054337,0.3999616557346934,0.06851586195460349,0.05442476897958941,0.10684039308025943,-0.01995774133214621,-0.37311470663910673,-0.19255656098881344
2021-08-08,-0.07773559206512497,0.18798515676509833,0.16400802559808925,0.390344259313408,0.23103224625621013,-0.011699141760200694,0.1416525666975199,-0.039553178781060495,-0.4155839898522068,-0.13294574888155003
2021-08-09,-0.032877715013545646,0.19833810451535203,0.2982221140500584,0.45995822442811923,0.3539555160671786,0.13582100797570607,0.17641006985237326,-0.1300208273331858,-0.3381951995279298,-0.029601054116924937
2021-08-10,-0.043146385729770045,0.18361419169574042,0.3139931571525684,0.5040358708038275,0.315578428045556,0.10996750306168417,0.21395158578317158,-0.09000026706317325,-0.2579011486818885,-0.019890243375757764
2021-08-11,-0.09297249123460795,0.15393534488494823,0.24895594337175922,0.4824809738779531,0.3307668324582515,0.15418066966852606,0.21865144472975326,0.01207704244767224,-0.25329664977779914,-0.033934103351077036
2021-08-12,-0.06379976750026049,0.1810254257008344,0.21606062200058584,0.43628245798783105,0.413180292758621,0.10893697915349272,0.16668990396559855,0.09591866832316247,-0.30296289923906516,-0.005946946307442678
2021-08-13,-0.025902050499096448,0.15700402017012077,0.16714212284972843,0.43690384479218236,0.441318613683675,0.1615750235016494,0.199179932350562,0.17672564987574357,-0.22424867895729475,-0.0145485266463038
2021-08-14,0.01814469022825226,0.2412960219931423,0.0998758146575504,0.411586868556153,0.48694594615333964,0.06758750605098789,0.19884839388976797,0.2573658925349743,-0.16467550648800686,-0.06090162808160547
2021-08-15,0.11400215978734973,0.1832896759839709,0.030429238808262607,0.4375812918550947,0.4055687971717451,-0.193630428352977,0.15974766551632674,0.2528817596980761,0.024148109045340715,-0.1481298877599774
2021-08-16,0.12672888961433804,0.15563732659756088,0.07827725454580739,0.40009978846935484,0.276560671303228,-0.10103268110305942,0.2330103411550017,0.24842918517427667,-0.02360738948418582,-0.17313932450190853
2021-08-17,0.09895008090835342,0.16479101711156124,0.09195613257162698,0.4107109556936723,0.21054161337932834,-0.022030743957340716,0.18379393115108106,0.196174706300667,-0.03736103013817513,-0.16789569053169742
2021-08-18,0.07990379304548109,0.16750869662489587,0.09228343426336293,0.39411038162702916,0.30330776100690504,0.004201517017313717,0.21863105374478606,0.1393412261238444,-0.06518215190722357,-0.11112686217619176
2021-08-19,-0.01328826831411171,0.11328022921592056,0.06058576728960631,0.4096049351694643,0.3490662601987389,-0.0851985185880961,0.2497534050527546,0.18853541141597283,-0.007070366704160132,-0.05448102079177404
2021-08-20,-0.04512153393870495,0.08772364461140808,0.05927189075496243,0.39056191505479937,0.3252685423336947,-0.12282591959157173,0.1817902609414283,0.3055272083409747,-0.05420660892547008,-0.04081045647386583
2021-08-21,-0.047215716203321385,0.1604788001429682,-0.06231458498102164,0.24051678105648025,0.35591762921087744,-0.18569253332767666,0.12192782148164685,0.41400073713993374,-0.15722810537870233,0.02331544492944965
2021-08-22,0.06797258452374655,0.17506357800399686,-0.17262842184651572,0.08101854225573771,0.3158690828763528,-0.2514364589113955,0.062137007946101185,0.4536280332882433,-0.25594188249856514,-0.02859797741086773
2021-08-23,0.18290154012267726,0.21333718265241441,-0.3167380530710221,0.09465742721058618,0.31281643046098495,-0.3364075585742882,0.06835201117599693,0.49313728936185697,-0.22401590358049225,-0.19029473617978843
2021-08-24,0.2223388352664574,0.15363633433457244,-0.21432406256580788,0.010395723790459836,0.2336892493734042,-0.26848034498737977,0.029084996697898897,0.4211882276262009,-0.2007018389841924,-0.254361740820316
2021-08-25,0.2981687041982814,0.07715575907043444,-0.298343824610176,-0.03071577959688453,0.21959048711125928,-0.2150621935360724,-0.017581888237272216,0.5323584243065627,-0.2121165816461725,-0.3535626973631709
2021-08-26,0.35868103097181503,0.1326203542917804,-0.28255278582227344,-0.00965831357400174,0.18947507354579307,-0.20970267776550816,-0.03712545969648308,0.5893388532574962,-0.20977983403384476,-0.38625351353550463
2021-08-27,0.39243260008144043,0.06867450140005153,-0.3059458921429413,-0.02128730508118115,0.2263297842372656,-0.2765844346783898,0.026991283986270476,0.6462340758606909,-0.15761554253558802,-0.4420566485599698
2021-08-28,0.4883023453098117,0.028151600211779596,-0.28374526064372074,0.019874394795855305,0.25333549453409454,-0.18875173827187292,0.0022543765144089145,0.6122977328908522,-0.17697125442593306,-0.47301649561870673
2021-08-29,0.24422056458036345,-0.127042216546976,-0.32547630604312106,0.04795265276434875,0.2334135993191178,-0.1920696040525433,-0.022437009161576003,0.6553089671792474,-0.08577522506208483,-0.5754318075777397
2021-08-30,0.27787294436583804,0.0345697243202472,-0.4493260082403702,0.07584934362046586,0.19641707380475426,-0.2472702102414498,-0.047083099058762595,0.7369155132513335,-0.07800729944310543,-0.6776591134235114
2021-08-31,0.2611960944997338,0.06038182805405581,-0.4311334034705072,0.021201923677274845,0.2347733883427597,-0.26009095624636747,-0.0306758077827968,0.663263297693392,-0.006999227172331252,-0.6561696983159999
2021-09-01,0.2745723713524463,0.06924568835932,-0.41296321693527377,0.04574574666318253,0.22881261203224143,-0.16556610511809927,-0.024828514048086444,0.6185620715313577,-0.032949658474537916,-0.7361218416683952
2021-09-02,0.2790149366094724,0.15596274564299564,-0.4392684228157818,0.055529790013145126,0.1768983387019493,-0.14300654311413416,0.013270273971962433,0.639735151807702,-0.03600147177458759,-0.7146742236148986
2021-09-03,0.24679868790273213,0.11805077320533656,-0.3393655532690887,0.06461316554193341,0.1835238214310005,-0.18827302924088793,-0.06015595006938471,0.6355353957658634,-0.046580272048010324,-0.6683931783402153
2021-09-04,0.23956492953355743,0.08912346981276184,-0.36796330285439444,0.07825161371071293,0.18187211816574772,-0.22508520044837507,-0.09935713031499842,0.5352932059789952,-0.019984076224523025,-0.644672664662805
2021-09-05,0.2570677963700931,0.07897189745495822,-0.3965352103790306,0.22367620637614014,0.2715429353438349,0.07007924321770424,-0.00017508393481488075,0.5041154448495023,0.0017915352086625767,-0.5749616978965971
2021-09-06,0.3639721662183429,0.13260859960052895,-0.4841048365303625,0.33745162343172275,0.1245376404791005,0.09943549134116497,-0.013742172692915645,0.5273228198901322,0.1580623330732165,-0.5625136509924156
2021-09-07,0.3505500187384132,0.05220454738394429,-0.39728936543497284,0.3211003569828157,-0.014305067539120605,-0.02412172158671151,0.12379302849408777,0.4654831985762021,0.12772090402856134,-0.5727060527450369
2021-09-08,0.4007660980440621,0.07310506629239603,-0.38915486328078247,0.27098583612512583,-0.0411135374616919,-0.0070271114741858294,0.04608611378426444,0.4646512962177245,0.17461448328456466,-0.6035623285349343
2021-09-09,0.4606984458286372,0.10225621940684006,-0.35532281986928577,0.286765879268707,-0.13022971049753135,0.10656350197466334,-0.05777412836227662,0.41594611975627477,0.09999510872876172,-0.6591864268048359
2021-09-10,0.41677776156553165,0.08733913112567877,-0.29580676150196944,0.2169059943118117,-0.11820344913406873,0.12545608447939602,-0.042030052157438096,0.311952549454572,0.13217543059356132,-0.7147010720500502
2021-09-11,0.44986023018941845,0.06719311726922488,-0.20791364205831905,0.21731486286045074,-0.17706688901543696,0.1763551307626109,-0.04626221899776915,0.252978319502188,0.101027486875699,-0.7280130636466885
2021-09-12,0.46649991268999647,0.11941550393584045,-0.010752664757243251,0.2799997442191127,-0.03748823430680768,0.3029940601844032,-0.050486668632641445,0.201898327140063,0.11488736072546364,-0.5400787278821689
2021-09-13,0.43963906883132076,0.2620681626175421,-0.030031681617755542,0.19368687010709373,0.035168095519963395,0.5359475496422959,-0.1206378874553821,0.15095104740308046,0.1722573552056598,-0.35297794246422876
2021-09-14,0.4547105880625014,0.26294729373630393,-0.10038217555899522,0.19059544115495153,0.07746802135150654,0.43874274088512866,-0.04465731835755399,0.15305239985928376,0.14326483477453533,-0.394402389914197
2021-09-15,0.3725151765550769,0.3012109157512607,-0.10990728947133119,0.18781048353191915,0.11113200954372948,0.38858768717169784,-0.043074001316371166,0.08994564119509854,0.18688131228372984,-0.3937647383231663
2021-09-16,0.28467460964686,0.22975796434545928,-0.1201766414647758,0.20873553040643875,0.16406067339415398,0.33233864099022636,-0.04149594334006764,0.05495191936489156,0.20944268360939072,-0.3052383741506957
2021-09-17,0.25120490630625897,0.19439259533842682,-0.16902360870305969,0.2647182907316915,0.18320711605848472,0.34117846363812043,-0.034400963470200795,0.021110103624685767,0.17389958242979173,-0.2514538966718986
2021-09-18,0.15418201230977907,0.27331044349494876,-0.15655029253236735,0.2590215812773533,0.07347990790922397,0.22739917812894309,-0.024270462993489502,0.058586014005483786,0.18717322082547358,-0.31145115539428325
2021-09-19,0.2969771391550206,0.30703391957849996,-0.12239889361776994,0.14720433938839877,-0.13664545537073364,0.20481297840730694,-0.01415236149820186,0.15088750531087033,0.18017281024143675,-0.2677335285658559
2021-09-20,0.19115789354852955,0.21301768832902016,-0.16919523245417925,-0.06702354886959594,-0.34631732405450694,0.20416061666314356,-0.004046615274622171,0.04170824899993318,0.06682462328780468,-0.19839991330715656
2021-09-21,0.28684009573619934,0.21578002315654063,-0.16897444541751966,-0.0889745680432952,-0.3324154426959426,0.15853666194077998,0.016599986861165268,0.11688177961354385,0.03304098106997587,-0.1754937389018929
2021-09-22,0.3097577010294007,0.22164572510325417,-0.1578918554356324,-0.14549291464856914,-0.28027900154818763,0.011335567533346837,-0.10149890708480569,0.09993452920548714,0.05061949038304616,-0.0596793529265802
2021-09-23,0.3246042800545665,0.20155887807764844,-0.14840702978293288,-0.15063667146242082,-0.29023660840381593,0.032036824670159836,-0.0775311373745895,0.06675674884840481,0.09879903395109031,0.06130401565442391
2021-09-24,0.32003711436208554,0.29521419792535303,-0.21358089589479198,-0.24623906177453872,-0.23966681942242668,0.09049024300057933,0.0009251641120785205,-0.03951119102508026,0.010026073377676612,0.07703608143815772
2021-09-25,0.23384749413565878,0.20740944329626468,-0.21498177018902823,-0.2590037481681272,-0.29952038526449476,0.11717749889346717,0.020677841501973833,-0.04951422767204867,-0.0037920013139423137,0.08024890581529319
2021-09-26,0.21531106239507292,0.2930313891602197,-0.11901463851813072,-0.47780543396962294,-0.4616371006793586,0.07882062888392947,0.020076637912139622,0.03176818588095828,-0.08218910235056485,0.0545647310800686
2021-09-27,0.21311572618173624,0.25799300315483864,-0.1065441900433485,-0.5094406112283798,-0.18664696356741595,0.133290129037909,0.019496921243683487,-0.007435152425953564,-0.1366349420635383,0.07590317829083625
2021-09-28,0.2927621221143215,0.2947432214666443,-0.1869068908215457,-0.4663921019762106,-0.015404098434411055,0.1961254661956239,-0.1178788992424381,0.020592032044121456,-0.09987542170355515,0.074754048512348
2021-09-29,0.23152561049002415,0.2501837913035316,-0.1876880363984154,-0.3895360734275118,-0.012348174145921435,0.18961364485015555,-0.11759107337409722,0.06452995600737828,-0.13982641714131658,0.04645938519731231
2021-09-30,0.1757676454841945,0.2550131236296081,-0.1688031181013565,-0.4326532449388973,0.052841514580729,0.13496141542218731,-0.0873829218703395,0.005710321817587375,-0.10875862898591648,0.09678310778246149
2021-10-01,0.22118431216443626,0.2592315080660813,-0.19515743834925997,-0.39847830715983124,0.06623367116830829,0.13955715354099624,-0.03496596548293284,0.06315213241283159,-0.11003721567778924,0.07904549684848192
2021-10-02,0.23202219414605724,0.2594841230087299,-0.17635650159898913,-0.3194482247962404,0.07532952795967159,0.2226217911543834,-0.03485700449932881,0.012457908209995795,-0.12102103773529488,-0.005059491907042336
2021-10-03,0.15874618147177055,0.2890676610520374,-0.23123842876584103,-0.24558320818267468,-0.01745836305645615,0.22960720926615122,-0.03474990697963274,-0.045915154595452944,-0.006610381746953841,-0.12879687952547222
2021-10-04,0.1291451067711479,0.10775450516172806,-0.06598763415118203,-0.2639541181376308,-0.12364693905346331,0.16749967558437218,-0.03464465909927124,-0.1726206928215007,-0.04507896961652831,-0.3196535630869177
2021-10-05,0.07204838345645759,0.1854590590568112,-0.04194258289721938,-0.2834997792007211,-0.11156402249917272,0.2356937534872839,-0.07120589550753025,-0.15504429044529772,-0.012296887697570272,-0.20519358726724277
2021-10-06,0.0654209282562999,0.16453644570528303,-0.001615589152648499,-0.2857045353045682,-0.17136850169899132,0.2697109740160772,-0.07399066189860186,-0.11531100156949933,-0.04608499974443425,-0.26077183168796436
2021-10-07,0.06201414245974755,0.23262260515680083,0.044305363271883745,-0.330577873013886,-0.21963826335912362,0.1774496025245424,-0.03171310240104652,-0.09061595818200827,-0.055476495957951816,-0.3888682350070886
2021-10-08,0.10181834088576894,0.2345705089992522,0.12034017281919854,-0.3547454830802988,-0.26497432858775144,0.23561841840395795,-0.047134859959949,-0.11435753876564365,-0.08566133743095658,-0.3126895121494582
2021-10-09,0.08059551875714535,0.21174675586571187,0.10565024709848395,-0.3369244351209349,-0.2224892860181571,0.26832621667065026,-0.0705750225533935,-0.06640118797243569,-0.05050913842937995,-0.12082787018423158
2021-10-10,0.04824385913929074,0.33259672509338145,0.07122953722116565,-0.24286248121001566,-0.02117785786692887,0.3009839810031685,-0.13402202175838335,-0.06205829908391937,-0.1554704088371357,-0.03299649002907138
2021-10-11,0.03126892432507448,0.30363674762123133,0.17969646910525455,-0.07657419862591439,0.09280529606414684,0.3947951247025242,-0.1973954132745495,0.0067958078258616205,-0.16395091281514168,0.028905823700326117
2021-10-12,-0.03429041673360683,0.335621066089792,0.18074448606225452,-0.018749173825390802,0.0402158515349609,0.5390237359640384,-0.20598960874960198,-0.030205585952499114,-0.16839033606689763,-0.007378120749168755
2021-10-13,-0.009767179345267865,0.37311416981358014,0.2096838665381006,0.000265829390313832,0.028103648915462215,0.5481979233804936,-0.1841794490455178,-0.002985921909401842,-0.13261662904971624,-0.08753435377988701
2021-10-14,-0.08211339687943522,0.29073301525844164,0.2343412998444809,-0.009318623207079582,8.84856579720848e-05,0.5946375104627881,-0.1930420423126352,0.05077302684820569,-0.1253305881262373,-0.2763648807434745
2021-10-15,-0.12659137042734528,0.3041277851602119,0.27699366075783893,0.10979649674553645,-0.12156049198010986,0.5641056123225717,-0.2789258869606111,0.07798680369834628,-0.0789112261671672,-0.35533677322040125
2021-10-16,-0.028446989326866495,0.45170294429273394,0.33923883303827124,0.16209474495589976,-0.09428005340237056,0.6085674778675528,-0.2660120685035658,0.12712771097562178,-0.08591200524527108,-0.3482462501428892
2021-10-17,-0.10218965866578074,0.44805347562672876,0.3040352195613438,0.2000053809194486,0.01919409221835107,0.6055404538119755,-0.3711224415042732,0.08329162042176894,-0.122180903968208,-0.3115020785212274
2021-10-18,-0.047037984751678315,0.44371767214645463,0.41127133234704083,0.15344422194496538,-0.14528221365999294,0.4951482025942314,-0.47580342483014526,0.1055376743838329,-0.15815173520614276,-0.3333185866202023
2021-10-19,-0.05058783023119241,0.45911890293852053,0.4235347592414434,0.0809345076755266,-0.12191529934535487,0.54213186471455,-0.37289046892740424,0.19341496381274645,-0.15583041525695546,-0.31541477116306665
2021-10-20,-0.07011226786515501,0.46539613132144436,0.4810957239436933,-0.02588614171842045,-0.16007093130917768,0.49783211660248144,-0.3725358377303746,0.15547680009567827,-0.0714218922342494,-0.29024037870413594
2021-10-21,-0.05628448844261094,0.4147487292727209,0.45144395436587686,-0.051461218540269055,-0.21135591630995487,0.4652813785181232,-0.37699722361763194,0.2068686061557519,-0.09041727491547695,-0.27667666965629745
2021-10-22,-0.06413503494450849,0.39285889035966803,0.42516358802522436,-0.07283195893033702,-0.18643905607813058,0.42678748686442186,-0.3895261118971959,0.19417341066269284,-0.10352850517171683,-0.19516754833137093
2021-10-23,-0.06102403833438584,0.404302206825091,0.4358326407623523,-0.1623958704949466,-0.1785372935056549,0.35423091285602915,-0.36009525717368596,0.3488836845830528,-0.004390319487032895,-0.12751003843281566
2021-10-24,0.006548865145016186,0.29855143142019214,0.5159195277991833,-0.31139031701565123,-0.18856068523982236,0.28179641771426867,-0.3307056194752569,0.5030247092835051,-0.1333106110108757,-0.0260101555863465
2021-10-25,-0.05305924295748694,0.21980780327812052,0.41097171047121944,-0.24298040321314548,-0.3187225893690987,0.246472836912791,-0.286507067379613,0.6674584908920591,-0.20536448808840743,0.1427295073834245
2021-10-26,-0.00166576839863759,0.1821062530384085,0.36833728106806213,-0.1868535563702866,-0.34222442988741947,0.16857058973927258,-0.2665502637492815,0.6667788878137901,-0.2464435458901332,0.059182516138870156
2021-10-27,0.036881559041833045,0.15817963873180274,0.37793661928277594,-0.16251695001620203,-0.40271633233160303,0.18017369545572412,-0.23399151022958142,0.621633705408415,-0.2464303770739346,0.09016399780205167
2021-10-28,0.09464008435939243,0.1436643518582088,0.33656961855610495,-0.1755631000179338,-0.3822196530230135,0.267440893650809,-0.22018093250836454,0.599130715817704,-0.2613709939739276,0.14300169196617177
2021-10-29,0.08340604813126139,0.16933970113839186,0.3183562424403814,-0.12704331848390385,-0.3835733525124632,0.21932269160654094,-0.2767239007090004,0.6422367741287255,-0.21565643746983418,0.007158581592503995
2021-10-30,0.12018500158836189,0.09936484928702846,0.3989784910161915,-0.10157684321257451,-0.4040574935995025,0.22436793476072714,-0.23789264194466836,0.5833427071291204,-0.1868189705275808,-0.018056170302650963
2021-10-31,0.1439330781540576,-0.03474392013691587,0.4176748540846236,-0.12142627703098399,-0.36608250836885303,0.22940903867628756,-0.15908200814157,0.5132109514920276,-0.18691095649400882,-0.043147306828590394
2021-11-01,0.14031540101186402,-0.02097266779125618,0.4342343243944793,-0.1215013691252723,-0.27492661424921544,0.08256549644211472,-0.08037231313337127,0.49544184175887407,-0.08978180713547212,-0.06811608023287898
2021-11-02,0.12951034525031363,-0.04863685052379241,0.4552200290099731,-0.0724239318817913,-0.295526383029684,0.004200055277129913,-0.08950150468804713,0.5023680240399601,-0.10309805210095584,-0.044667176247870255
2021-11-03,0.12222465708627321,-0.07453847578790437,0.4180566674831067,-0.07795859249109151,-0.2915587760025399,0.013951470009046804,-0.07274286898715514,0.43952799424406563,-0.09820205064587377,-0.04467772055849827
2021-11-04,0.22377051512807952,-0.014552939258769406,0.4063241303386425,-0.07835037468492798,-0.22515220748752127,-0.03121638723939037,-0.12686581461903917,0.3123374652427666,-0.06521609788265624,-0.005522849867190326
2021-11-05,0.28682074801438867,-0.08405017265904961,0.4078612045144908,-0.10417159702387814,-0.18589977747609787,-0.041430357558776505,-0.11883591965601172,0.27872998665500487,-0.0354273448503288,0.03617982271446059
2021-11-06,0.24859416070244214,-0.1089092997144066,0.4098795185526771,-0.142236183048014,-0.11707163594232665,0.01811412289061019,-0.14810741392710572,0.22321127488676745,-0.038909024956632454,0.007180161292300417
2021-11-07,0.29508564746801885,-0.04291866310805091,0.3887510285952426,-0.1105322094076479,-0.12939322578558535,0.0775093745813679,-0.17734417742669098,0.1068004395295149,0.09759972256636545,-0.020246880094549995
2021-11-08,0.12902654935731153,-0.09903173615922863,0.36766652956623863,-0.1628531114652395,-0.0474425172000391,-0.12991602223687257,-0.20654633133264674,-0.00937635031532224,0.21856751528316515,-0.04764860793969936
2021-11-09,-0.06610435951693598,-0.0928247133289233,0.3872763436501481,-0.14377638412865645,-0.08934526042181494,-0.17816686399190285,-0.26564788251755406,-0.09939051126132512,0.20503491011352432,-0.1266889035838873
2021-11-10,-0.0694129190133453,-0.0670897227995584,0.3383619276866519,-0.06557566372983256,-0.06292144107767182,-0.1370820627091303,-0.200938924197966,-0.1088731890236968,0.15471900236908748,-0.13556487903245512
2021-11-11,-0.06060051703461868,-0.04672386912130174,0.2996626390651064,-0.032578576791436185,-0.07901177401572058,-0.17425514364149824,-0.08785507029566282,-0.10728600025985006,0.13638077725999326,-0.19819860667532643
2021-11-12,-0.0967862402131967,-0.014693503247621208,0.2871728623394436,-0.005792760101139723,-0.07462407801484805,-0.12195525972777428,-0.11926003421806206,-0.04629803472599742,0.18419056242548976,-0.24747227127084384
2021-11-13,-0.09967140676122539,-0.08782384574457669,0.24283684545385456,0.0841541600541228,-0.07136105720413674,-0.0544092466502418,-0.057432250043480015,-0.1374082729657627,0.16774754375070777,-0.23426463334125983
2021-11-14,-0.10852455071105707,-0.09969795086459629,0.09309701473545759,0.1577983931530801,-0.021337436947847527,-0.03526881051311813,0.0042998049758941745,-0.2280348573491628,0.3045974027905593,-0.2621840791625334
2021-11-15,-0.018899092762325678,-0.011817273127261293,0.08153487646664291,0.22204101465299012,0.2570546011504601,0.027634873216580928,0.12780760368225735,-0.26062557865241825,0.36674674267558904,-0.22394274357671398
2021-11-16,-0.05021528263443699,-0.05196644599221215,0.06546204984764306,0.2435046207091176,0.2754687708714011,0.09593665909449056,0.10789923764114744,-0.22050427074806828,0.4499033054538991,-0.1647355516833485
2021-11-17,-0.09523794501759943,0.003667007505818543,0.014022392424922273,0.2244799583123552,0.35533314378080844,0.07624780682564987,0.1304372715127085,-0.29235313263442325,0.4777085660500832,-0.13495968467065045
2021-11-18,-0.1359293092922079,0.04555094377638779,0.009516302150172825,0.2007746877857421,0.4027793791478068,0.1010292831185828,0.06191309030495962,-0.2590973401760441,0.4969818534680954,-0.07578939097641667
2021-11-19,-0.14510735181842477,0.05879926994737637,0.025644728778205148,0.21344820525640626,0.3521489719506417,0.0701547017449473,0.06292567201381843,-0.19256302160049146,0.4449353560282739,-0.029162139034510867
2021-11-20,-0.17961934847159194,0.09368485432483127,-0.06252396371882771,0.1859571043651511,0.43402253619453773,0.012113480802687926,0.050776020005345965,-0.1337113116620698,0.4240287224161704,-0.0640749693538574
2021-11-21,-0.02369529599017159,0.18115427027206815,-0.06461070369743818,0.1827104742257495,0.37034448303528,0.018927065880083357,0.03865156205390683,-0.06568323347093752,0.5400321832254017,-0.10489179221014683
2021-11-22,0.13091313415179998,0.15175997904892086,-0.08838004163054398,0.2300776366268638,0.20332059043210132,-0.01918655025070646,0.003956595395041541,-0.020195023251688347,0.5607976849961774,-0.08510101941835718
2021-11-23,0.12867193418847597,0.1659960592192507,-0.09780832761041128,0.2548230798150022,0.25611899074948996,0.015506051344376262,-0.005624933423262813,0.05953244682382021,0.5327142007151388,-0.09932278595515018
2021-11-24,0.09213626114482734,0.16016022349372436,-0.06517609577834692,0.2798085063351066,0.26389301025924083,0.03400812894053342,0.02028104589232573,0.1403747250763845,0.5696077609527611,-0.09945316394649287
2021-11-25,0.04065004844269772,0.08317681529091635,-0.06942194310672638,0.2753941097740202,0.15790882539807397,0.011629837756518999,0.059789825403635186,0.24865843215313646,0.507873440879535,-0.03858142174324441
2021-11-26,0.0916531004829788,0.18702530279366486,-0.21566942640005007,0.24226761251985246,0.12555435441684462,-0.039214127731905836,0.059671352681196596,0.36300248642729144,0.41774809170011584,-0.008241545855992757
2021-11-27,-0.003557669520255364,0.1366900572659627,-0.36113356928439905,0.11664730363933519,0.03762491553630976,-0.10062776633452411,0.05675314996810451,0.42907334725322677,0.3499879225017074,0.00674552920594023
2021-11-28,-0.09854191973170226,0.07642998958376779,-0.4830204293868323,0.010483777842912037,-0.1368046812698146,-0.16189027899361721,0.05383943252115888,0.47513237891158966,0.3380361579720339,-0.045139733771330216
2021-11-29,-0.20813690130937515,0.11037477791637904,-0.5776356808912372,0.03503568574661692,-0.06926794952815368,-0.01987693684653808,0.05093018106981742,0.5211240085598302,0.2695604803578789,-0.09693348868017668
2021-11-30,-0.0684481030538003,0.06738146689369294,-0.5765336257992684,0.03442600697839151,-0.09320321959664689,-0.030165222335731327,0.007606390348583612,0.494229297662494,0.29952565525585084,-0.03527204887908973
2021-12-01,-0.04037271227805813,0.09667590313175475,-0.5911733020791791,0.05168638175994894,-0.07623444125921774,-0.059603895718886565,0.020619434993029814,0.4679922588847136,0.27142004041950735,0.010504819235781181
2021-12-02,0.021058734943170444,0.0455429818895989,-0.5044015783908102,0.026810709909027713,-0.03630437270874304,-0.07909470792984796,-0.1420123050724469,0.5152916255079403,0.22912655708212282,0.018854345599305544
2021-12-03,0.027723235359769564,0.1003251238562312,-0.4928490112707081,0.01018472839324697,-0.13229823016143324,-0.1285783135928793,-0.21257779437059215,0.5087009177040751,0.19339586135707496,0.005278682740596576
2021-12-04,0.004811260341290065,0.2210048534990508,-0.5044641832580844,-0.03200955480589316,-0.10521700613668823,-0.15757905546003892,-0.3065578751164985,0.4175892656274537,0.20450318315202493,0.004202161791093538
2021-12-05,-0.07407880806528984,0.29881846838698173,-0.5160614943669604,-0.02839925883931137,-0.10159447176526455,-0.10214452300118589,-0.40039945722510834,0.3266726033268651,0.1212567201627098,0.003127671855773239
2021-12-06,-0.0491453028704714,0.2773283143363598,-0.5197619438938386,-0.14400894612766824,-0.2297458192019946,-0.18922421763139302,-0.570824143949293,0.331122175665864,0.057141491799994296,0.0022860776266380696
2021-12-07,-0.04070853811484508,0.2940726588337598,-0.5181703655850164,-0.1962007356252182,-0.22509474536078203,-0.13551542457823118,-0.49379845544575707,0.3001535110101746,0.03079992679539168,-0.014474283800420339
2021-12-08,-0.0002761275244776878,0.21684835516734108,-0.4877250343127032,-0.1466564864109899,-0.23754245435388868,-0.1479222626243619,-0.5467426504335372,0.33406349916860706,0.05581832381167025,0.04462915739857855
2021-12-09,0.07013628307770314,0.1388284592529244,-0.4582130534501319,-0.16200052628071532,-0.3078573710708088,-0.17419619392587168,-0.48702406847263274,0.2950966305007117,0.03077602621852807,-0.08028788163836935
2021-12-10,0.05757210828691793,0.1452519063969924,-0.49034165475262337,-0.1837537973550892,-0.2805208645542218,-0.1346805651744465,-0.44073247437571167,0.24611311077125317,0.04506483436000952,-0.17316133521218774
2021-12-11,0.08448884124942885,0.13253062957054731,-0.4168569847763244,-0.22985535517450187,-0.35163357883170726,-0.06111117834329023,-0.43265697170044926,0.17000639066847,0.03817843515103104,-0.18721864041056535
2021-12-12,-0.11685699266263547,0.04165383440371974,-0.3478762641420624,-0.12322413761227863,-0.3218212518804824,-0.10611990474462323,-0.42459468121318417,0.05020976648131241,-0.05576550963443878,-0.15608050848845728
2021-12-13,-0.3168266003953558,0.0018584841580915018,-0.4536662507033344,-0.051599050861244944,-0.29646246297808404,-0.10615299979383398,-0.3939499698102693,-0.04697732623697833,-0.06814381561842452,-0.19394154369679928
2021-12-14,-0.33155043234256987,-0.045857411016118385,-0.41402007916673245,-0.08881782235019067,-0.27376201358694435,-0.19138927429970515,-0.4363125854368564,-0.12967145827431062,-0.08335992722045846,-0.21543894489246937
2021-12-15,-0.27711123048650016,-0.03574239554686464,-0.3943470356546092,-0.08314493739979356,-0.2873806819559981,-0.2046920062477324,-0.36700417409373326,-0.10418831564443996,-0.18994045202146076,-0.18072935443664684
2021-12-16,-0.2618051553052756,0.07503065916084395,-0.3886157547726499,-0.09523489236623399,-0.17635382956191986,-0.1947277205139591,-0.288342046821287,-0.13174353560139127,-0.15449462612811898,-0.22763218837335963
2021-12-17,-0.2649097696622029,0.03153551298057768,-0.2819508737526502,-0.1383243456460039,-0.15659150793537266,-0.18434146626400302,-0.263164670218669,-0.2116788642929122,-0.1515505373793895,-0.2575284514600339
2021-12-18,-0.2749390601092444,0.0027883839690271118,-0.17765810746749927,-0.03608573474015532,-0.08687582036469128,-0.20657273099615625,-0.26288299592385544,-0.2510534084348868,-0.16440233049103709,-0.3045119487902949
2021-12-19,-0.24110411532609982,0.04500867057949901,-0.07373322818821497,0.08911306406773103,0.03335056129662723,-0.2023308271325219,-0.16240538026556514,-0.20680806370738522,-0.17670996232734973,-0.1963022424528089
2021-12-20,-0.058549566254830744,0.04820761185207149,0.002938357388747197,0.0669232631445454,-0.0761846207589687,-0.1496868310412957,-0.22659976444323976,-0.16261869227171355,-0.2920644267614466,-0.0882680159503394
2021-12-21,-0.015035885609861794,0.09114929149051709,-0.028983786850790373,0.048228436432610995,-0.05715565025138618,-0.18116553535646393,-0.22624162786683216,-0.1575985931844738,-0.32068021388574025,-0.13897630578179815
2021-12-22,-0.044707217909367596,0.046735195573081846,-0.031058718715306473,0.07319486942359998,-0.054553999309409615,-0.1666402343308962,-0.30347977023336736,-0.10025092739641606,-0.32026231646259296,-0.08098055944367816
2021-12-23,-0.030888632871405034,0.06456196003476462,-0.08215565328359867,0.1363653284413963,-0.05421091402586028,-0.012027063877085662,-0.24863921697631972,-0.20122594341407832,-0.15567104623113256,-0.020908000131920394
2021-12-24,0.027788353387981652,0.011238468549613542,-0.1069655743199727,0.14726617650146925,0.036249115770045685,-0.007809446144595204,-0.15864724812478184,-0.18439605110790297,-0.1655807320906563,0.06601110641942697
2021-12-25,-0.010815763118001556,0.010046559544222363,-0.03604297012252472,0.13140333326827983,0.10325127961032783,0.030655625114429874,-0.11677366013773319,-0.04859488540799829,-0.20544205542104327,0.07391393265189099
2021-12-26,0.028390455995443792,0.01330122255981338,0.034802411111071435,0.022453852000518214,0.15116713183916655,0.03296414007373977,-0.05361597582193452,0.08691221265509619,-0.23381839733248908,0.08180642918593775
2021-12-27,-0.007546087031019232,0.10757737442256023,0.17368430711063818,0.12468023990873736,0.17494204520321882,0.10876324352546411,0.009473329484486405,0.08354726405884394,-0.24782871364820847,0.023361925013185507
2021-12-28,0.05185670236585484,0.10459888012719346,0.24821216539729163,0.15425979523477154,0.13295707786021257,0.05530988892926587,-0.007296424230168842,0.14253536403239458,-0.25582122423195836,-0.06827416570956742
2021-12-29,0.015559333194347607,0.17896528535921388,0.1975553891437059,0.1197723713432866,0.15881366335756872,0.07421857448662919,0.05241450419348333,0.14804802637841324,-0.26736521364628146,-0.13886078525448978
2021-12-30,-0.0418877537934411,0.24154206260765812,0.2144126653949121,0.1507069529080372,0.22256506673865845,0.12112808545066855,0.172428132296334,0.18817267680961977,-0.2540127969903577,-0.0004988436283311968
2021-12-31,-0.023666628622687938,0.252683583215519,0.22024630216254498,0.17405443994065353,0.2837537520361593,0.14147633091578354,0.14837051960159503,0.19311395048254204,-0.2764205642723716,0.1575534044818854
2022-01-01,-0.07329820107154619,0.24484836146169686,0.23892679678850445,0.2286411073721903,0.3096626135886626,0.20929853057444128,0.09596778489830869,0.24539521541435463,-0.25887684568457686,0.16136580680807983
2022-01-02,-0.07203923002488011,0.2625631183425115,0.279346154066467,0.10629752804697351,0.3530678176384171,0.33218619580828673,0.043618840075610774,0.3139403363154191,-0.19745059137868967,0.1259616458092264
2022-01-03,-0.21995722835122514,0.32588831167730004,0.20581160789551284,-0.042642721441655054,0.5057466547240652,0.4548038281867992,-0.030595542435184617,0.38240184831558016,-0.11612449585196255,0.17175080416919986
2022-01-04,-0.1889540043004452,0.3118016977558086,0.17543487255903176,-0.05924625497479192,0.49494217313095284,0.5434184269840822,0.12184651180719303,0.4137590247794293,-0.06269807531148766,0.1598267107757756
2022-01-05,-0.20602909842037756,0.2671475346212092,0.11454438815525843,-0.04117529002917532,0.49186334870279336,0.5962569362961855,0.08640904648524297,0.4126463227365756,-0.05564246983473603,0.17838476991577104
2022-01-06,-0.1799549740017723,0.18468561675431977,0.11436009034150887,-0.028054042237475974,0.45283411757662656,0.619512360052118,0.027988127156064618,0.3728896173441417,-0.09439780611133186,0.21749074960973336
2022-01-07,-0.21173081968852614,0.140502280077947,0.10336175330289828,0.018349545505982084,0.5264247962017526,0.6018190216445236,0.05537695507375403,0.3901199019460971,-0.038044529320945826,0.291508315056755
2022-01-08,-0.11488621770831939,0.08569888563104852,0.13848155772479684,0.006881743814222627,0.48007292202028007,0.6223897570178856,0.09918631781108973,0.43757097205861745,0.0025778582090628453,0.3299440436395758
2022-01-09,-0.031888318660726354,0.09983348095744021,0.20133260441187956,-0.04370184438355137,0.5119676598375312,0.7347135917702259,0.04275188832773753,0.5080144723629841,-0.07425319628561583,0.3303713492570439
2022-01-10,-0.0155905508510279,0.16942068785802405,0.237047695637917,0.05786445535003547,0.50763376564787,0.7181439872389858,0.23172067367696625,0.5779980647454944,-0.018743614241577274,0.33079960685296944
2022-01-11,-0.04057814632816763,0.16144334603329163,0.2878628054856964,0.14318818217579232,0.5127788653732155,0.7847234274989267,0.23140339842946003,0.5723612176571689,-0.06313264705268853,0.38514396636272497
2022-01-12,-0.014764514330906267,0.16835198640513221,0.3365818589046139,0.1267437947068146,0.48433935402775663,0.7830089930586988,0.2310855692483277,0.46025697769136475,-0.020763867774292146,0.32355688473733124
2022-01-13,-0.0607431177930053,0.20991986887832462,0.38113976025039065,0.1419083806206509,0.4686611506551668,0.7404813207870357,0.23076719090459855,0.4582519586769447,-0.10804310018674017,0.25441666600498936
2022-01-14,-0.049091725864767316,0.2530636069975579,0.44515693708397114,0.14517292909974314,0.47011799134036397,0.740028870037916,0.2572953277139882,0.36252282713881434,-0.06242205063141302,0.226040786708857
2022-01-15,-0.02381926332366429,0.1374612779073196,0.44993625924701874,0.18234999503629593,0.3976542407319582,0.6911084635949186,0.3028108565949376,0.27968473109927555,-0.016319054156952673,0.17476467702540885
2022-01-16,-0.09175288419272677,0.07370596111659376,0.4411491885107553,0.2892247355306172,0.31254074920614566,0.64229296731536,0.27286353056334645,0.19697670365749897,-0.03198883277760275,0.19503326353192335
2022-01-17,-0.1250508568663138,-0.11414657148372585,0.4255475407759031,0.2742778020467931,0.3036495522261196,0.5816841690892971,0.3375022338221621,0.15780540354206896,0.10087007718296397,0.21525759568107256
2022-01-18,-0.19170712903773476,-0.11148032659277542,0.4015884743265173,0.31511426051134694,0.3746337185743231,0.4211017868706399,0.3144798025499731,0.1153479481123408,0.0948866373595069,0.3312198521659351
2022-01-19,-0.29235626715457563,-0.17386726519604617,0.4759453931228034,0.2916296644603541,0.32472687126292293,0.40165215714472413,0.2820928807570236,0.09958582574578975,0.08186230014352508,0.42092875872123575
2022-01-20,-0.29157023247669706,-0.20576183288339,0.4680445219677372,0.32916643495906667,0.2622006717892934,0.3974949655683585,0.15280246638047834,0.10453661348290588,0.10230404926845844,0.373928249638767
2022-01-21,-0.19737805231583258,-0.21246250868407876,0.5109026846705021,0.285754036798076,0.21110660577284476,0.373642271797269,0.13727843170773543,0.12183513854572522,0.15767908578859965,0.34330162365192407
2022-01-22,-0.14745914124914322,-0.17420917406351943,0.41958407376037804,0.2865679614020974,0.15567568186842895,0.2771961352353972,0.1398079826695952,0.0977590809577453,0.10209473982623712,0.3298407593320461
2022-01-23,-0.0393280961487784,-0.04551916169808557,0.30662221828533487,0.2798118810436836,0.10494038312407901,0.3273821275886542,0.1423351146619677,0.05374633038072992,0.11038358350571183,0.3694133090441278
2022-01-24,0.22473163953693598,-0.020412761882694253,0.45531480706232424,0.25103846267942453,-0.010737562547875622,0.07848027702294814,0.1689630982770227,0.030179997661245794,-0.07811815960683374,0.3525402950313533
2022-01-25,0.17525577618365226,-0.012301837248599679,0.44491026483447627,0.28111375764916685,-0.06376204199242518,0.024854538630592293,0.05881531124320135,0.03028737123137167,-0.14126214135710757,0.40557786512985916
2022-01-26,0.10982841399888352,0.017632134636487155,0.47425927594519685,0.29699507868342506,-0.12221905353009237,-0.028643025942006888,0.06962355514261247,-0.010351024809040103,-0.130245333109213,0.4335743650950814
2022-01-27,0.12940936595876854,0.0056785735492221245,0.4940649269862234,0.28159479745887106,-0.10016012081695806,-0.0393849570707191,0.0750339609054442,-0.04591546260551298,-0.09976100649326017,0.4431169196871104
2022-01-28,0.10112135970649365,-0.03528754103617048,0.5397162543553845,0.32291436736497736,-0.13177128723410328,0.020285528536923465,0.06030394437617108,-0.010999411960208113,-0.10679366283147118,0.4328673200012477
2022-01-29,0.015469817811833849,-0.004847681594932566,0.5174167210251654,0.3483251452968571,-0.10259665237675783,0.02319615746260204,0.016170773053121295,-0.06533439226519984,-0.051510359344850834,0.43708737714711626
2022-01-30,-0.07614382481321971,-0.06944634887161823,0.5428660889447992,0.3475360003772867,-0.1291827935440952,-0.0013640022781832453,-0.027918046885822296,-0.1281696559724036,-0.013727640554632442,0.42931304295282624
2022-01-31,-0.08485110255694585,-0.06773893212825126,0.6089325690641307,0.2597387160230707,-0.009960307575511293,0.10262976585790697,-0.04073505066663309,-0.1919542744621279,-0.07338261992851917,0.4173472932485665
2022-02-01,-0.07847691627637615,0.010048784364738697,0.571113808021605,0.2373587908620644,-0.022961749156490595,0.13733141521393563,-0.08157523442983569,-0.16190099737107205,-0.020868366401959975,0.391718702904775
2022-02-02,-0.11054282351896988,-0.07417738331704064,0.559668088570103,0.2096478381066676,-0.013682904049875547,0.1261222814942397,0.006694306780464819,-0.08050245812886597,-0.009476485800359188,0.4218018999340646
2022-02-03,-0.12761660803999747,-0.0757705646974854,0.567784704634754,0.21704352288325973,-0.014217206169484345,0.08730706530793847,0.04535819088132135,-0.02984932548482912,-0.0009294416810836622,0.4902125521158539
2022-02-04,-0.1403081559381075,-0.13330893284100426,0.547164096914741,0.24752261672969297,-0.04975916504574006,0.16263012906186022,-0.025799455123831617,-0.010143855457054322,-0.029746904078229643,0.5035445967720774
2022-02-05,-0.15330513883867727,-0.07697091499240612,0.5247819194141127,0.2390000710299352,-0.11890683787484271,0.22244390026476873,-0.06896927870525238,-0.037172460379519205,-0.07677884914817448,0.5489008726352494
2022-02-06,-0.09150210058269556,-0.029825966901764644,0.5465655918865653,0.24095046268747,-0.04333351430233725,0.16792610948605158,-0.05801201705004777,-0.02945649344763285,-0.000842543658606418,0.5227221678315281
2022-02-07,-0.13563876134220096,0.010906467365626393,0.49818159660365613,0.09656012897534148,-0.008005848496546493,0.21270245701395177,-0.14162389481430435,0.01299885105535091,-0.08229281251497837,0.49858381882733543
2022-02-08,-0.10387411757841819,0.02708393731336107,0.47723389132739347,0.019263530918530766,-0.002828953660894825,0.4228671088415729,-0.1438316639706462,0.025987636662254496,-0.09188406184296984,0.4126408384616544
2022-02-09,0.011515086324059877,0.10052645906134035,0.4915834252524892,0.07626374982959334,0.050737480822983155,0.4096595005175637,-0.141583263526599,0.04178333159934946,-0.08381129040687546,0.36411680308426814
2022-02-10,0.047994406927840606,0.08143691995127345,0.5074297751258879,0.09307836731874258,0.09818555289252219,0.4215550265586796,-0.13669379137806367,0.021346737948650805,-0.0453534866472434,0.4042209235045683
2022-02-11,0.037727335235146944,0.08966475709094722,0.47974369617505885,0.07050350524890642,0.09422840518027992,0.3977367490549628,-0.1302180662357974,-0.013125858048479438,-0.1085761233628541,0.3669233793979506
2022-02-12,0.008521683269650785,0.036179013040229545,0.542204676381528,0.03064907688358387,0.18481500263004136,0.45132411663028227,-0.0816241978576882,-0.04972226911029803,-0.09483560245723954,0.36073390358515056
2022-02-13,0.009030831883148197,-0.12215046165376726,0.5989754364820147,-0.003930602272096816,-0.04094810893495077,0.32188796058008995,-0.03307593649368782,-0.04811252085840176,-0.2116587011495787,0.3448417809486869
2022-02-14,-0.01887865908685456,-0.033133698065970364,0.5699776956153059,0.04155230553767965,-0.0010948642717287106,0.49175741708870424,0.01324264209564555,-0.06691550433878081,-0.17843165964808577,0.31264641713323665
2022-02-15,0.043552253619926394,-0.00334077882595333,0.5893469233042065,-0.073430761768072,0.012600112669812605,0.4164330862265261,0.04761645518649543,-0.0014843918451674018,-0.17174733326645825,0.29958434657493943
2022-02-16,0.0921198823121629,0.04100833669504951,0.5744698971385903,-0.09582788986473625,0.045819691829128865,0.4557369400287604,0.016540886792522334,-0.01829532748680074,-0.14729437058710498,0.28112714041711434
2022-02-17,0.07388922273191298,0.07736858712056997,0.551208969195695,-0.10584478486962487,0.07139366645179658,0.46515467111379366,0.014579976775195696,0.06709118776021945,-0.15568599068318936,0.24211962810586604
2022-02-18,0.07529024263280228,0.1126594157014413,0.5701838785166569,-0.19638862037899266,0.05527497747251163,0.4478680628574791,0.013336092363219951,-0.0003954945875884424,-0.15481978339280206,0.19734210559802923
2022-02-19,0.10798782618995921,0.10617395850075535,0.5432634168994723,-0.21986885999955744,0.062022325622286434,0.41039250889598006,-0.013409461210252787,-0.009799625996167799,-0.15868818645811422,0.1500157654759423
2022-02-20,0.11647189027559673,0.11245104301941147,0.3392324009279354,-0.20156633767994367,0.028812704301488693,0.26921997709669493,-0.04007942801116188,-0.10358667701631966,-0.12636814580831607,0.11107615558266797
2022-02-21,-0.05188149646014522,0.012346238808166174,0.1221588221215598,-0.13229503376851226,-0.13742519685294793,0.2854642204053679,-0.10758810912835279,-0.1958598311474323,-0.09232180698138308,0.07640410161130318
2022-02-22,0.030589061089921786,0.03243756995357333,0.20033291313390564,-0.13928073526302137,-0.16504572038081522,0.27409075681616396,-0.015449638066593321,-0.10302440433306481,-0.05288462117397027,0.05336887680243644
2022-02-23,-0.0006579881246195907,0.170731077224432,0.16196986945196346,-0.16571786912945638,-0.12495576245133759,0.24197716867174876,-0.005540279828397464,-0.10523210124669906,-0.06699382570943721,-0.02076010094244213
2022-02-24,-0.0808267798923874,0.11428326562571232,0.12395814560957927,-0.2284923144455473,-0.12294005863828077,0.19346461883258173,-0.0071061857192191115,-0.12167706594014283,-0.06364883059410065,-0.06939346594537453
2022-02-25,-0.06982478524430233,0.09605383708808482,0.07694812987934667,-0.30612103864561163,-0.06043973685888767,0.1188078792668658,0.0020057671600197035,-0.09333293440089781,-0.0792533864165127,-0.11913057024623175
2022-02-26,-0.03009973375123273,0.06629791859092678,0.07912010803893524,-0.3043616566303235,-0.04299012939613022,0.026709222107482604,-0.03942220214828842,-0.013940318342357766,-0.11416473296700416,-0.1712282762601308
2022-02-27,-0.05053090908230622,0.06901236367520928,0.11853393703623012,-0.3436499960485628,-0.07061905734297795,0.15249963479170392,-0.08080904891068207,-0.019701970981885916,-0.1388594142319406,-0.2271082382501715
2022-02-28,-0.12183196729141295,0.07668124837487596,0.14057588491020728,-0.3801049435310244,-0.16485515690076247,0.0399803295918736,-0.12215489686419473,-0.019516379767724867,-0.00100115180772422,-0.20390294139396964
2022-03-01,-0.11961889734748476,0.10917527027023388,0.12075046247622852,-0.3462751681311809,-0.20894310307561823,-0.05984406987380765,-0.15718599779351036,-0.05992537230282286,0.017371308936963956,-0.12647258585064425
2022-03-02,-0.14270275464426407,0.05877021907397882,0.07681929265280911,-0.4644278102863028,-0.29664042212290925,-0.02396327630490435,-0.1091590462459246,-0.08250773519085683,-0.017672443079658637,-0.1317530225173905
2022-03-03,-0.11010636828106898,0.06892045014378978,0.0652360952335988,-0.5062559576206961,-0.3445109790530682,-0.043217409035012797,-0.015055095296257794,-0.05211862956529344,-0.024166322028264953,-0.21344063499557497
2022-03-04,-0.20602400990385736,0.028883853960749894,0.07897389254315143,-0.44444770779532095,-0.3387928277919082,-0.027944336713387335,-0.028378199126763974,-0.04395967431782004,-0.010128197620500302,-0.2491668105042323
2022-03-05,-0.20749932671882534,0.03241266672632238,0.040938641428647865,-0.4430091862600459,-0.39896667415467363,-0.021526088719945706,-0.10299854157558411,0.04571324838554623,-0.008295814811395543,-0.2433927515453359
2022-03-06,-0.22899381851950631,0.1482878701459196,-0.06628696855741173,-0.5325440728417168,-0.1906714865008528,0.01410490060450804,-0.17754202618125403,0.10000505230512692,0.18568397368490658,-0.34898478305905634
2022-03-07,-0.31653392352434134,-0.02334438358894579,-0.11036128624724227,-0.5986878038086669,-0.21686064791201656,-0.030355112977902738,-0.11584973332364601,0.15424974170419783,0.1860359322864099,-0.4543759488436467
2022-03-08,-0.39603587378319943,-0.022910285763869085,-0.12842906356083503,-0.546144933333494,-0.19592356472310413,0.0631947526502393,-0.17634417557720317,0.08942230233084988,0.1396162973201888,-0.4489064820169693
2022-03-09,-0.4276019977617372,-0.050665248338086485,-0.1121266861060747,-0.5530656462008161,-0.24227338323630584,-0.023767987530231977,-0.12945472832214222,0.06644959066619492,0.13749632411981758,-0.5020751731151278
2022-03-10,-0.4351305430291739,-0.10281573823723697,-0.1147329535416253,-0.5195767212456814,-0.2565032070901393,0.004047201858356222,-0.13262176433605416,-0.013823112948954944,0.12174286920423467,-0.48711470434756987
2022-03-11,-0.45420557146292784,-0.12794307921873505,-0.1640441079057151,-0.509523851470267,-0.30897433115413275,-0.026196195138085628,-0.12782835355792338,-0.020327358285686145,0.1579385690012724,-0.5301232035432185
2022-03-12,-0.43940168644896216,-0.11655775117405158,-0.15387515951269218,-0.48645276899017614,-0.325780393662796,0.006737378698228398,-0.055269716106376196,0.046330905263986234,0.12551667240859196,-0.43635843448759803
2022-03-13,-0.31489991623111024,-0.07189897780203539,-0.15228426996145103,-0.40912255486175964,-0.2832153355740166,0.05261529075806506,0.017168224191497175,0.07467972785247466,0.15868793596442918,-0.4550633094536235
2022-03-14,-0.08151403776141072,0.021858599178938093,0.021036683131903218,-0.3474022686648829,-0.22132615978550907,-0.0949990910584913,0.0183933978687081,0.10298907976872855,0.25858818771822745,-0.4737558321056494
2022-03-15,-0.18534455553785167,-0.07460946357614807,-0.011722272043670056,-0.33015572440101626,-0.19510356556558942,-0.090706774746797,-0.005658380427666627,0.020294268510177602,0.25108725216090316,-0.5093119261557391
2022-03-16,-0.1123817601673146,-0.11228925870663874,0.02270212261343382,-0.3182545366267653,-0.2930956141558486,-0.03198065617167437,-0.08278128026210331,0.040415153326216986,0.23698332155236224,-0.47461115667126386
2022-03-17,-0.055725326261093534,-0.07795058727700777,0.03357077101775334,-0.2794922018663985,-0.31729172829207125,-0.025882049980789214,0.01198064529922623,0.07227594321041135,0.21411243230501512,-0.4663452066764571
2022-03-18,-0.11608292253893339,-0.06771950322642989,0.09114268473899716,-0.21677387277563978,-0.3937178121043826,0.018684085008423706,0.017588306346354242,0.001579561262327701,0.21259208448088027,-0.47515302038294527
2022-03-19,-0.08918409791597526,-0.049009140039945887,0.04644573306040375,-0.21014890402684966,-0.3519756044648227,-0.005448339442946257,0.08544834142174478,-0.05939523284450286,0.28766354930993754,-0.4274558862483439
2022-03-20,-0.06156939437497723,0.0674628676393954,0.04016869386952786,-0.1789042670509127,-0.30722338416679457,-0.07442026782853098,0.15324340374203613,-0.03997640529730915,0.363698178968228,-0.3838829304574502
2022-03-21,0.08822107672671838,0.06319319746736156,-0.08469162542537272,-0.05888864922467437,-0.20862496291219784,-0.027306333533374718,0.19777779568033027,-0.08302149904032922,0.2528524212823052,-0.42136907206599716
2022-03-22,0.0468009984912052,0.10015676323342113,-0.0747388319567345,-0.09240838036455253,-0.16548608968688946,-0.04339539541030178,0.24057010562395753,-0.043449074604817006,0.2640970939348416,-0.4800538745991603
2022-03-23,-0.01853393835204977,0.14474397391023092,-0.05748827453919229,-0.021443198717448708,-0.18577165833911735,-0.17710107187645735,0.23654876746410614,-0.028345085844821687,0.2752401120112474,-0.4271620399880461
2022-03-24,-0.09037483266041207,0.16637574517515655,-0.0902828854151267,0.050527159319582834,-0.1909539700637483,-0.2225044922064829,0.01810982863647818,0.023786046067057247,0.21931428293841673,-0.37366749094309415
2022-03-25,-0.07732771924240393,0.15888642252016175,-0.09354464358415078,0.002500383313454358,-0.16241268241740228,-0.28264024935018905,0.05470027020515138,0.03514364562201366,0.239340587913819,-0.3252529496500146
2022-03-26,-0.1985615011157439,0.17413633855746555,-0.05121092761659895,0.03449850429030957,-0.15565847998524723,-0.29796749660663807,0.14338689474941382,-0.037587327315628305,0.23418220540367524,-0.32313291346723616
2022-03-27,-0.226146022217582,0.09411142553721687,0.14405880683955727,0.10549681828070816,-0.1368240613220004,-0.3191777244314419,0.23196853043510918,-0.11970891274862946,0.06355754569320034,-0.20708987344424618
2022-03-28,-0.179637415098991,0.28561024292898873,0.30341026687220096,0.10363474063726466,-0.10992846171480225,-0.1705921353618981,0.18428639676367467,-0.20173777455634215,0.17007719685538344,-0.1132735770355675
2022-03-29,-0.11958508309154837,0.31774673867454256,0.3440354663987893,0.10191739064202124,-0.16282937869388678,-0.2180689800914884,0.18032145299842436,-0.2049563700385341,0.25879079736265037,-0.07454288557097392
2022-03-30,-0.08567303489113966,0.3223593849969092,0.3347819212281796,0.0902114968425711,-0.12508081121106282,-0.15823669266254678,0.14623126927672048,-0.18819787165788962,0.2749572766916466,-0.07765194894950916
2022-03-31,-0.08415461203754314,0.3657560257882883,0.40996718656204273,0.019786885498462976,-0.12172530014512213,-0.12876246280181863,0.15046243333621806,-0.10376532284248594,0.30322959803661026,-0.010937970655016116
2022-04-01,-0.02486488216898029,0.37340563268863897,0.3908036642213141,0.02413028620051836,-0.04554723432319846,-0.04823039845817958,0.21534605402572365,-0.10726643771178004,0.2618656233012899,0.04296626386751559
2022-04-02,-0.01717422283484214,0.35717612665960397,0.43713628430535934,0.03131084776612505,0.004591885651571024,-0.08141796134154206,0.23948452742495774,-0.06489768453908099,0.2690887766991051,0.0258484754274467
2022-04-03,-0.11422008310176303,0.3438264136854731,0.5829817929547518,-0.023135282248966986,0.10025999743187491,-0.0961991185837121,0.2635993018630975,-0.04974799451452511,0.033894675233023724,0.07214623703576714
2022-04-04,-0.2088854870222007,0.2586661896726999,0.5566249836321095,-0.18037921064952128,0.10952035361556932,-0.01616668951345865,0.2566530710716402,0.07790331975011397,-0.044621737263076465,0.11840474902389107
2022-04-05,-0.17097123246263027,0.298997319777076,0.5290233569680636,-0.2392215079744354,0.09908071486082358,-0.06525952522347543,0.2771306784504555,0.05088097147512657,-0.03412760735078837,0.15414247575519616
2022-04-06,-0.23781113356434944,0.28711800491977096,0.5212779910319304,-0.2088103780963366,0.16895333699744383,-0.12197915107063594,0.3014309102258646,0.03588071879587295,-0.06851441367730346,0.16040339392943506
2022-04-07,-0.24893691983451605,0.30732844990511554,0.5211791411221034,-0.22267370371048237,0.20012900982976797,-0.06959698797380398,0.24734716986614677,0.0031299362021582106,-0.07934343856002628,0.2241001925300486
2022-04-08,-0.21058220802618594,0.30466560960435707,0.5361560056530391,-0.24634946758034862,0.2103304959253507,-0.10745761850647637,0.3010979954748108,0.03322702465166708,-0.04120808528823667,0.2495581688084753
2022-04-09,-0.25104498765049577,0.32356574747468675,0.6088232245837647,-0.22989114607967712,0.26104785052913393,-0.057649060278508205,0.2392504057432484,0.08043589971694369,-0.0014404683328601035,0.2117903029570869
2022-04-10,-0.4259675531328299,0.14869192206487716,0.5850449619531333,-0.2528522383288428,0.20906158167102593,-0.11813542498467597,0.17745650313934072,0.031187046161193218,-0.017694314798329735,0.18196154504690304
2022-04-11,-0.6000309612570126,0.3742512567953876,0.7441028293742024,-0.3099429875116965,0.1672899836368016,-0.1268912475540674,0.13891203325912277,0.07728488076160119,0.0991249971048745,0.1521527982547802
2022-04-12,-0.5824232169041588,0.3247621599970777,0.8084061610572157,-0.3237773269965459,0.10839466143581025,-0.04019069162445061,0.19448650692522437,0.04900875144613218,0.08665700715118435,0.18903307138589032
2022-04-13,-0.4394175080595852,0.3122964697471331,0.8171645486933502,-0.34325476815071443,0.18879134886882254,0.06064635698953218,0.17898135589959538,0.0825532382221119,0.09377232799330845,0.18313491645130914
2022-04-14,-0.40333320582740906,0.26025385453420374,0.8670431430298648,-0.4035821063115562,0.19561357988730815,0.07519288598054186,0.36040792027582047,0.03028870963902904,0.1172719300402674,0.20016129160004115
2022-04-15,-0.4609910187517377,0.3363686880323122,0.8944395520920504,-0.3845957399233666,0.17650200525752907,0.13390890656740506,0.3790970079057453,0.02821683335565244,0.07716068434542944,0.23509342721712456
2022-04-16,-0.4106592063925131,0.37380019637087747,0.8620362147049961,-0.31223829073324055,0.2573555638431237,0.153206492129625,0.4266437029754671,0.025823574112348792,0.2432284324321996,0.18417520006812496
2022-04-17,-0.46957201482449157,0.2708229743152912,0.8116034861631967,-0.4380406752327121,0.2838440034615558,0.18416381723873643,0.4739516852546426,0.06818963500075917,0.348016432807554,0.08745857808392149
2022-04-18,-0.4350565468108761,0.07290592697312356,0.7780496938878372,-0.5496386083193092,0.31026063706144047,-0.014421561279230772,0.5210235166236453,0.11049770653022563,0.31242572293546145,0.012878309607912216
2022-04-19,-0.45985135840944386,0.02900902753239019,0.8096295382704655,-0.479804088218856,0.34538279046923887,-0.0003086667146225527,0.5626068599333596,0.07477512037209955,0.2506789772948493,-0.018375068403804946
2022-04-20,-0.5186035243888392,0.031760038939103834,0.7941875273850767,-0.4418573531550341,0.3440460116492472,0.005982698735894574,0.5656230398732174,0.02492484074940606,0.2571413182764105,0.042812654669119064
2022-04-21,-0.5244246247411627,0.004682580152900015,0.7624274670084816,-0.4052757439381558,0.362356593835172,-0.03563351960407098,0.561854406558504,-0.06609663748562451,0.27004599156221376,-0.06582660513095474
2022-04-22,-0.5243256728074878,0.013347049119923186,0.8066630567926898,-0.42042475534332363,0.3530824412094297,-0.059770995683270094,0.4837346217312334,-0.06219385607557413,0.28004919745898055,-0.07311883830469353
2022-04-23,-0.5325421110270329,0.08372535305958413,0.7851392990579817,-0.39861723979956015,0.3548933595215707,-0.09439908897415591,0.44727395882231374,-0.15782013865476235,0.24660842058956223,-0.13827887236102235
2022-04-24,-0.5402873386118499,0.027318214493700817,0.7344861595748423,-0.4005008331151395,0.29962407213654635,-0.04834767833463906,0.35537331638969777,-0.09542506478170434,0.45210059480347986,-0.20913172255592663
2022-04-25,-0.5396352294352382,0.13045769603541224,0.7574311280512551,-0.32218787234642227,0.30151674370449233,-0.010668003426275184,0.3340195298060842,-0.2579826297540846,0.5102260612079957,-0.25234320533166776
2022-04-26,-0.5708111190862933,0.10841854383540812,0.7586748158628044,-0.2720225681908647,0.3629466536727235,0.017041088134632915,0.3637404192593719,-0.27263281146972346,0.47520856497517144,-0.2030400557266364
2022-04-27,-0.46110006821953614,0.13145674615404707,0.7819483201855125,-0.27427705984378353,0.32349278676463794,-0.006602862784215576,0.3354243861908624,-0.33119606174865734,0.5032014756921047,-0.16651407029078846
2022-04-28,-0.4139815970422391,0.09258812047025763,0.8025676639765225,-0.331773503622594,0.31623410879769304,-0.03730960255894347,0.34035035953962106,-0.3339720455133052,0.5103259297789097,-0.22525940940715358
2022-04-29,-0.4135481996571945,0.11877788149981942,0.8130777128205489,-0.3418748108759305,0.33264267319372454,-0.008899173822440286,0.30538228670374046,-0.28774078572445594,0.46260688003009615,-0.21183633839882482
2022-04-30,-0.39625859431974625,0.09839501057852248,0.7301539685021301,-0.33127260800027464,0.28499553814441136,0.0019472820201614043,0.2984573843031469,-0.3113656783125978,0.3576968100002426,-0.19383141976929608
2022-05-01,-0.24237512533810887,0.1463809702740101,0.6795260237081207,-0.25526399431240054,0.26352397778009895,0.06749488799836449,0.29154247114018506,-0.2685301440827961,0.25057465535680545,-0.13446777916341923
2022-05-02,-0.022098093676995563,-0.09764954330573512,0.5391315500350841,-0.16208540135843585,0.348989771787636,0.06120644457861684,0.2846375097187969,-0.2992773405094934,0.1334811492883883,-0.08889562531650495
2022-05-03,-0.023905297541477702,-0.13607446329746326,0.5048840567953464,-0.12510788699678072,0.4163868421436031,-0.04541845717455818,0.18535441121717794,-0.2650184091361166,0.09824904830879715,-0.15034696718153273
2022-05-04,-0.08225934949344357,-0.1599130661321322,0.5132418456129191,-0.11623495411152322,0.4005139510397259,0.009500181612942596,0.10170077980470191,-0.29583931669022934,0.042170527116441904,-0.17063649424468336
2022-05-05,-0.1561697897204048,-0.14272338337404225,0.4881679557987364,-0.132248678253663,0.4235315658082444,0.015062946905757884,0.005447575126131661,-0.3590223989576198,0.0090677003650203,-0.19084873942448374
2022-05-06,-0.14542819130387116,-0.253138243081195,0.5248775803025297,-0.14891975265933324,0.4425047052617429,0.002419746906366659,0.04144366197142561,-0.36905465377409885,0.08351343432924223,-0.23128826062076488
2022-05-07,-0.04017308373647304,-0.2875652898917538,0.5162719216947353,-0.3174564503534376,0.35934605445528867,-0.04709297887063329,-0.08062463837286209,-0.39068551772634436,-0.07055251142626358,-0.18256200560796884
2022-05-08,0.01270800519653804,-0.22328973551340653,0.5105088987743885,-0.08633499294538544,0.3075096128741663,-0.046860720435665366,-0.202371439980562,-0.334761733318409,-0.08259841670907257,-0.13391619986940081
2022-05-09,-0.0674165254688212,-0.18127694822134444,0.39949945307453155,0.0815629527636936,0.18900166604784427,0.18593068437517488,-0.32379959532426056,-0.27890107301493783,-0.13175025813685629,-0.08015948724595885
2022-05-10,-0.12543522896281187,-0.19440121471021468,0.34702852009015056,-0.008847044196305512,0.2544009755787408,0.22286710033950963,-0.3788286888947932,-0.2609947506385982,-0.1280914774669386,-0.08250253326234891
2022-05-11,-0.10470728402655044,-0.23628548158481366,0.3660397391282225,0.02175660434814838,0.27679765244525417,0.22789969604667124,-0.31793922207953956,-0.21835282606172723,-0.1173913828005128,-0.1528348140736544
2022-05-12,-0.10255820666843822,-0.28278903664292454,0.356759543924622,0.051495594758902724,0.21646104019805468,0.2088036636698539,-0.3397326013041273,-0.19987181321575523,-0.13981483901458372,-0.14072338704057433
2022-05-13,-0.17626239679941513,-0.29607842083752717,0.3300863150748288,0.09130721416627348,0.15016284317887077,0.18164060093933565,-0.2937496460776552,-0.12428606540566574,-0.19130896456176194,-0.17503308478112303
2022-05-14,-0.08739375426262289,-0.3495649236132432,0.2906904467758746,0.07501781916880154,0.0531012029181973,0.22481000632890358,-0.28094207873881144,-0.03767885706019324,-0.14652921121418658,-0.11641132803318016
2022-05-15,-0.0022628691286060232,-0.43239761260230436,0.2911315395373092,0.13468386137222005,0.10531657497601954,0.1689102067772514,-0.21267074314398715,-0.15625007716489997,-0.2535518822714793,-0.05208674578640676
2022-05-16,0.057090620903329566,-0.5297358925233547,0.24273947646659377,0.18146410847110936,0.08278965029883886,0.16857382315801608,-0.1838851692911862,-0.004054970202443318,-0.2696378938843423,-0.01539355832545117
2022-05-17,0.03622326157843474,-0.5738092068411033,0.21676245778431213,0.13706014980494552,0.013947795297796958,0.2059987117460683,-0.202139434009314,0.07123996524314641,-0.29658961308515663,-0.01913938580711098
2022-05-18,-0.02726285220158573,-0.5908197372698996,0.21004917795904093,0.10315819015504978,0.036984072356840016,0.2657653144156544,-0.1821764975004112,0.16342487674950895,-0.275058638167142,-0.04225380008351943
2022-05-19,-0.07981019761304824,-0.5857348789641366,0.1882316833374821,0.16272399714344396,0.06398417326116179,0.24494675208403388,-0.20017301571220622,0.16864472578024953,-0.26890767323064724,-0.07756427328923053
2022-05-20,-0.09399589034321733,-0.624671448732718,0.16256865149982583,0.17750847103802841,0.07566887974346534,0.31062219267746727,-0.17287971631455198,0.13819998681881235,-0.23552455976113548,-0.055076442589624144
2022-05-21,-0.08489794043062845,-0.6100224396203532,0.23285037659890956,0.18294742794148966,0.018378337590967304,0.2980539712933752,-0.0922970766901355,0.12045427645013326,-0.13406579814006891,-0.10149220376482396
2022-05-22,-0.09395037529596849,-0.7576908575328505,0.3290384303012857,0.05987312747097075,-0.01082466552701264,0.28236813571076946,-0.011794891452118428,0.18081089040159562,-0.12503689466988582,-0.13854256402415568
2022-05-23,-0.06855770916702142,-0.5922525501552947,0.46784037649743143,-0.08477661248275115,-0.11548032017159021,0.4396585640464504,0.03316255174371366,0.24715940133784414,-0.11273120408475053,-0.16181598122907415
2022-05-24,-0.09992839140234569,-0.5332969597386141,0.43408958245874696,-0.11957721354575483,-0.13468572202718312,0.4655230677611219,0.10957156324213373,0.23806624513789257,-0.06519681572930833,-0.11504870679993383
2022-05-25,-0.09017741175365832,-0.494073287593992,0.43057310900039303,-0.042038118856325996,-0.1467870826854099,0.510274206053788,0.10155452432633061,0.2971319968012868,0.02042427391240314,-0.1361650363276281
2022-05-26,-0.03508836445292661,-0.5181761956011465,0.4522561208609588,-0.0428160152269473,-0.2041629907507366,0.563196494946669,0.13790995209168028,0.3841421185845489,0.036711500648050496,-0.1327797095232915
2022-05-27,0.0229436909334491,-0.43855327669933364,0.4150335775128046,-0.024024171283878407,-0.1917524663709546,0.5893822151070948,0.10279635518612047,0.3757649879737376,0.04707287519329805,-0.11717864028553122
2022-05-28,0.032752436509870045,-0.40542670913926815,0.44829206369942526,0.05305175908032787,-0.2096433553556271,0.5945939622479207,0.04716233080224875,0.3850943310207616,0.018472949187408504,-0.014002311329078936
2022-05-29,0.042554132492455966,-0.2643575339952797,0.39776561113287573,-0.017076462301175082,-0.18444598402222243,0.5501161538115188,-0.008315741616604845,0.3576862814560697,-0.049806632450664357,0.008703215419945776
2022-05-30,0.18084471203351002,-0.2102005424727748,0.506501445086994,-0.14856916595228264,0.007868145459138762,0.5185348613738764,-0.06363895173191961,0.33032232459499766,0.034315315275864254,0.026203910516186445
2022-05-31,0.3970068350909474,-0.1523461539797351,0.5484513382770535,-0.12065101865285362,0.01875401071708866,0.5665394165239428,-0.06367273422585171,0.31198193982794953,0.1214836261171019,0.050412833499264315
2022-06-01,0.43105630906232684,-0.15418273509564034,0.5591004983878353,-0.1838388584193439,0.09097098781630714,0.61591902761286,-0.05621542851012684,0.3547802083540882,0.15288604760519828,0.09948722225818935
2022-06-02,0.4534766116451115,-0.13772600085600506,0.5410879438525662,-0.17774514895066268,0.11945290538668238,0.6475299527339211,-0.034215895853437525,0.3970104144872614,0.18548782029068947,0.16285604316053753
2022-06-03,0.42380906143411085,-0.07396897297000524,0.5722829263405916,-0.18821300166302068,0.10859695524576471,0.631803811144698,-0.0804691835466747,0.3721650725239368,0.2628373283849116,0.25625453008835836
2022-06-04,0.33638291023332956,-0.0887908557845664,0.6156520392885638,-0.25523082237111405,0.13108945335842118,0.6918868072412577,-0.07069272962381422,0.3118909793267999,0.2667258007583554,0.20634259913766234
2022-06-05,0.320249881801665,0.03909755317593529,0.6951012574610453,-0.24992370951630344,-0.015390348656230832,0.7745633385784357,-0.06092313357631048,0.37259805115242794,0.3115781315040151,0.15646730880637894
2022-06-06,0.09464342616249614,0.14720742385762278,0.6958169320512353,-0.29835775989114205,-0.015957909277395828,0.7105653612835956,-0.05116038113634236,0.2749770337723596,0.2646329548307986,0.10903450149580095
2022-06-07,0.10171529404696267,0.20638268849763283,0.7061939990389936,-0.2435262542480973,-0.010434600269632447,0.6480643561926673,-0.09518053415722064,0.22975055122886484,0.26628911445588405,0.06324000767466609
2022-06-08,0.15214807835833125,0.2404814386223367,0.7084824624022618,-0.19777072780787214,0.07372128874746216,0.6782117846894447,-0.12478092931111887,0.1257342407137766,0.24055280144193952,0.036492326233666106
2022-06-09,0.2609085361111071,0.28409311086777944,0.7123585567368041,-0.2319286719981099,0.1157877834047735,0.7037901645936407,-0.14295613622644346,0.15150620003283155,0.21189758714340604,0.10605642719643459
2022-06-10,0.2695931123610403,0.2616178214895882,0.7159625499207485,-0.2569120926350445,0.06286478450945877,0.6761630273020562,-0.16771800778675544,0.18114256863254474,0.1752556717843711,0.04952989147064146
2022-06-11,0.20946184627928757,0.2542102872415192,0.683909014312684,-0.30606538328406774,0.0914163437827425,0.644190102769388,-0.25967065081264895,0.21276501494947053,0.12806729310631434,0.09163014553104319
2022-06-12,0.3093848484786562,0.4273765484065478,0.6531257108634814,-0.2691247623238823,0.2113451489193248,0.6973958939737871,-0.25924975034984754,0.14899106504390222,0.15733207279987815,0.09952094021169267
2022-06-13,0.24731896060976635,0.30253619469651793,0.5569218592909654,-0.1489039021347985,0.16424928052608653,0.4933636294127088,-0.2233641033845236,0.1584712745435839,0.16166678954439784,0.13732314883986063
2022-06-14,0.2803429672615144,0.24832780582413289,0.5633520178426904,-0.11372315123010004,0.17553802177529723,0.465977196757948,-0.2816406019736276,0.16221160842508836,0.14287886304070835,0.10271575934831297
2022-06-15,0.30640999274742087,0.21276291082954377,0.5554957052472653,-0.2283943681957497,0.1437563089743493,0.39057799592802356,-0.1975624514452035,0.11853814063862558,0.10463820725342514,0.0842139719861292
2022-06-16,0.27139982014723213,0.1746805700392776,0.5329406944515835,-0.22897195555659916,0.1763549059844006,0.3598858100114006,-0.21863929398506313,0.02148707101616875,0.16915446290826427,0.02920548733495512
2022-06-17,0.2537069219309118,0.17128783202356737,0.4919708762029868,-0.24044899331254513,0.1839303586926754,0.3267936024682854,-0.22221488055129382,-0.008527973963036641,0.10352504348430183,0.0005311875915312463
2022-06-18,0.20923315863656713,0.16081443391329797,0.46030434401836107,-0.26005595037255363,0.2533888179799061,0.35972376291271274,-0.1766450590633908,0.0342640241150174,0.1493641624371311,-0.13329774911375109
2022-06-19,0.21839025872898898,-0.008774669354377677,0.5055964266333488,-0.3042901534408281,0.23656723230162033,0.40284026137513973,-0.13121997003343389,0.12301071642763109,0.18113477514873355,-0.05575309851702931
2022-06-20,0.24094707514162067,-0.05370963505566313,0.4038450932236213,-0.13498123495126574,0.16487316592519227,0.2954179332759811,-0.04454434635265788,0.1843431627204309,0.12519633910390815,-0.14841021784150296
2022-06-21,0.08469583191403968,-0.022031764835982088,0.37734975327971465,-0.14741570401948256,0.1549163546015819,0.2850121334069576,-0.044794362102944886,0.19958704090239912,0.05236262929497456,-0.19918867015924596
2022-06-22,0.043770695700177366,-0.02880210528415549,0.36456482862377865,-0.19273526989104547,0.08778910353357208,0.26926872478853103,-0.12131719241455327,0.19877475177183837,-0.010646712874664219,-0.2034015897701878
2022-06-23,0.018436806710302775,0.027264028785331025,0.3277516075694766,-0.18263310898162977,0.04575368506944335,0.19184849537378387,-0.10708890238634709,0.23628834910062546,0.014880245927530381,-0.19051716875899624
2022-06-24,0.04087743288358929,0.0025089467065419055,0.3096860861731465,-0.1746770015994556,0.07419329535118002,0.21600263284225005,-0.1153094956877144,0.24362765733217248,-0.011675871433417811,-0.2331518413661186
2022-06-25,0.06129712262556876,0.014097506717618325,0.22362363164463628,-0.06746167126804668,0.15758833907906095,0.14935253944044222,-0.13917420788342796,0.17143127487097648,-0.030040916001553796,-0.23746576354654478
2022-06-26,0.060984680124171034,0.01336014151894448,0.21092077604389803,-0.14477659993380934,0.27211464531058693,0.13396780198395075,-0.1630238349228845,0.09103458576196344,0.03125378904731607,-0.23311731110349646
2022-06-27,0.18342922372728634,0.024532229244152517,0.1676302541290463,-0.14502323419107585,0.2686336233926701,0.15764599325443246,-0.18685840548781188,0.10317621542963569,0.07916592563997572,-0.19930613250266685
2022-06-28,0.2156438063920234,0.02767192138953128,0.16981759971897914,-0.14405758511895622,0.32528308852744064,0.20977372360332294,-0.08892569819269702,0.12050509157168139,0.11622609133874477,-0.1946738775181879
2022-06-29,0.20391030436046548,0.008075877727288093,0.19367214800810262,-0.15784004561043857,0.19380052290591698,0.14115968693810568,0.0016946111349734206,0.16846243564219843,0.11119418089502393,-0.17798579144318985
2022-06-30,0.113628736548615,-0.029967889870428983,0.21117060018749145,-0.139259740463937,0.20439464481988961,0.17467393026834455,-0.027235863732339216,0.16343891545069256,0.12925596551684806,-0.1889307917982474
2022-07-01,0.15471097870578945,0.039323736344019145,0.15450616126220837,-0.07356940063622558,0.26500315277701936,0.1504401951525734,-0.024649358934822622,0.10370950638130912,0.13445565432186551,-0.18183543270719493
2022-07-02,0.24970386088446977,0.043711353580653645,0.16974255846290498,-0.08273134395587087,0.27330542746408265,0.17105102564095306,0.07250051157079122,0.06766081651058038,0.12108857427709947,-0.2472670270897225
2022-07-03,0.1373643848991676,-0.08196539224807702,0.13449161905729612,-0.10010167032508739,0.19505315940663878,0.14666034749205326,0.07726842172609209,0.058846982646669155,0.057193504718938304,-0.3291098416251845
2022-07-04,0.13739632286065026,-0.052476388095096284,0.12970607177646817,-0.2616104197478113,0.2607539332520373,0.2364591413914058,0.08202773283176185,-0.029204995426369777,0.049642421606538874,-0.27639727511505907
2022-07-05,0.2855201872298066,0.0436325541150958,0.09953057384655879,-0.26479864259340463,0.27755220722610474,0.2832852218090695,0.1616326619887845,-0.05309791064856164,0.10450884988889578,-0.28576808788495295
2022-07-06,0.28531138312340437,0.05283548281341517,0.0546232424386132,-0.1882741532335049,0.3298372310731628,0.2739206625555211,0.16163032462084975,-0.05398672705914668,0.08778565876433018,-0.20449223651263157
2022-07-07,0.2235971493438193,0.1314378909339354,0.08238450192806955,-0.22239477772780547,0.3367638715684634,0.2668007343087911,0.22461571545749787,-0.04093747092468726,0.05403993538496071,-0.12347651294232875
2022-07-08,0.18754015543243716,0.07846345353142702,0.12137856947957455,-0.2028480220045481,0.2591780106484401,0.26010284611212653,0.16942072454920354,-0.024323103335155145,0.07458479010896257,-0.08533572581577491
2022-07-09,0.23049213989202166,0.003072789420474805,0.1139932018257712,-0.22858694052654388,0.28288349406114477,0.22129893755922833,0.22257131534443145,-0.008989869223840485,0.03990079915877637,-0.07127684658699442
2022-07-10,0.2539988828388405,0.09420771885254975,0.2043936907683295,-0.23176577671932586,0.17319363868045096,0.17231198662556618,0.27568102027527325,-0.08046811841121719,0.09249701185969672,-0.18810817012953598
2022-07-11,0.18908885458131447,0.16660870623225676,0.19654056585699595,-0.20622305270901067,0.11783862111222196,0.1721321705694224,0.2873557234765465,-0.11888076924520823,0.13908303240212416,-0.13471132215848258
2022-07-12,0.15801931487338736,0.05516939973458727,0.14506765668692617,-0.2362387112687553,0.05865186934893618,0.11730139999846918,0.2991880438617378,-0.0697006224643576,0.16615495150699675,-0.13242062087155326
2022-07-13,0.19135384699098687,0.10539725277345392,0.1639181061793953,-0.22045150677728312,0.013701077570944551,0.04046697013572486,0.29019606612233984,-0.156915161258895,0.17815763398823056,-0.14051854700417762
2022-07-14,0.13327314997519574,0.10733339327221798,0.19474753612157386,-0.28027199263385016,0.06819604769718453,0.10465246598757287,0.2942936135030567,-0.17230019965754179,0.0925355916462086,-0.2053633483486156
2022-07-15,0.14393080554914123,0.11879642102489531,0.20201649826865947,-0.33934314282269495,0.034481342377576316,0.10465206717522525,0.28732836751064433,-0.2159736028256742,0.08302721000340024,-0.23969558337348693
2022-07-16,0.05110060421182777,0.1427975675669923,0.2969474160641507,-0.40377983823675756,-0.04096113876406789,0.10152526856506008,0.15879323142926438,-0.23263257065430074,0.1205410775678559,-0.21448856977174527
2022-07-17,-0.002040567568045596,0.1564146689056196,0.37992057740186713,-0.3441694531513309,0.021016820079921904,0.024548398712996307,0.03089158929574082,-0.1779392588527908,0.03484049801375755,-0.15449811957744344
2022-07-18,0.038768135401731366,0.12230062166329699,0.4943947286740705,-0.38171938119076193,0.10789584867929027,0.04146987296977157,0.1702695254859204,-0.21576826444120725,0.07311698800036198,-0.1275779408987503
2022-07-19,0.014606947582794572,0.1412129905628499,0.5429753463736399,-0.40173403738252994,0.019069710812958718,-0.0020475769014589424,0.08447549740791989,-0.19660176836637902,0.05444974873350856,-0.12915653075188466
2022-07-20,0.011522855569717336,0.1654735671783004,0.5531621090044593,-0.4039984448683772,0.0657607613124295,0.021381954525601092,-0.004298466148963469,-0.24338649343886148,0.051893559104574424,-0.12652207941302127
2022-07-21,-0.02864124457506229,0.15048619225081014,0.54052424323399,-0.3999358518862997,0.0267927867626294,0.01480962296327214,0.02498302147044027,-0.25741622393056385,0.060289857744188075,-0.1482467970124822
2022-07-22,-0.045205891494758586,0.13175101917628607,0.5696164389305294,-0.41219739800791205,-0.02768823604895671,-0.045961328923022154,0.027405652741886766,-0.2150170481436472,0.08028130899679338,-0.157365522522162
2022-07-23,-0.10221958776884975,0.13580984342822652,0.5836555570774093,-0.4070900038447932,0.010211472817691414,-0.05041455047966777,-0.062100681448075006,-0.1440950434774332,0.09213177842351016,-0.10214063962515352
2022-07-24,-0.13684706482659129,0.27704669680739125,0.6732644105543015,-0.3524926414982593,-0.22769517203224435,-0.09503597915031474,-0.151515221396108,-0.1170130150925091,0.2029309710634197,-0.007646917821791858
2022-07-25,-0.1765961183180898,0.2807682308745204,0.738907064430226,-0.19850368292882992,-0.23320101195321485,-0.08122054008728297,-0.19176600493050136,-0.08994737246228632,0.1965688822617698,-0.06854738215309093
2022-07-26,-0.34156779239477386,0.15601079593425343,0.8242192669091579,-0.20587326033151376,-0.2933259111982294,-0.10625179506290834,-0.2466681749299962,-0.05316278728376383,0.09646886489673212,-0.04689400491241842
2022-07-27,-0.3908341215645482,0.13299790127561562,0.8378056879759702,-0.2650683180572062,-0.269981464434096,-0.11006220518629381,-0.28746805607918285,-0.05915897844337185,0.07843482176624546,-0.11771611284546944
2022-07-28,-0.30330610758947313,0.12389879528560413,0.8097364090918847,-0.18800740236545607,-0.27335253265963516,-0.1065285669218638,-0.32138131420558097,-0.015304894679649603,0.04862389069978484,-0.13597822905908008
2022-07-29,-0.3103731424717005,0.1544708923463425,0.8012780884330292,-0.26450814853155047,-0.20716383798454951,-0.10092345526170945,-0.25165824307012175,-0.0021145133098030705,0.006571812236807377,-0.15140535513040787
2022-07-30,-0.3361869245170167,0.23582696025898553,0.8581315155136466,-0.2491095775502304,-0.28260631123206126,-0.06903994475191097,-0.30876273458628123,-0.03205548079788425,0.07089030296332123,-0.1119619831516847
2022-07-31,-0.4316180859384303,0.2709926371938024,0.7004048492671225,-0.23162426801515412,-0.11939480595572897,0.009479795919246577,-0.36582185395037525,-0.08580278163380842,0.13118140217883958,-0.056990835035859486
2022-08-01,-0.47978622323011666,0.22829584350626778,0.7555376727110981,-0.21758486371358576,-0.09613851732504188,0.10176642422385135,-0.422835711508202,-0.09150287843289497,0.05287896016972074,-0.0020590737012227927
2022-08-02,-0.4277203928298013,0.2864073236086153,0.7986586500487691,-0.13795746705765463,-0.10772757616955649,0.0678493786163863,-0.4345293792843921,-0.11061929990889545,0.06243726682354855,0.02838630038085416
2022-08-03,-0.45878654420253107,0.23949456530815919,0.7925947900916943,-0.1140503259094138,-0.05528079515533495,0.08203523124230308,-0.40799030633411315,-0.0706340580530316,0.0027479577718050744,0.06623544440320248
2022-08-04,-0.44497188680213773,0.22342246218061929,0.8138889136179948,-0.0840067267557287,-0.043294258995405906,0.06426278108758057,-0.40886348655069954,-0.15232025146582245,0.051562932226086246,0.08230486014782049
2022-08-05,-0.4272825050257472,0.22493576506089083,0.8100306308814815,-0.03412408983627625,-0.008063968827471683,0.04167867026644483,-0.37419505518431295,-0.10044253911914727,0.017830585563758987,0.13071291863818976
2022-08-06,-0.29003706577322974,0.2122400333122369,0.8099262152063015,0.015683053855493886,0.0316450772842141,0.08744788806746975,-0.22523959437817748,0.016971794350930186,-0.01894475425526478,0.136813429381243
2022-08-07,-0.4133191177373244,0.19548257623590215,0.7004059226657933,-0.021391817075778367,-0.02920001709924475,0.13318510914793455,-0.07692938328103573,-0.013248190702326587,-0.010571391847157316,0.09945018532290029
2022-08-08,-0.3850111248977897,0.11113793771410634,0.6536843827264711,0.05969899509644672,-0.14714980604634634,0.14519408834616745,-0.1346764716961207,0.03058647366485658,-0.02987064186379553,0.06327065583702025
2022-08-09,-0.4347410866391722,0.1351766881648658,0.65145205198321,0.039370688775435286,-0.0573962427208641,0.22219509820896266,-0.09171105024434414,0.03578155882303682,-0.03372753121991684,0.08076992440638855
2022-08-10,-0.4707535307407582,0.07177712255793797,0.5921856853703699,0.0893924959406997,-0.06700724124304783,0.20483713957196675,-0.10237957407072044,0.09428112274689567,-0.04175846766333422,0.05650226500850757
2022-08-11,-0.3890719163510835,0.12417539173624649,0.5740464137779554,0.1768121341887229,-0.048636645688324875,0.24256444758055212,-0.10544377567108912,0.09919527904567686,-0.05798927076965561,0.08044174624079867
2022-08-12,-0.40918905306253883,0.08647171293402685,0.5852692204100689,0.11420773154856519,-0.04634833572437505,0.24005415594464047,-0.09667006549831607,0.11427580223309644,-0.07812816981570761,0.08774949613229593
2022-08-13,-0.379024060150302,0.10749530055445757,0.5787725917328228,0.16284227449260846,-0.11499362998034598,0.2970947858653589,-0.04776426408767221,0.07759766424477392,-0.03430444264649594,0.190430596594233
2022-08-14,-0.2998452235874846,-0.08112723151432262,0.4372514073041607,0.17016563457263142,0.033196671604218346,0.35408307133066774,0.0010977586632569497,0.03156511916930412,-0.09290051152982336,0.16028017880846857
2022-08-15,-0.37374003791203936,-0.047746927316395904,0.46851936834822583,0.17917766258817266,0.03863411786471599,0.3365167175510897,0.0008438778800768812,0.04372930037626362,-0.21827638232872484,0.20968353166103018
2022-08-16,-0.3816648701713219,-0.020937749718777283,0.39222585406576965,0.1841090492190825,0.020713123972802654,0.44760292631710463,-0.021898082724740715,0.06151232540196862,-0.09985514331345945,0.21715649291110817
2022-08-17,-0.3617603279881762,0.01316498102604827,0.42664635215696683,0.1987778898149521,-0.024191441671801043,0.4034855058808907,-0.002885151945251097,0.09879844459815883,-0.05489200493529476,0.2029053740911471
2022-08-18,-0.4229943879473903,-0.01511908440208596,0.4858497951260043,0.15658328518382852,-0.04992841892978453,0.36495638599031116,0.012131524847027106,0.11047052957827329,-0.057760185799092284,0.25330853661620295
2022-08-19,-0.40270336653699246,0.0187445267240906,0.45404983797822523,0.22413713663892873,-0.07997962342746788,0.357745128107456,-0.029390603803768928,0.06905908353026276,-0.0205594037173766,0.28000236038594856
2022-08-20,-0.49434620411102836,-0.024390698897555147,0.42289627788950024,0.2207498133627435,-0.09487139185861507,0.29505344377361586,-0.0028244232781116955,0.09401745153637513,-0.05598962042290145,0.22599149839698462
2022-08-21,-0.43171013740890285,0.024075858463263485,0.48918911936180576,0.23558652538765268,-0.04695570383012537,0.2940986480556902,0.023714639527934928,0.17695919811376393,-0.11181801649604106,0.23418943086699212
2022-08-22,-0.4354015357930267,0.07150120681915945,0.5442323677705901,0.13512336050430285,0.06307183062997049,0.27233693882845394,0.06918054033019107,0.1530804001937033,-0.04173954585892999,0.24441982436133036
2022-08-23,-0.38097905861850123,0.042597967251673474,0.5407592601114651,0.08902506908432811,0.09294604030445973,0.3126871037342383,0.12318281757248659,0.1738332914743031,-0.057725684778879086,0.22866988666576032
2022-08-24,-0.3374123386776681,0.07775546579283629,0.5414021588201988,0.17508615199712504,0.13097324631232482,0.3763912828323905,0.11790411669479808,0.17230635165699995,-0.011763467084719538,0.16288393018698222
2022-08-25,-0.30912154600605807,0.02472518656238403,0.48829774283661653,0.17387795668931622,0.12323016732825928,0.3774593435698029,0.07790336459642128,0.25692807739897183,-0.031118099892926694,0.19807588391843303
2022-08-26,-0.3513396860948627,-0.00386535727730855,0.4930205229317973,0.18221392371470413,0.14414755775501623,0.4583648886854485,0.029906237602969992,0.26141335091414114,0.03745988372177823,0.15630625843381687
2022-08-27,-0.4467250725265219,-0.04956365974980715,0.45456510684321316,0.1767970997956106,0.11197828382673611,0.38206326400166,0.011962495470277702,0.2558428986323116,0.04562502645485249,0.13384195650368375
2022-08-28,-0.35637363723482884,-0.025780009407234006,0.41685964588159846,0.20148071260099076,-0.012243461984456154,0.305853368378233,-0.005970978482364928,0.4069892337107431,0.16456357362483878,0.11139063751311429
2022-08-29,-0.35793057043979165,-0.005582463683856953,0.4260575269455049,0.17087651345885801,-0.021644926876779498,0.23351167244077217,-0.1980483649347353,0.47368082701488184,0.12236180372297589,0.08895227893965268
2022-08-30,-0.27354607742365483,-0.07022269944582252,0.4296821884989238,0.1729375465434027,0.003630036958031303,0.13330668544223037,-0.2527158988176077,0.4126930785489253,0.06955969424956113,0.11335879716247843
2022-08-31,-0.36422495976122804,-0.0386089046010374,0.44310565305049227,0.10476622504519058,0.02381492687081264,0.17064972763000089,-0.24409961979815642,0.46363146096895574,0.09344789992168483,0.09680088031403068
2022-09-01,-0.3842454078760036,-0.07819074501259153,0.48576525466267195,0.012684710911891212,-0.10913085268332595,0.12978798046543927,-0.31497712528298816,0.4742093475080997,0.08639562052449802,0.07959654728741004
2022-09-02,-0.40091708381567104,-0.026724892545090695,0.45931737837808095,0.09074636746062238,-0.0692924395602735,0.20539446500689418,-0.3114608975428834,0.4673965038708576,0.05751253235252647,0.07519772775285126
2022-09-03,-0.43301504702602084,-0.07337512255047948,0.4485039528697812,0.06514785377393498,-0.007409151489759938,0.15057769931988801,-0.30479053944415724,0.4461499305713657,0.03522761534998832,-0.04004095605599405
2022-09-04,-0.40979756556403885,-0.01796274714394113,0.47837294364457494,0.039566711024723165,0.20232329036458255,0.16329599265725453,-0.29812399894813146,0.5147449639733397,0.07173242863258256,0.02923140877356353
2022-09-05,-0.2805103287251856,0.11594646244672868,0.3956637541679453,0.01230814857122627,0.23898809126999088,0.192084448749257,-0.29146126952152085,0.561524559940134,0.2015804999476647,0.009784482661744778
2022-09-06,-0.28492337712408256,0.13207396594388618,0.5068856048178061,-0.012803445030568926,0.32932215478225224,0.1080773919322674,-0.25983854745432766,0.6066799510441236,0.06805349716560731,0.09354278213145568
2022-09-07,-0.25648092191730043,0.1315460464604043,0.4545076034807242,-0.0038654354083410675,0.3533169509211618,0.15047362985170906,-0.2903591805836657,0.5925595086988599,0.05974161511513909,0.1179792678137295
2022-09-08,-0.20657915535958113,0.18801784466463559,0.3943745976140293,-0.020021197367386296,0.3718876102349197,0.17579342817576005,-0.3127181576072888,0.5409546053969592,0.07080910425039717,0.04566090229233585
2022-09-09,-0.1543118436384736,0.20082127772024763,0.4356893826963562,0.05487323312902614,0.4076403231249545,0.1576477271545303,-0.26797906406374106,0.6188434513613078,0.0312057973937754,-0.01170337090117944
2022-09-10,-0.09572362324923278,0.2499100073606178,0.386361188263735,0.13943289131868836,0.39610672665936864,0.1583048063660146,-0.2348554674537424,0.6737019702854447,0.04273243829836158,0.032283460608883596
2022-09-11,-0.25400227457204905,0.22182274223287896,0.3003377194043357,0.06188316528585945,0.3787411062859845,0.0506116995873577,-0.20175138530627387,0.641973058280635,-0.034506601106465404,-0.0014862861797243954
2022-09-12,-0.21043772083353462,0.24519391345833585,0.2593515210111013,0.144454711027265,0.27244424529478034,-0.06590398324173521,-0.18762066128246216,0.7014508502978327,-0.11410580714636012,0.02693094755314741
2022-09-13,-0.2690760108192692,0.2882532558230931,0.274675889386261,0.1262253064263667,0.29555604152088516,-0.07073141072543672,-0.24860274953240524,0.7179908201251026,-0.18411147383666143,0.01977226632216688
2022-09-14,-0.31923212854140737,0.322339178367097,0.2932828255498615,0.04369474358250214,0.2590914504069614,-0.06481198432438783,-0.24044643901650037,0.7146802964749369,-0.2228757210473008,0.010892264833457658
2022-09-15,-0.28453096706734754,0.40753714772245153,0.3159088956577865,0.04487480883016135,0.2100336502816664,-0.06649546499128807,-0.23016231370613643,0.6737310348151497,-0.23585026343481572,0.02877725672789356
2022-09-16,-0.228418842469818,0.3879767123659683,0.32523766345846844,0.09348954756337091,0.19363580083725207,-0.1697061762086003,-0.22673961259474495,0.6554787554567946,-0.3155741313124486,0.03764358827988786
2022-09-17,-0.16165878444134454,0.41274339990606895,0.40788531814152273,0.05591357648418297,0.1841456030768814,-0.11097783186689669,-0.2627009150035921,0.6554193526983995,-0.3310634828568739,0.07338564323751556
2022-09-18,-0.11211148629089243,0.42338371009310405,0.5015331975396319,-0.045057890089795966,0.1842418739918361,-0.13754796702265634,-0.2986313115400729,0.6123539988960475,-0.48705029048255843,0.11432356735646049
2022-09-19,-0.0671244586945662,0.4691668665331766,0.560364812159081,-0.13488654887561516,0.2415757193013271,-0.10406435836793407,-0.13965853403969136,0.5068331231981396,-0.43787016403174955,0.1767161662132375
2022-09-20,-0.12353616983936673,0.5279672638214492,0.49929582464715383,-0.12241536936061986,0.11514760454771125,-0.029925387182216386,-0.2149378032464804,0.5143950611231998,-0.4138415757037667,0.17449782975946673
2022-09-21,-0.014097876986385474,0.46237459461064634,0.5137890889697602,-0.14186457739525504,0.08858995870855958,-0.001356428532833819,-0.28159758912243643,0.49800309313373925,-0.42961346564470787,0.17742074376292893
2022-09-22,0.011782737596371306,0.5215487743919555,0.5021810547101706,-0.16788107903986868,0.14845565120985618,-0.029759934116028355,-0.25926056000503506,0.4710502752157477,-0.4427545089747526,0.2470645500274602
2022-09-23,0.02643106517907069,0.5333683172345416,0.5233655767185945,-0.2555154299408951,0.16172965166760808,-0.12336727220019539,-0.248498375780073,0.42480186193526837,-0.40885841385769145,0.25551946976563245
2022-09-24,0.03025364378105444,0.5143805222536472,0.4433200309966623,-0.27363351995045937,0.12808507190017596,-0.0975778364552712,-0.22835079970135913,0.44396766274853255,-0.45899050616542086,0.2616549846118021
2022-09-25,0.05130998737621691,0.5729238502173756,0.53015012316809,-0.23366499364185883,-0.022591805333380042,-0.13928690614640102,-0.20822102422553695,0.3793410885014937,-0.43794523199970187,0.15194897123958842
2022-09-26,-0.017975237667934994,0.4429028509347923,0.5669403350787866,-0.21001317621556329,-0.0898191272464122,-0.18251659472776108,-0.12388906514680773,0.36497854497105575,-0.43621763352760096,0.19851462271067694
2022-09-27,-0.0028831102348875204,0.474169954663784,0.45807938214604044,-0.17573487077529376,-0.17361397648243054,-0.20290056533128242,-0.14227623495570413,0.2864025940278683,-0.40726622833849124,0.18728300259966485
2022-09-28,-0.013288876571722483,0.4263257156618777,0.43193633400915826,-0.19312354465239498,-0.1635270858341017,-0.1995877507890244,-0.06011636981586247,0.3403220425093488,-0.39613887250493784,0.1813490354828786
2022-09-29,0.03422919305477513,0.38842202326971254,0.447342508519815,-0.1527256901794609,-0.13817830076892976,-0.2524903536179377,-0.10615006513700712,0.3211497092860109,-0.45811346363153094,0.1290245110731427
2022-09-30,-0.02075117040102874,0.3601607467426548,0.43276814039218714,-0.2523169988468834,-0.11268741265585547,-0.19843589356546565,-0.17745509213657834,0.23186277199446637,-0.42202329238685043,0.2557110572366159
2022-10-01,0.012499766383488407,0.36672772522481345,0.5110254532616142,-0.2547536211164914,-0.06601233077902521,-0.15464726933187767,-0.2097664251844069,0.17282391605635072,-0.5176816159108734,0.20413475537547673
2022-10-02,0.1799897041500772,0.23306706347610143,0.5892064753765082,-0.13670798292470981,-0.1151544484197833,-0.1666851762898955,-0.24205899024380045,0.16589610663756366,-0.5872333190866351,0.26008617242440923
2022-10-03,0.09294757158626202,0.2091687257249973,0.5956678262696495,-0.1788105771602721,-0.11227835742662587,-0.07430245797219699,-0.2743328201457547,0.16843867898346399,-0.5143887398120948,0.25176359208207444
2022-10-04,0.13115919618285585,0.21213765049936054,0.5583735013943235,-0.09912164050957649,-0.14364072251782511,-0.08792698029036321,-0.24058517068121782,0.1826011417863987,-0.40546678932689567,0.22174792965650006
2022-10-05,0.18267250278871736,0.09877716326962395,0.5480158991993681,-0.021774510705602487,-0.20031446825827334,-0.11818410308846589,-0.18241883299299164,0.23985946888797624,-0.3505274318598303,0.24408669295525803
2022-10-06,0.20041980404369913,0.04475761015185354,0.5756912259248819,-0.013965462930092978,-0.13969534542712875,-0.07203066438433113,-0.13343346746367823,0.22852011072837547,-0.34145455564285915,0.19539776940796472
2022-10-07,0.20464372858260754,0.09392293059702088,0.5527892126833132,-0.04529819894071866,-0.24422674003913963,-0.03296092467438335,-0.1403227545093227,0.1824514214974927,-0.3851027041316649,0.1519308498245778
2022-10-08,0.2121954992706519,0.13631054490577957,0.495174522076636,-0.0893560732231873,-0.28374447241201634,-0.050679301410298555,-0.12482193360924479,0.13803039890192917,-0.4235379798855622,0.15558383965941558
2022-10-09,0.16238555375855554,0.061382846644000545,0.35037101089764794,0.058852990880951056,-0.11092999590820851,0.01682958563382315,-0.01975519652678643,0.02845096212962082,-0.4229927201294083,0.15401764232106074
2022-10-10,0.13762376748898397,0.08215335612935412,0.30215656249807915,0.08579084109089687,-0.060834580354354,-0.037712235207729906,0.0032302535509556203,0.028504993596607762,-0.47001252321002307,0.10946288376600169
2022-10-11,0.1362762781964826,0.04658601488159041,0.3190434334267146,0.05583068981464424,0.044768004847992086,-0.06522021267580831,0.08726656757078857,0.04879194730479593,-0.46226645880128475,0.13899394783058877
2022-10-12,0.15392407882955317,0.16437174695726256,0.3147715875021004,0.004503850641955053,0.09201976859132252,-0.08296855768484035,0.18638363080274492,-0.06323174931618171,-0.48841553088241935,0.1709675351952743
2022-10-13,0.18162066387523024,0.16301884737142674,0.31667985206500016,0.01732701359387747,0.11467813796114532,0.0071769189681696,0.2670372202277017,-0.04663961583103381,-0.4872096129303617,0.060393758243435326
2022-10-14,0.09629825219145942,0.08958145944687475,0.3018129615477948,0.05674011982183164,0.01383428602404582,0.05125732754717715,0.19824213270755733,-0.0697224279579422,-0.5163735755739509,0.05609246794768808
2022-10-15,0.10317499280246825,0.08780800263707138,0.35604234333087104,0.052690664176786396,0.03281418682630664,0.041884064069309467,0.12607956049246086,-0.02215913242746588,-0.5031732461535512,0.07184550121876113
2022-10-16,0.1488378864115083,0.06300795037448595,0.2633962365455952,-0.04361105638238919,0.06277926945385244,-0.019547229712508683,0.20406699512637677,0.02544233567313739,-0.5538721073806153,0.11194889253371484
2022-10-17,0.20317237393071955,0.14832739307607237,0.29359406158924434,-0.10996004549005611,0.15266500805101796,-0.07934183723876946,0.14988108313114298,-0.013604306538923725,-0.5465568507859186,-0.0041210679957057825
2022-10-18,0.259742721924697,0.115139761500557,0.2808368182951733,-0.08702791544085883,0.18037166689807005,-0.13336560001884679,0.05363431006180809,0.016886410643757527,-0.5721565017246342,-0.1401402804448373
2022-10-19,0.2599637887792407,0.1263479082279448,0.310285272313285,-0.03914478030100749,0.13683141791699457,-0.15073860831061675,-0.007597227731473419,-0.10502196445510524,-0.6135746594861435,-0.09699361134837027
2022-10-20,0.17455137295967968,0.14793310787137104,0.3135633905418788,-0.044968486577535674,0.09248790356048937,-0.12328662843797385,0.0022255607386922945,-0.07992356451519146,-0.608777144642666,-0.07075838852187016
2022-10-21,0.20991490125530868,0.1683015217259916,0.28508512236195716,-0.020525594671568188,-0.001062417007958209,-0.06954032757644708,0.041765390918114806,-0.02880606377354704,-0.5792820319109169,-0.17828252000526723
2022-10-22,0.19872509780249,0.1155169766631226,0.2357507591647957,-0.1268637144232303,-0.0004622594464980884,-0.06135535161746523,0.10529860048732351,-0.02793378403144025,-0.5295494451672142,-0.14636686020355003
2022-10-23,0.214233496784677,0.21392377713710348,0.16130455439313213,-0.16895478308984543,-0.057175634426293594,0.10802788396220694,0.07783407472251234,0.005285744565038762,-0.46375860840029876,-0.2219683533650653
2022-10-24,0.3835468077048832,0.25088660852604583,0.14979093019357842,-0.32271100133689296,-0.15169219075203064,0.1844910831894289,0.11444884027748162,0.035346366952229355,-0.5468170259538512,-0.2974853215621515
2022-10-25,0.33315326970927517,0.22482787855822198,0.14210396858810104,-0.36799347687455414,-0.174418501160438,0.18760212135477003,0.11195777501178805,-0.026860853296410907,-0.6533551969957252,-0.2632976394176462
2022-10-26,0.29921057828356407,0.2994521637033591,0.11380981181402065,-0.4370057777753601,-0.13215035930611072,0.15323070293245897,0.04124490594954649,-0.07188251012542589,-0.6719087085630252,-0.2326030050695993
2022-10-27,0.22111389777433277,0.3181404485757904,0.07281250873329291,-0.4271152827668721,-0.1395663647206491,0.08323982013094026,-0.017789974179936947,-0.07996854561084701,-0.5849699460646919,-0.24232915120752976
2022-10-28,0.25762149876936485,0.26820398152415903,0.06697900184667231,-0.4214896087373103,-0.018023182798981945,0.1595418303138279,0.02937891873835212,-0.09162835105123832,-0.550124127323989,-0.22495484636733204
2022-10-29,0.26508644544151755,0.23883478931208843,0.05495217382998102,-0.41505137159447614,0.0363637438690181,0.19130188486863897,0.013993719570400446,-0.11923819118026782,-0.5006562354294919,-0.2713824591503367
2022-10-30,0.43749900801322944,0.28178724604123834,0.07308887058014328,-0.5040557795420837,-0.04601822436513141,0.2122959648726089,-0.09095887405089383,-0.20433684177764883,-0.36642780734194447,-0.2624652794497076
2022-10-31,0.38827067491732403,0.2468758758516317,0.060245623926692825,-0.4100246292054132,-0.06947522162148785,0.33857195342126745,-0.19578385005191565,-0.12748419891119417,-0.40982180812678365,-0.23204539484032297
2022-11-01,0.47345499003116903,0.24807843136269106,0.04936400937439068,-0.34116222206315083,-0.06121647543457982,0.3438667386538167,-0.08207457356824246,-0.15275781400445046,-0.39857955609196777,-0.25303157462256587
2022-11-02,0.4431328021955378,0.16781694606010425,0.043136731738357276,-0.2796885127165237,-0.02837321369505313,0.40157108559666327,-0.15256911261253053,-0.07379265414479405,-0.34989110238278875,-0.17676968533037066
2022-11-03,0.36215416848185533,0.20474583225458043,0.0404154693783807,-0.24920663836928747,-0.020216387739488882,0.33942870317353735,-0.27605062027201094,-0.0945697365000618,-0.32872360883669927,-0.11581684592762567
2022-11-04,0.43796321178633013,0.27247635709955664,0.11206916131786154,-0.2984933794795315,-0.012891517874240968,0.32550928592383666,-0.2681593893467665,-0.05090181635129156,-0.3080715989388591,-0.08034024998179869
2022-11-05,0.40350811314633345,0.2953084154791271,0.09919039334142661,-0.256128622834151,0.010027773101715345,0.3388336707911031,-0.26940397439199615,-0.20899446516386572,-0.30459142674315154,-0.053007479849904116
2022-11-06,0.3214360880991454,0.3195143001610673,0.13573547575279996,-0.08401393218938286,0.031020816058943662,0.40421368689530945,-0.37592353514953425,-0.22334168547284636,-0.24960784238662168,-0.025260666227613086
2022-11-07,0.31144714226548986,0.21943187183982213,-0.05143294178705941,0.05042146581634345,-0.06262256982216075,0.49562845841237035,-0.4144669564774509,-0.20130317305994194,-0.3075263909919591,-0.007130187905643245
2022-11-08,0.2192863182482007,0.22329135135021388,-0.03448525099889821,-0.013900162451328604,-0.14317323374048624,0.5497698412482083,-0.3514567724640606,-0.25027856112358515,-0.26489603618830426,0.027632240956076852
2022-11-09,0.19471972456850217,0.22847336405931523,0.00037165164273162646,-0.04347184309604603,-0.09993033530755698,0.5587096397193964,-0.34387337171783083,-0.15894191764409188,-0.23517722803842295,-0.029203116739177554
2022-11-10,0.22369540553595724,0.25439961608913253,-0.0726755010090804,-0.07620132510873952,-0.05811104343891427,0.6017103624746855,-0.2957617945402318,-0.1491597019106011,-0.17742755378555713,0.0032383899992635915
2022-11-11,0.19656271292108876,0.20130679204810364,-0.070017165401202,-0.11324414034103827,0.011540268201311573,0.5533954950473083,-0.2939838954228076,-0.17498077619460847,-0.20214759360837245,0.05981792171398725
2022-11-12,0.1983194596449422,0.2619155605315988,-0.07422433891076652,-0.06438632515951921,0.05670823107008274,0.5893892423275572,-0.34115919790507654,-0.14166884649364006,-0.16040844518151193,0.04434886968820073
2022-11-13,0.209835911747408,0.18813649762676354,-0.035649601263176366,-0.09551397407865479,0.11273900240056063,0.519924575020884,-0.29734512393066764,-0.21279134573245656,-0.15444592241873717,0.022180114006609183
2022-11-14,0.09646706530363443,0.1752467905633212,-0.06578690531062671,0.00907640133741369,0.2054284635747607,0.35696427897618854,-0.31761868733398696,-0.3282910217647536,-0.13387951956514302,0.01053416039816842
2022-11-15,0.1578577124907403,0.19854948813506942,-0.01751384270313933,0.03405053161108466,0.21787340698186902,0.3796512691861139,-0.3030699943058826,-0.3647699860910633,-0.12284669809420819,-0.034646007990316134
2022-11-16,0.12642603519703208,0.18116441571028416,0.031751755086803946,0.05660135390141086,0.23113042578086257,0.3637713143891242,-0.22727229591880532,-0.24991040682629098,-0.118309634333967,-0.0330997485513752
2022-11-17,0.16645430555549742,0.17684545051065054,0.07627238791997563,0.04675623908423943,0.21496680379874733,0.3992625806035449,-0.1351004151161956,-0.2150640359279496,-0.24236150137143864,-0.026850404484752007
2022-11-18,0.07161620364073037,0.2976574424467822,0.08709140100751071,0.05626766520247121,0.17722795705890848,0.33671998833081784,-0.017728532847766723,-0.15247120675963058,-0.21348760664786343,-0.014793871465747819
2022-11-19,0.006581869600815135,0.27797495759126917,0.05819420253402652,0.12298929232649308,0.18179475202479528,0.3009107272588623,0.06780696923565473,-0.08548541941187567,-0.18012771073761674,-0.031203596707833903
2022-11-20,0.03762000277736939,0.2975356221608173,0.20810590086557804,0.14180412056316608,0.2476237578477615,0.2546776454678601,0.1532675200523574,0.05050492440156672,-0.26094596866909675,-0.08470462696026575
2022-11-21,0.08227537039252185,0.28160619701035516,0.24335717952227115,0.12515579181937994,0.15707749961775913,0.10319172849958173,0.19920446993549135,0.002643769773432278,-0.09644647575854058,-0.06305443264638386
2022-11-22,0.0439286718241785,0.32445385049505626,0.23098470590947162,0.07048680559195386,0.14842116532084754,0.08596212309234143,0.08626901721444513,0.05545269420588794,-0.10265278193555354,-0.10950176635026257
2022-11-23,0.1343008671863914,0.3340837294209827,0.19070509669448552,0.111547947588202,0.10859554920509536,0.023190963035381124,0.1156379928609939,-0.07972429843117831,-0.1306573902473064,-0.229292936981838
2022-11-24,0.1244181190566191,0.35867187995283634,0.18365676184201887,0.09143336037120597,0.1333922200740964,-0.025425627743451612,0.23654992915930761,-0.041944117093859215,-0.11012631440863659,-0.2131971400522436
2022-11-25,0.24478705690290095,0.32920384080593224,0.1353140231928464,0.16213783240633622,0.2074166704754246,-0.046338799124163325,0.23783842238286623,0.0032989811010959913,-0.09373608138163922,-0.24871849048456887
2022-11-26,0.3387443954015629,0.39274164373774123,0.1560606793360932,0.14569705020979695,0.24247792447938613,-0.11197242320110387,0.23912442645669202,0.12731931539813088,-0.18942100050276092,-0.1986007662588884
2022-11-27,0.36993826845599953,0.346706678198015,0.1172064117792253,0.06604690352462372,0.24009660267265348,-0.24620123857533852,0.19559067374214573,0.14474751100470212,-0.22383834184933069,-0.14858646417779126
2022-11-28,0.41067332929791744,0.404672557695989,0.26087096761845663,-0.06864028231495396,0.3446400824857111,-0.30528992992251175,0.1520893358717471,0.23875944876226898,-0.18985797334480856,-0.08907483717340015
2022-11-29,0.47020552043315195,0.3980445955650848,0.23207122960017834,-0.04879466605396282,0.44401826332729655,-0.2193555842966557,0.26816944920142455,0.2699444019283378,-0.21961021874307463,-0.04962617238092542
2022-11-30,0.524345233157898,0.43308696291515336,0.19272964713897991,0.04241943241529123,0.45178877425753344,-0.17470759918611337,0.25341420390121544,0.22864639266747874,-0.2588837872950001,-0.031376739547393895
2022-12-01,0.5225145001205763,0.4035114262185707,0.2645406175590108,0.04312712352430619,0.502440841431512,-0.17708190933381304,0.26742010096738783,0.2454620734139079,-0.25662606257815257,-0.03643922404841498
2022-12-02,0.5285052819823418,0.4754930519610155,0.29344203513501793,0.018270676648371533,0.47378180746229176,-0.1589018518157732,0.26049977535509533,0.27385526415802974,-0.21678126014041266,-0.09134709043636047
2022-12-03,0.5799473769728347,0.452565111348192,0.36540438129700625,0.03095587536734631,0.3659015242807598,-0.24399908030546777,0.21958675982746084,0.21233113668716938,-0.23810519031949384,-0.0006214558193092536
2022-12-04,0.4050529569858851,0.5010689278953996,0.3003973483485979,0.13114243272131865,0.31221018825914404,-0.17270431659784022,0.3152470131503255,0.1688452172589432,-0.18311696417274848,0.09672468087076133
2022-12-05,0.27306286826553605,0.45222006633581896,0.3711611360927713,0.2072310101522819,0.2189116782019026,-0.007913876667772709,0.41065040542502595,0.2813033679643842,-0.16924972697103058,0.14718088089318243
2022-12-06,0.21579053440844995,0.3721659762692823,0.37692086619607557,0.2078444595071366,0.22901378563509286,-0.09646282048795703,0.3715703336394289,0.2812487141599346,-0.13822873783470702,0.159002192786153
2022-12-07,0.2728019161327008,0.4005658454803481,0.35906934291020376,0.11060659162828818,0.21570689359354683,-0.14724175678527118,0.32117310700445995,0.17022298119343202,-0.17049903767547106,0.1322351226616795
2022-12-08,0.25877821353131003,0.421164297114908,0.31300583677997534,0.043453893309523484,0.1570238028451659,-0.13290468068384245,0.2708324971911466,0.19505044655470483,-0.10628827809541773,0.16103988428514104
2022-12-09,0.3095133959063492,0.3257773880730731,0.3318323604923124,0.013333334717335311,0.19034471915316506,-0.14179077072465335,0.10621358441400919,0.16257439840670318,-0.07127573763653791,0.09166525242109948
2022-12-10,0.28210632874197644,0.43710591506553154,0.322411731526747,-0.05042460065733537,0.21393565652951724,-0.07934160340052834,0.06453398298161188,0.22173212477707946,-0.07736990100944788,0.09232609321808637
2022-12-11,0.143842312419731,0.3288649573648996,0.15984418625317462,0.05142954502630345,0.13406054872739395,0.012335076823406193,0.022896010470892243,0.2741533913147432,-0.13053947268756041,0.191240903959722
2022-12-12,0.21282223560508137,0.3448187692842571,0.10519435386898995,0.10901047192456893,0.1683616142846851,0.060871898789201004,0.020748393942552824,0.31163271748392257,-0.3307287638705659,0.2051526987191468
2022-12-13,0.1681419470997122,0.35288548446955553,0.16698524979553145,0.094092561328488,0.10577476097928835,0.004913241974279606,-0.04814466596560735,0.24325217484220202,-0.2912775386742775,0.22878642357223455
2022-12-14,-0.005964670854773939,0.3621805958253149,0.19741796626071673,0.07285038146181078,0.10339583454709056,0.030115498682939675,0.02211929573490747,0.366867453202854,-0.23836703265159728,0.2641448879993642
2022-12-15,0.04391350235730004,0.3034635316149643,0.11537406865983767,0.03218593029990003,0.11262251750720101,0.11859510400386791,-0.010827736268044357,0.33969337154716905,-0.25089610296251813,0.18194645351594627
2022-12-16,-0.0525963430937925,0.3399658420783093,0.08134577569842531,0.06220185347972612,0.122164225296625,0.1866489899130403,0.009743126190248067,0.27886833433513575,-0.3102483404031932,0.2423600252719758
2022-12-17,-0.18067689360821135,0.30701161901379537,0.07553647171846917,-0.027098206426156943,0.09390641744047129,0.19875358600767687,-0.1315957613504613,0.33615384692599876,-0.20410879542319993,0.18706923133930656
2022-12-18,-0.2922896762012985,0.3756515892039304,0.15829994219587992,-0.03876795184687956,-0.015491712281003392,0.33212118604996455,-0.27170608772610344,0.2873532977489429,-0.314078797426808,0.13188618201162572
2022-12-19,-0.34983136885457966,0.25090566004981985,0.050180995113820466,-0.21614554076440365,-0.10527578400187412,0.3642618474986041,-0.4106138436383232,0.19907640923501038,-0.3274253917032785,0.10336870238678607
2022-12-20,-0.3534354495111929,0.2578230774229308,0.07223457774312178,-0.21661669604979839,-0.17129754459982877,0.33259293115736904,-0.5000934939600356,0.20612593943214752,-0.28383078701239384,0.10681927874651519
2022-12-21,-0.3433470393066886,0.265800196840202,0.13790495696601118,-0.26263236782766725,-0.1517121023763113,0.30422979455323534,-0.4564363248816418,0.16287397418968053,-0.22472603613999825,0.12651418628310537
2022-12-22,-0.34699034800451667,0.22718341632881908,0.13048586372413024,-0.23921762090264997,-0.21273322809232295,0.3847997355277491,-0.486443569255872,0.10633645240258716,-0.2092055476478235,0.19838148086665044
2022-12-23,-0.362249100850677,0.17512720690330738,0.14685545376529033,-0.13182831435894768,-0.21920116261323427,0.35853543905799634,-0.5198500301146369,0.05196906906928743,-0.32343187077882407,0.14714962494858802
2022-12-24,-0.3660272155415226,0.18994744391607774,0.065577262858498,-0.10410644830194139,-0.24711520163817902,0.36704226408194307,-0.5216608977406035,-0.003100691880973727,-0.3274975519587016,0.14475063307000183
2022-12-25,-0.21615287132425204,0.15402670475288643,0.1348641668875389,-0.2683661351653627,-0.19399171563119472,0.2920145017995849,-0.6600147018843172,0.10868511474761663,-0.38833926092616894,0.07583455385567384
2022-12-26,-0.06670439221979052,0.18747667835971907,0.0942282136917844,-0.20191017146222823,-0.04029442639399713,0.2756369555459901,-0.7980813781132928,0.0644517734723587,-0.4661170830664848,0.04328157997301531
2022-12-27,-0.11713624628284121,0.33048735752900027,0.07386261517267063,-0.1391745081359018,-0.006745496184513853,0.3541266892001782,-0.7968318971671483,0.0643580650472911,-0.47519558253907423,0.11436375882345196
2022-12-28,-0.0585294242723375,0.32674352715292326,0.06671804683582394,-0.050254018548324876,-0.00869739229507064,0.45660425012710215,-0.7420755024995942,0.07533832382027333,-0.4839536026811368,0.13995839700268595
2022-12-29,-0.05981116143666726,0.299725578669337,0.0823742062262144,0.011613033146817645,0.04500800601369828,0.4392310825121897,-0.7725357583185984,0.10954122178551498,-0.5078806946496055,0.09321607125059117
2022-12-30,-0.09967336361464689,0.300479083473141,0.02902422078855567,0.002144145023831447,0.10420111996943213,0.4443228173272636,-0.7071058813542097,0.09339536943842203,-0.49559646991037515,0.1438486185860804
2022-12-31,-0.019227280212567026,0.23758545552535898,0.05219018260632216,0.034487454506245935,0.05497142876085654,0.4410602935306552,-0.7440398682335818,0.015272799041103405,-0.5387194142145538,0.17393975363197958
2023-01-01,-0.1148946462575814,0.2759763128141289,0.10689608654787768,-0.11755835672496855,0.18424988300829465,0.46545503478700967,-0.7809506009483539,-0.04004221935502824,-0.44593909318537356,0.0372283041454012
2023-01-02,-0.2644533255301763,0.220002008219308,0.03810674359420506,-0.25170871222614266,0.35498054647041305,0.5328449015639626,-0.8178381238509216,-0.03993985730408258,-0.3665574664445777,-0.08953731100149709
2023-01-03,-0.24679458512616062,0.22906733529250553,0.033103047707789164,-0.18054708814450757,0.42835249819200916,0.6166487349524261,-0.7742619955047076,-0.09501017921498532,-0.34540944412123736,-0.15727078286424967
2023-01-04,-0.11018160672518115,0.20358854294952516,0.06966876450245565,-0.1933587820329605,0.4596098878990636,0.5828456923472399,-0.8050133220571875,-0.06401883599324495,-0.3492980908266426,-0.1678491289056463
2023-01-05,-0.1338115473058411,0.1974494673249803,0.14967700582314442,-0.11749747216984664,0.4293381060921074,0.5348658884688705,-0.8209363982206972,-0.04192531605647419,-0.38733577880359543,-0.11245126374153311
2023-01-06,-0.09098728906910973,0.24868487057666527,0.20021595567023454,-0.16243710569061368,0.43805661671536517,0.5209238323800214,-0.8022142810404231,0.03012623785809876,-0.28679738488985124,-0.15859009168579496
2023-01-07,-0.014007630880525439,0.2676201747142381,0.22447225372841567,-0.0952193380916733,0.3941645614019175,0.5376672287500059,-0.6461168238656716,-0.02711965083972202,-0.23750355711039303,-0.2283664030714906
2023-01-08,0.08926247461735703,0.25535118493667597,0.2228178249067902,-0.13829637152406452,0.5468547765000358,0.5182597184694823,-0.4912645075418617,0.037320069059936435,-0.1973134000057742,-0.2264642662715057
2023-01-09,0.10642185117020084,0.4823987913759695,0.24975903351238188,0.04208241007243733,0.5004093699218123,0.4817395567620621,-0.28225323880364217,-0.07367171584638965,-0.12862085985498245,-0.25112159954951113
2023-01-10,0.11505609804290645,0.46666171785025246,0.31058297755847436,0.04165886648656608,0.573066081658502,0.47843892591421266,-0.28175370648414716,-0.10190317122681208,-0.1631108624779501,-0.28877400079277954
2023-01-11,0.1327257743316493,0.4438429816395456,0.23246837356400638,-0.0018488926555025875,0.4966115390197392,0.48545173660088714,-0.290148733059426,-0.08590517301321025,-0.16454294118795665,-0.39195827264908367
2023-01-12,0.18936728795574473,0.4678409590568317,0.20317730268525916,0.004083234164495496,0.5056000097159536,0.3880929928091206,-0.28789401541099996,-0.011432154388140402,-0.19937322157092505,-0.4701296377486311
2023-01-13,0.2219766536207399,0.47929525420418867,0.14088626573689542,-0.06275937849210846,0.5104522895162467,0.3949274136460993,-0.23513424394230628,-0.001603041323839863,-0.15495674415708197,-0.4492730361839788
2023-01-14,0.2531939979107564,0.4685310166952307,0.1937086074126253,-0.12503535624188328,0.604766349271826,0.3668292729128912,-0.1579708367662902,0.016247178491288358,-0.16523775311563502,-0.5247225226101848
2023-01-15,0.2843566425241964,0.5304005821517358,0.2152895442004433,0.03533738967089907,0.6231796371728942,0.26598206551637027,-0.07658248332445246,-0.07835054478218992,-0.08623115168058718,-0.41683508972351424
2023-01-16,0.3154648180030207,0.5799311854779576,0.22579162102327432,-0.06528691497839934,0.49712001405088035,0.17552822109734947,-0.03109604051147697,-0.15931403295337698,0.031739140454396755,-0.34265794425696605
2023-01-17,0.3783234922239889,0.5140778716107197,0.2064786236170081,-0.1465345481173669,0.5827760753829039,0.23281960927356965,0.014358999309857153,-0.0032626422560440966,0.0819591168637814,-0.41962496651602327
2023-01-18,0.3322706166439518,0.5293696504988886,0.17345699655357377,-0.14953368412442455,0.6073426025072822,0.2752898882831272,-0.005921289500556989,-0.01706087760781954,0.1489534475273889,-0.3803385320988351
2023-01-19,0.34987414183072435,0.5874370660869224,0.19715516789880655,-0.12030279707707675,0.5741435813168746,0.22040269823121925,0.027245231201336092,-0.09654574619510556,0.18604830426868924,-0.3203049311315125
2023-01-20,0.37724360240589305,0.5316836864029768,0.21470056987581487,-0.10047093075700725,0.46304736765201954,0.20898730290553166,-0.0076689185507026955,-0.07901940642443431,0.12022447765540739,-0.3135351473403453
2023-01-21,0.3336780647278346,0.49538375504908766,0.24153155875776355,-0.09440970290027784,0.4470221528974237,0.1268244353107771,0.02396684317288304,-0.0887468437219315,0.13077547622154947,-0.34917069649280724
2023-01-22,0.44578188274607616,0.5223164129061156,0.31210698480985816,-0.041870313705021665,0.23460519825803874,0.08559253301226148,0.05558184940500286,-0.04462743817829627,0.08934426602897487,-0.23552376614193168
2023-01-23,0.5252137758438443,0.6402626643550011,0.4030168326009215,-0.09422137518875463,0.12403066456846266,0.06604887056118998,0.09522892613574936,-0.11133029225748761,0.10787576301553374,-0.12200262779048211
2023-01-24,0.5595223158535105,0.6486378948439503,0.38007147706015687,-0.14695446056032188,0.09940106982993571,0.08912940731673327,0.14683321435165395,-0.04698616715027759,0.09859484208984687,-0.09527051439659319
2023-01-25,0.48161005197782214,0.6813605566142588,0.37515967540116735,-0.11992066288441199,0.05208175533554328,0.06304792211879022,0.1293263603209097,-0.04113882811195299,0.08102531980541532,-0.06624120464922838
2023-01-26,0.45456432561956805,0.6545160917933197,0.37794504403176454,-0.14608073172264854,-0.0018993106252472593,0.08345394482982488,0.08701456761860386,-0.04213051575813278,0.11877450300675002,-0.04125639429461114
2023-01-27,0.45098077551952587,0.5817801164496332,0.3875785626553328,-0.1213580112386101,-0.012914663395160257,0.06301712894212781,0.06678607628532228,-0.11812311835230196,0.043992240945783016,-0.04540648372783823
2023-01-28,0.43250706505692316,0.5378968238306665,0.3744945474476389,-0.0967527670454748,0.009305098936613427,0.0970543733169715,0.1566056233349828,-0.16217153101816256,-0.047658186272940266,0.0013310143944320605
2023-01-29,0.36224752469278404,0.48203799430562644,0.2802605309970766,-0.04533568235836049,0.040466045039871466,0.09696876404752422,0.2463257391642105,-0.21653178267919737,-0.18708953349124252,-0.023598099702261115
2023-01-30,0.40004770086460784,0.4245241490174393,0.47422325808542165,0.08633611672355798,0.015123998261310511,0.16001761077562654,0.2587247261862622,-0.050996123251868475,-0.19722074445001192,-0.02955389782848804
2023-01-31,0.349172413836006,0.3981313292527316,0.421602894288469,0.13553649709662094,-0.016845397329019813,0.11871884608968596,0.3334468124032422,0.0648557744467121,-0.17075979185024834,-0.013005038155625329
2023-02-01,0.2477309974598538,0.39380962308069634,0.4600180599406517,0.1352695968180439,-0.0031621426195540007,0.11390709396407564,0.2827626124150498,0.07903261762861039,-0.2343391589700585,0.06576399809892039
2023-02-02,0.1744776456540066,0.39189202833587594,0.41096169935159305,0.0891826487847118,0.01854690908442116,0.11428918095871714,0.24211425427548855,0.0802936779077032,-0.26712367652121577,0.023558771254883693
2023-02-03,0.1895229369859614,0.39523658659070043,0.46692062145782254,0.11311682508248493,0.06709306636435401,0.12864694684087025,0.21159439803952465,0.13495124105716205,-0.20832981861448646,0.05064798521103496
2023-02-04,0.13275643853070104,0.3803636323215399,0.4080068111660613,0.1052179413184398,0.008446669322730886,0.2022257396992175,0.14198607312943495,0.1977086891041559,-0.21807756582443077,0.09566165390325677
2023-02-05,0.07606216540180306,0.35102791963508023,0.37279740203206907,-0.10112747635518125,-0.04168030331681473,0.2515691743058822,0.0681434177724242,0.3067481676414494,-0.18799430908981898,-0.1720745411452507
2023-02-06,0.019439851735880646,0.2703236869524189,0.3101575596309955,-0.16660232947589473,0.020574846313564574,0.3053251578925567,0.06547358999922528,0.36088606111095295,-0.18996148429226448,-0.40508529501167667
2023-02-07,-0.03164366645968749,0.2396162240227921,0.3029547627256671,-0.19178002496896074,-0.13205698442541283,0.21001101993933016,0.040307026964292045,0.24715021912916807,-0.1891778498587753,-0.3732165226133067
2023-02-08,-0.04169518752298217,0.2309682192014834,0.2845892827248341,-0.15888032420107964,-0.10697329890042943,0.10160942032038073,-0.05020677355790063,0.22769361830072332,-0.2103713519287433,-0.4204931756041323
2023-02-09,-0.05126436992261177,0.1954720024477498,0.24890324790877644,-0.19546242461649652,-0.07125646298972146,0.21072805862329044,-0.09086502815179727,0.20981849526171364,-0.26247738148374283,-0.44474212186129
2023-02-10,-0.0254455843609378,0.2671100779565004,0.25007255465081996,-0.24389918923232207,-0.006181236165325704,0.2531799748360391,-0.12098003644904765,0.23151075923547731,-0.18458397551174588,-0.4286777945947491
2023-02-11,0.04484482233726818,0.3116285478613897,0.23462012840425275,-0.2682850915215972,0.026101854771508275,0.269462029859359,-0.1337166493195437,0.2921106184860351,-0.20630044398222977,-0.43702751383454685
2023-02-12,-0.08241244398506797,0.40362858671994484,0.19867590343046915,-0.23880212071032317,0.07730755524525554,0.27195836477711416,-0.08947378250154912,0.35168951077219057,-0.17429160990856205,-0.4182675636631956
2023-02-13,-0.16453565669418024,0.3048621871218814,0.23078613180268692,-0.10449267675236659,-0.017640440153830414,0.25284996619633293,0.0035123716111938926,0.43368081923959234,-0.20196458805941223,-0.35958012110335275
2023-02-14,-0.18101040547086425,0.23250959251082476,0.2164015804657217,-0.07286780402098642,-0.03537150876208971,0.19302704896678302,-0.026360610419239358,0.48939928068511196,-0.18110378705643806,-0.3446012157666469
2023-02-15,-0.2047837923931213,0.2549585296412628,0.13890305691366733,-0.1133955544920145,0.00251002199991537,0.20545202137471316,-0.030437555378075513,0.45618724082189555,-0.15011040612785953,-0.3540448035389901
2023-02-16,-0.11439718058713633,0.24777983104456075,0.09524768870151468,-0.18566964188797214,0.03612377315749718,0.20638959878993693,0.02999988843980122,0.4668767919509807,-0.19156505275046792,-0.380705772412531
2023-02-17,-0.15457633376160226,0.2006776331789132,0.06896747258464611,-0.22894638844167514,0.034127772456020916,0.23869204494374388,0.06874198364853037,0.4725975015498343,-0.12338520235612152,-0.3576868036280871
2023-02-18,-0.08714976833947666,0.24327541196240957,0.08308136373174778,-0.21279263295464257,0.02717743403086664,0.18051099040929644,-0.033648645221392826,0.4471065777896057,-0.09432975517148791,-0.35500864589262315
2023-02-19,0.02052096202819926,0.23238276473000988,0.19899868780334515,-0.33896262897667323,-0.08849196585949362,0.22657187852834157,-0.13592819320649638,0.4717729737506919,0.0452094667828219,-0.33839160048999756
2023-02-20,-0.03749273389023672,0.07214998128978593,0.049012719642901936,-0.4280561589536423,-0.0741881163514345,0.22658231182520355,-0.21625304709672316,0.4334209537449772,-0.04125579321032166,-0.3710317363520049
2023-02-21,-0.02197268197968763,0.13682235791837163,0.07023477403228456,-0.4626550500509109,-0.05625881159396282,0.3140275105850952,-0.31755829618819387,0.3623514571024359,-0.009998300736304153,-0.34933163563408776
2023-02-22,0.016979320035734595,0.14755296395635722,0.012884951122975713,-0.49246456457506166,-0.0763619881012173,0.32442216493594733,-0.3109128156761695,0.3636373585817868,0.07777354601364934,-0.34549063722717666
2023-02-23,0.07314463344591594,0.16271298312123972,0.06316304423110775,-0.46364283912761584,-0.09219162571439796,0.33715044024685087,-0.27112774098407727,0.3152967908547361,0.12224575947112491,-0.2983754154698323
2023-02-24,0.03852854648304051,0.13899229365227622,0.05116683659080488,-0.47009851934167035,-0.12983949276135714,0.31119421311082,-0.28035010269645594,0.2662090717049007,0.0670436816600027,-0.2897219925233611
2023-02-25,-0.01889148503885551,0.08862076312155688,0.034645417120392825,-0.44825047931387524,-0.08653317386484509,0.252042839703106,-0.2379663448543348,0.1994312950514233,0.07047656051410463,-0.333923532627543
2023-02-26,-0.06752962928952526,0.0563675612261567,-0.051428880121516266,-0.32862290592504134,-0.13382873822257452,0.2055645618244476,-0.12495309872896429,0.22989833152134875,-0.051591913535515545,-0.05265636163566591
2023-02-27,-0.11613061641751973,0.014620798446630032,-0.0676075214205231,-0.21212471158435114,-0.21208765451490186,0.10237009798829295,-0.04738465950394747,0.24292549472627098,0.012143549029589447,0.12390496416871011
2023-02-28,-0.0002091130131290655,0.06561346872254809,-0.08640369288901867,-0.235903308440017,-0.1273123516113396,0.1437415058728607,-0.013568721835266797,0.22470071660182736,-0.034377194582668934,0.14061696907020085
2023-03-01,-0.013619550961795991,0.039800535032511165,-0.027311257836953134,-0.2502955611934521,-0.19035314309511306,0.2326447047327893,0.11722518216109146,0.26489812751319913,0.015049092832794162,0.15110455402283035
2023-03-02,-0.05422939354328782,0.04792350144733852,-0.03241257411045926,-0.24597478413541105,-0.22442795264188126,0.15409047631766018,0.1765257984601596,0.27321392012054774,0.04851370015538755,0.1663405915989159
2023-03-03,-0.03366247366198851,0.06071716437018731,0.013060465276659883,-0.2029020494735538,-0.26321163935989034,0.22479656755252034,0.16304192290648098,0.2805745951490647,-0.0069501581651821645,0.13553698250208676
2023-03-04,-0.11505017965366104,-0.02138540290232291,-0.003527439878055339,-0.20883361269321968,-0.21267222842173078,0.2588846124612527,0.1421275872115038,0.2199585549994784,0.05365764134339451,0.13709340932234332
2023-03-05,-0.06995838338940456,-0.13014377679750747,-0.04132842044619342,-0.2906986639865273,-0.1663372369001639,0.18032897088974348,0.06425549039524524,0.21460663101665803,-0.021534005497191918,0.12918007271917073
2023-03-06,-0.008559307473482195,-0.1606242065720549,-0.13073562144232798,-0.32524685200683456,-0.16646614874843468,0.19541767610208982,-0.07039100233732179,0.07326130994436746,0.004279032107735493,-0.012022662703646037
2023-03-07,0.02061717418437048,-0.2393604869697905,-0.1405786092466069,-0.2946284725807143,-0.15772786215472692,0.23284344114995298,-0.0625387922591521,0.02153096529954061,-0.04100949687568288,-0.018538716742543666
2023-03-08,0.09806947406058966,-0.2541321328648402,-0.09958695296147009,-0.23586178503619615,-0.1707334831330964,0.28166845327000284,-0.0661329391788592,0.01812773450372191,-0.08240764780832532,-0.05728728813213314
2023-03-09,-0.0014785298924439821,-0.21398663248577196,-0.09229682126709113,-0.1913911757663768,-0.17733159107319793,0.2752960291685945,-0.07250761725229549,0.020350934147019148,-0.05112125591470084,-0.07024500340126207
2023-03-10,-0.04875001998014819,-0.17459852038972826,-0.052811214566266654,-0.1805476651291852,-0.14440809232839913,0.22401708927399475,-0.12162578826481726,0.037760895342297464,-0.07482896624504604,-0.09495379068342921
2023-03-11,-0.12279715674861047,-0.2093866741268743,-0.06903806586659665,-0.23105547247809743,-0.14059443282687903,0.2397743753367885,-0.09914569552957285,0.12124327809026829,-0.09220528893328395,-0.09602738012536453
2023-03-12,-0.27030722935212387,-0.17127737525420297,-0.2220665021541293,-0.2266457198345063,-0.18985369466480467,0.14703360247662003,-0.07668426325266012,0.11049164554853583,-0.07151602968478545,-0.139870998393973
2023-03-13,-0.29718681119886053,-0.0870283646856781,-0.15265706087996217,-0.16707552334116407,-0.1852441299257586,0.23916169429566186,-0.05424144843674736,0.04481173066750185,-0.028367416146898135,-0.15340008034356126
2023-03-14,-0.2822616576660311,-0.16463928238205594,-0.17063270331264435,-0.2267018662052523,-0.2030661445025233,0.16173333174745017,-0.020186960640022455,-0.02511393492542799,-0.08325080457627344,-0.09675370064167063
2023-03-15,-0.33781440614258057,-0.21987318769479677,-0.10435296867577826,-0.16060019868206693,-0.18066462428586666,0.18876871890497,0.005421698254539331,0.016389378176024424,-0.1240223946591905,-0.15375262511461824
2023-03-16,-0.33523144102028163,-0.2401129757719717,-0.0951472183382853,-0.19597926586816816,-0.2251499796885243,0.14705880384517628,0.0071227356317625935,0.0708422016288717,-0.15717457545785668,-0.14598094661292008
2023-03-17,-0.31430006670335453,-0.24651011995233496,-0.15496730108141912,-0.26105366496847915,-0.2475200047779747,0.2408498889999369,0.013597827802019628,0.13828548484523098,-0.12437128078283319,-0.1852558777500672
2023-03-18,-0.22935764539235703,-0.2498884394672222,-0.13918674965447592,-0.2935859879531676,-0.26355506167046516,0.27588661801138187,-0.022241614446970877,0.17345920123960362,-0.1009463874759006,-0.16390186241922602
2023-03-19,-0.178109908159793,-0.29558312749840693,-0.12441199524575876,-0.2753407219691474,-0.25601782944672113,0.2757531650227173,-0.01650798722988703,0.09576903146166008,0.03688144252007236,-0.28629490632952875
2023-03-20,-0.07188534156600539,-0.21933234678921862,-0.03407378637002816,-0.35976369566194677,-0.2302814037164438,0.3316128261007735,-0.010798082282701647,0.005938206635418066,-0.018992836549869285,-0.35440946282598373
2023-03-21,-0.10110341984797114,-0.30408793528410516,0.038980309472024396,-0.3161749371151013,-0.29229939292421053,0.3069101020468993,-0.03124240826033037,0.005558651546117449,-0.011377465522488757,-0.3751440225681342
2023-03-22,-0.1198171601442852,-0.26923839546013634,-0.0067553683214747196,-0.320188397847162,-0.2623209106275641,0.35348948760370635,-0.09553706351894521,-0.004743343307356499,-0.08107252635239652,-0.4092506061691945
2023-03-23,-0.0615394324185161,-0.34953033817856155,0.00836030328257583,-0.313805960065929,-0.27953528447139275,0.4369319802034893,-0.1358431655735115,0.023621046677952378,-0.1286014168776454,-0.47199898146798863
2023-03-24,-0.06810948210586432,-0.4149694286974467,-0.02523535281172542,-0.34918748774405295,-0.22318437563273127,0.3462437893107547,-0.09895250686827281,-0.001501933280903922,-0.0933477317311657,-0.4922680992028659
2023-03-25,0.009900299784869504,-0.30005914976800196,-0.015004254686372611,-0.3830423098514461,-0.3070418631551632,0.32310133838675364,-0.1032621602999051,0.020655886328632807,-0.14584370802857438,-0.4265563712523597
2023-03-26,0.04865369965637735,-0.2626428143932028,-0.05560198327551297,-0.3594535409604113,-0.3569816676727268,0.3791278835318054,-0.10756728603689515,-0.005336341167022376,-0.06709629489268683,-0.5501043644316143
2023-03-27,0.02599635262758147,-0.2917481120343202,0.013355972594968494,-0.2512347314265352,-0.35699139342514785,0.3426204360988772,0.027640013186695674,0.1137782338037687,-0.1517064749372219,-0.4588789429928906
2023-03-28,0.012363735626760852,-0.18637298530642382,0.0027083189029894405,-0.31842099174352656,-0.3652417255532671,0.33257886004245923,-0.007176808019460756,0.14121887966578892,-0.13755551010148093,-0.40234007880976774
2023-03-29,0.0016391651583426187,-0.19115943233632068,0.028013440425288333,-0.33526056368292717,-0.34192033158626806,0.27928327199397984,0.06369929645462506,0.12963740215320207,-0.14355866868009662,-0.33138860893613337
2023-03-30,0.03522417432482008,-0.22454578863372268,0.018511002643923764,-0.3172189849047905,-0.34693317732393386,0.25228863719542033,0.0969545974939775,0.14126004536824788,-0.12539124890685166,-0.34785793567453754
2023-03-31,0.11672074140203295,-0.2102960147650057,-0.047789824847281066,-0.2562620697895491,-0.3842401380841114,0.3379036994255354,0.15596018190420496,0.16033671297607313,-0.10671153252699261,-0.3245820634315843
2023-04-01,0.17613525165690047,-0.20762196358040427,-0.047644364065661055,-0.2261016147285309,-0.394581488637206,0.30316728597073517,0.16840103904090764,0.1601255822295017,-0.07748847492430128,-0.35196602608941646
2023-04-02,0.1757422543687994,-0.1748148001046927,-0.047776947380795104,-0.04875558460368324,-0.41378549779125445,0.3029658050071723,0.18083604823057062,0.21570310217815786,-0.04645207584600168,-0.2643706930838442
2023-04-03,0.24400936883811516,-0.2628670829678055,-0.043931648980878056,-0.1375897462776912,-0.33981227682100085,0.30577527178950303,0.09679803154655374,0.3249929358569409,0.05057859879501349,-0.1768506096303067
2023-04-04,0.2856834227376412,-0.18391044156702088,-0.07097049899816843,-0.0788643109241861,-0.3636441233459316,0.3186025063030113,0.0625881621635675,0.3626186784852232,0.0856758267374784,-0.26100102528901925
2023-04-05,0.3008954068141923,-0.10990756208005903,-0.03188830612825995,-0.15416906533777075,-0.3160934828738512,0.26006793557104857,0.06832991701626898,0.33203262505441616,0.07323619880034063,-0.22249021078886988
2023-04-06,0.27591898677521176,-0.11094271957255863,-0.04048974410426917,-0.15133253914124153,-0.2992188070554062,0.2784006048919017,0.09151523226337935,0.30825444544551195,0.09957500184962936,-0.23169485890708774
2023-04-07,0.29108791350749846,-0.09247181197627871,0.007253437760718788,-0.08625712890170707,-0.2761669582426059,0.15522884991338623,0.11307654384713024,0.30282684715314545,0.13614909370902986,-0.1569080483788819
2023-04-08,0.21453847695957498,-0.017320060107977146,0.030504408054969023,-0.005012113854973498,-0.23899835593091215,0.17330740466091657,0.13967955643881313,0.3073319384112335,0.15561526434143477,-0.0489218268439504
2023-04-09,0.19035468269070382,-0.01949528194266681,0.04929472460929056,0.01820434773796234,-0.27683246620283486,0.1731324681447066,0.054060249939475856,0.22703948762971807,0.014531008495469818,-0.018971526258626383
2023-04-10,0.11116692253360849,-0.08602801956131907,-0.05883867057268807,0.0595009835744351,-0.10915162584093792,0.10074011098930463,-0.07261120619664513,0.28408710308622576,-0.09061027914126274,0.1061036768903304
2023-04-11,0.04240289486032448,-0.01998278043134088,-0.10609782684142918,0.03072750498502528,-0.13983424480163592,0.15077974845421652,-0.04398272086492422,0.30259060165262125,-0.05061045106471716,0.09555103512772746
2023-04-12,0.0491493606843705,0.022042763319415508,-0.08500524725761267,-0.016144704399056783,-0.15660219850374985,0.04479348071350255,-0.07965750888333571,0.3322719410639454,-0.06602564079823062,0.10052034539084245
2023-04-13,0.022294443505330726,0.0791143586796936,-0.10377490711196892,-0.016623681681166003,-0.14008272267357252,-0.010729815192235984,-0.06070299227101339,0.33393630736436253,-0.01980341285297793,0.14895994084953929
2023-04-14,-0.04815394586824529,0.04522149426759396,-0.07300468148722998,0.012393314446301215,-0.24648422693083974,0.016046876740036815,-0.052799515755548046,0.3231892682882468,-0.04354093767763359,0.18781176186272544
2023-04-15,-0.10340391696690168,0.010097818124174264,-0.05947302353803315,0.07872949337714706,-0.227515346471848,0.05559197330609514,0.006621510485666322,0.2990490681645423,0.010277372973117978,0.15003614875950047
2023-04-16,-0.14253398214462412,-0.07559151686559624,-0.011460519037329028,0.1067945522096845,-0.19167243938548695,0.10213782180616243,0.06600551677280746,0.21497435135782503,-0.03531202070744423,0.1849191299342135
2023-04-17,-0.17737586731682725,-0.10040150271776392,-0.0014457508968031313,-0.012841900386097015,-0.172510794965349,0.17529738675668924,0.11166485014607505,0.1173972635717019,0.03175976819457525,0.179170233724806
2023-04-18,-0.19847109926595943,-0.17221143443469142,-0.03126255701920516,0.0132439753170972,-0.1552784352259537,0.1477386983658072,0.11620118382485042,0.0927848819750986,0.022552265156491818,0.13693566403210428
2023-04-19,-0.2307393917029151,-0.21366099841816327,-0.0692775817735255,0.004734502824698587,-0.21310180342117024,0.13301517233718366,0.07483624324315243,0.1025725634664728,0.05590235443161664,0.08491208817544169
2023-04-20,-0.22481411456902825,-0.21300439534164675,-0.03982431269637017,0.05300898592213689,-0.18225668308718249,0.1477217093205277,0.019538769586188377,0.059280718555430455,0.028858080239496358,0.13903594814381984
2023-04-21,-0.29699633491508287,-0.2318292526272822,-0.0395766777401373,0.0012304548527937442,-0.17147382522675822,0.06651030245394701,-0.020398335405449643,0.020156656991803197,-0.03529721427893857,0.10516092725193808
2023-04-22,-0.33330691582061905,-0.2212464543934612,-0.012297738673899479,-0.01969401307504789,-0.16140127194280526,0.1978483204070885,-0.011383961996137027,0.014380636835496095,-0.055170385065211006,0.08949960750768729
2023-04-23,-0.3174442017139643,-0.32092147002622545,-0.012458757217983295,-0.11137325566558118,-0.11700934944380105,0.19770758278735492,-0.0023734119550616792,0.018000665916586306,0.019981174437192918,-0.00496492175734515
2023-04-24,-0.3735891765542855,-0.19889246760026258,-0.13060943029112693,-0.025769277282817155,-0.04918173039619276,0.15601924299148587,0.1036945168608407,0.046463757567409836,-0.005069957002062697,-0.09665016137524055
2023-04-25,-0.45252381342090264,-0.21302812529384926,-0.09696084100476868,-0.042975924170386086,-0.033267085295703464,0.14770563501907372,0.10348374108791643,-0.011294932985283982,-0.01048587887860706,-0.10071730958746664
2023-04-26,-0.47450592621113963,-0.24006935744772243,-0.12992010957508385,-0.04973048761885274,-0.01412731344635077,0.11972279645637056,0.1015033992202081,-0.035557737647932394,0.02833110135640614,-0.10794185932891781
2023-04-27,-0.4811461482193144,-0.20606826052233074,-0.11483880807549915,0.04036623512086709,-0.012678224486337803,0.13995161144129667,0.04073880381423003,-0.07922612452469306,0.02592600960897975,-0.06545258364160489
2023-04-28,-0.5047147421051551,-0.2418873289860652,-0.13600469303788318,0.0817765094024277,-0.031676876530486155,0.17801193942767413,0.014312422990483813,-0.12957853376419567,-0.034464507247812394,-0.11473944604662738
2023-04-29,-0.4811658723387359,-0.21519059859264722,-0.10396475336850752,0.024417277744882643,-0.06391089813294676,0.15233005015114265,0.016506606204154936,-0.07914203233404676,-0.05348362450303223,-0.2517782893564827
2023-04-30,-0.5084391741082005,-0.10123641953128343,-0.058552093035653216,0.026805728921432164,-0.052533734236271154,0.19838402916699857,0.018699886592098522,0.07267967155871509,0.0785179557025785,-0.20100170502425208
2023-05-01,-0.6326644389673929,-0.06239888512911222,0.05501148093505667,-0.11171705820825384,-0.21038915834716213,0.2992885689815924,0.062112945078965115,0.13627681804749728,0.13955357284674186,-0.2509260835096532
2023-05-02,-0.6331677562870781,-0.11334217714042463,0.049093136323636336,-0.1387992355945818,-0.14208881845011728,0.3053530483604129,0.03803772214009848,0.021509168879351687,0.10736425552033788,-0.2761050541181408
2023-05-03,-0.6186606924558095,-0.21236300023237245,0.032212881089385706,-0.14213662430622487,-0.1762488595474049,0.34009920928956977,0.07779668138984806,-0.028938095488007277,0.12685287068604043,-0.26668951318422573
2023-05-04,-0.6244929135914553,-0.19918393382359637,0.018785681163608663,-0.1547898644992221,-0.1947414089772161,0.33305451232541344,-0.021509826456322396,-0.07727934132505315,0.0945652555974264,-0.26754473927939637
2023-05-05,-0.6020387865227332,-0.19348030354996612,-0.0033225420583247152,-0.14712598682880304,-0.11338917077972994,0.36119408966746736,-0.04928537780985426,-0.06866136265130904,0.08091020764271818,-0.2827381968611067
2023-05-06,-0.5085387074386786,-0.23594940292606567,-0.021142304682244834,-0.06183254080753717,-0.07437049288255118,0.2419624018363642,-0.1087801656357416,-0.0632695819936356,0.031632129354163784,-0.2606725221637666
2023-05-07,-0.42032823553342624,-0.10363903117093365,-0.05170982711549905,-0.08494374898507502,-0.05480768340713839,0.13890529413570385,-0.10045468493905045,0.056739297714259354,0.08757152731137317,-0.17953545584770683
2023-05-08,-0.3364416492114916,0.05747376961998974,-0.1370737391419939,-0.0054516291996214205,-0.02270606799938762,0.008182408706261449,-0.20302927361786677,0.13052767401249932,0.07386342522316068,-0.1791801765578214
2023-05-09,-0.3301646344212076,0.057383537285742914,-0.08284801819157687,-0.03027706633407076,-0.056877609242637614,-0.007464956023303826,-0.11619169506082228,0.1371868996006132,0.07500126664266053,-0.14241809185890572
2023-05-10,-0.3254787090196817,0.0905006780776178,-0.025127628233844995,-0.1081522287018012,-0.055463996522004635,0.07259866920631801,-0.07681043078147225,0.20110109662966338,0.0019387942829119879,-0.13598310997754898
2023-05-11,-0.33065974704558493,0.04130940569856767,-0.01702440643850704,-0.1607963192625425,-0.07036841163038235,0.0659982669917402,-0.04572039924014,0.22079026165636523,0.0032176128718560152,-0.1653142200868211
2023-05-12,-0.23402967389142387,0.04900076177504055,0.05727789901808973,-0.20036089596255474,-0.05636803214911008,0.09240448401623344,-0.028465664486382863,0.21555130248255797,0.011307993700562393,-0.11733823810277387
2023-05-13,-0.23602883950404643,0.01157150067183334,0.00898615140688869,-0.2122898560520486,-0.08253615035954057,-0.002798320826825306,-0.04026239779025541,0.294493623430231,0.017032869715554937,-0.08209191997742862
2023-05-14,-0.25169172226609104,0.04590572447187454,0.04810869263862979,-0.18552494729184663,-0.12692398306491512,0.032033276702114866,-0.052054183056627214,0.29387435911633386,0.05393683693175052,-0.10372846792820918
2023-05-15,-0.20683448609828628,-0.10167083609779984,0.15361081026098816,-0.4327730344727577,-0.2878973704952895,0.05061661073036402,-0.10430549156500597,0.27022177963934896,0.04725237866370434,-0.052587022565476885
2023-05-16,-0.19378027423445024,-0.09680424856187238,0.14035191593597804,-0.46262984465491225,-0.3040258765753455,0.06117778438060291,-0.07324833368015822,0.35437343816524397,0.0430768628586265,0.008664120873268167
2023-05-17,-0.16421685262146515,-0.13128244535901556,0.10507987249663507,-0.43213747443749156,-0.3903785528615496,0.08129251941578597,-0.07235966122995613,0.38466150970496205,-0.0037453027581381506,0.03847776133797085
2023-05-18,-0.17470843397679375,-0.15931704919106707,0.06929175921313217,-0.49392312577552755,-0.43904006195169337,0.07467097653149736,0.0077616437913539645,0.4593381213650898,0.017746330902088995,-0.018443753178033446
2023-05-19,-0.19753874761298645,-0.04922708438492439,0.057921988429366925,-0.5555486124585994,-0.44197956032901864,0.07234038587795255,0.007273664119743075,0.45473044649837113,0.023021028289254723,-0.024120820484112265
2023-05-20,-0.1326253531981285,-0.1265850180473124,0.008716775687535025,-0.5497716042355393,-0.4528894136386846,0.08337588762349833,0.018916241044341604,0.3501413038926344,0.06713273543964193,0.01695585377917217
2023-05-21,-0.16352457061969056,-0.26019421824375694,0.012807876511599718,-0.44097932022977976,-0.40819078584665214,0.0933820940857898,0.030553273255110792,0.2973722176170475,0.0027253086584179765,-0.02558598214210307
2023-05-22,-0.05009539420229746,-0.3756757662536709,0.03032883901247916,-0.2878587450097711,-0.3997830628812259,0.09252419207118733,0.11361519028867513,0.2559822780186609,0.046930523495428866,-0.013158988468182885
2023-05-23,-0.026816539131626325,-0.3723255414994053,0.05900302649128221,-0.24436868555021152,-0.4394243579364233,0.03838486952054961,0.09951327243441688,0.3501470608208034,-0.024049410574320813,0.006752694177553425
2023-05-24,-0.04382806656303826,-0.40399167774863237,0.03120203318087731,-0.20693519163124927,-0.39887859244822177,0.03852681923942528,0.07689448872181359,0.34357412114290503,0.027462937362890717,-0.03177891847488546
2023-05-25,-0.022700205801377993,-0.4486224703364788,0.018746991841658452,-0.2128766163498632,-0.39043616853900404,0.01789020984768918,0.13833268966319712,0.38052926641114987,0.011991122226441714,-0.05927432478078848
2023-05-26,0.03856678139272214,-0.3835935002205322,-0.013514890665458664,-0.21876947653429518,-0.3927341137607858,-0.04596004172884015,0.15677334320383834,0.38251939624602604,0.07277303980081122,-0.0713730342452144
2023-05-27,0.026100050626642095,-0.3723577138484218,0.0073923379645443495,-0.32326334029681025,-0.44295754007996924,0.06322177265323133,0.15759006330452696,0.37646423921423483,0.09459984758554112,-0.06900877374258015
2023-05-28,-0.061917358523256555,-0.41807601656418164,0.011436756047433237,-0.2497175081848534,-0.5397808729311455,0.08135069484363772,0.09062135094011152,0.21900065542081548,0.08890026590467935,-0.18547470848800124
2023-05-29,-0.14986857851547006,-0.49530659479004735,0.048835977047882645,-0.2695330048130694,-0.40422713956229767,0.005349348275880935,0.0017281601544329053,0.14523850045343667,0.09551378244072845,-0.1723877083750008
2023-05-30,-0.14740737934784556,-0.4482794355836389,0.04253748121274942,-0.25069966826185386,-0.35288021933882696,-0.018332357640501493,0.0019604969385616485,0.1699501695909501,0.1047637003025107,-0.21241508125774486
2023-05-31,-0.1839134526462138,-0.4644833456283629,0.0404942033117046,-0.20925474825458992,-0.3166559459250553,-0.07521231447052125,-0.02395992044378296,0.11259443598277412,0.1423476700961906,-0.23972130073833067
2023-06-01,-0.17336830942267664,-0.42155289589455347,0.033245141705021665,-0.2066608921720295,-0.31981840144581836,-0.07159483260129043,-0.0348587897725562,0.09653041967594338,0.1451975954743281,-0.20034077386876664
2023-06-02,-0.22254345944396764,-0.393362095693071,-0.014004933467194936,-0.18947535240968877,-0.40377442221171705,-0.07410333345391786,-0.08239655820645593,0.11929565294343612,0.21010215659764953,-0.24564873341446444
2023-06-03,-0.2842416281002301,-0.40209918672975686,-0.036878553787759116,-0.2155155853968898,-0.3745915999624646,-0.03363170554180437,-0.05760233155900768,0.011279765323792592,0.20591938489346415,-0.230862433681518
2023-06-04,-0.24261248752989342,-0.41910525398094756,-0.06416130584064064,-0.28051015105032745,-0.31493446466511027,-0.06856573471943504,-0.03281961305394924,0.0587420547498103,0.0786751199314724,-0.16654189447248346
2023-06-05,-0.30020009086666594,-0.4032471245507822,-0.04032012685111496,-0.12421123184609775,-0.31797899674853913,-0.27426214611876437,0.03182206729627528,0.0032166273624782546,0.002955198260700041,-0.12521235626091518
2023-06-06,-0.286411085319004,-0.4521775566584256,-0.05143982124061946,-0.08987019499486264,-0.31444295197798794,-0.31362430608700737,0.04539013106851447,-0.04539357011879643,-0.00986798487760055,-0.1717762695428167
2023-06-07,-0.2473380992650896,-0.4251030645248207,-0.06386405442930161,-0.009512662157235844,-0.24515984354132458,-0.25088895772178565,0.05701192583539252,-0.04554236469058649,-0.03191411378831636,-0.19254027000891863
2023-06-08,-0.1948787899404272,-0.4151757693826821,-0.037563657504215475,0.03506791608517136,-0.15695513618435314,-0.205844036649136,0.028346810464140237,0.023333841495970245,-0.025324738624837893,-0.12185969319543749
2023-06-09,-0.21883791096323588,-0.4634070477426888,-0.03996485001021234,0.02932451626799095,-0.0989859547962042,-0.2479856954823006,0.02895373226515915,0.015788411149818275,-0.013358087445762641,-0.08622174611629513
2023-06-10,-0.2233144477676388,-0.4624619307395528,-0.060865595712860786,0.007853221284306575,-0.09110119082612099,-0.29477952300649496,-0.029538709103870242,0.07357522956835881,-0.049981766703129926,-0.09470772323262837
2023-06-11,-0.19229916501409297,-0.3869358071868126,-0.11082982401751168,-0.11972293538434231,-0.1049623565886716,-0.34730863392889705,-0.0016606944402260695,0.03226560832506829,-0.10488326376625992,-0.11507871191478479
2023-06-12,-0.13425580581053692,-0.37123763469633936,-0.22157341997626454,-0.15819554315219536,-0.05042379937283435,-0.44748730280793886,-0.10490071593391127,0.0013783286191537878,-0.21246224146817924,-0.13543781549986333
2023-06-13,-0.15311486375058622,-0.3410915871444492,-0.23738003732682308,-0.1444426337932366,-0.03029794146881201,-0.42582856176269,-0.09083279895475027,0.005339466712905596,-0.1277072101871605,-0.15087753083484062
2023-06-14,-0.1345097535018032,-0.2773785042089541,-0.21581020083472616,-0.12687024550134882,-0.03026041880482176,-0.444727839621294,-0.05837334384971889,-0.015624146000867605,-0.16514695845608682,-0.15761743091961603
2023-06-15,-0.07712721278035051,-0.26725646171699186,-0.18382941723524282,-0.1145396189412392,0.030155108166802874,-0.40090724935517763,0.032874671855858115,-0.0044440686168093725,-0.128900579269305,-0.10334920555826226
2023-06-16,-0.13066143203229705,-0.2822141664418646,-0.18503784688574498,-0.07581150322297486,-0.02860754368036393,-0.40501178726036274,0.0357568604937056,0.009576291429618924,-0.15447386480970363,-0.10989877982286925
2023-06-17,-0.16739087602348557,-0.29537202362174036,-0.20509883357300313,-0.06161152295709165,-0.04112020286811733,-0.39246742183806677,0.08887734572555418,-0.030435572733275056,-0.1459124462181911,-0.0798033374998227
2023-06-18,-0.1674466811895214,-0.36559918466887364,-0.18329221051525815,-0.16161366703311403,-0.041127633316554675,-0.45688317472265844,0.14196676674124475,0.09447064559916632,-0.20503123698732992,-0.08533758148546404
2023-06-19,-0.16750294928780243,-0.38808784873679986,-0.23480904391899443,-0.23685315717539326,-0.17096562724150774,-0.4027280101993826,0.2020643143494831,0.16802290002857465,-0.20150936032975258,-0.08627336897617284
2023-06-20,-0.20904937727688044,-0.3659775118443184,-0.1957076625170338,-0.21384630489974857,-0.20562467774279305,-0.38656850996507075,0.16893884599128217,0.11913266945397305,-0.17387272646274984,-0.0036734568319913945
2023-06-21,-0.14478178529484434,-0.3672279797922427,-0.25402486070693575,-0.16553798028915837,-0.2734262727112696,-0.36715871300561315,0.1280280526014794,0.1089943752885612,-0.1668393821907539,-0.024554631764224285
2023-06-22,-0.11786850527340123,-0.35417710507052547,-0.2743235228527624,-0.13564694759233328,-0.2561131108382579,-0.4240395487603295,0.1414580827687784,0.06178641134291484,-0.16797218794350485,-0.06153483470714661
2023-06-23,-0.1060003659065575,-0.41093592073550383,-0.3068192546584192,-0.11034469712319812,-0.18935821201957728,-0.4591048218741196,0.16144713724186474,0.04535158124020768,-0.20296112668338853,-0.026987511279292793
2023-06-24,-0.0794350075806417,-0.42654770786359475,-0.2789804183679636,-0.09910569392054455,-0.1745116272942431,-0.4963341967729504,0.11330137021530652,0.0338569480021344,-0.17005380610472468,-0.03748874174870168
2023-06-25,-0.07296743975823994,-0.47834096610415805,-0.44208814416060593,0.026333909196365784,-0.2090935547721861,-0.4693654477268608,0.06517985430684592,-0.07993417444865124,-0.042750027489248055,-0.0479857536062835
2023-06-26,-0.0559167757737188,-0.4408428153846649,-0.5714341115992573,0.026524555461626624,-0.1278128806627923,-0.4282919908257544,0.01708255281280486,-0.1462563128078937,-0.02378089806788242,-0.05626962989369111
2023-06-27,-0.0507595026908901,-0.37692629659715216,-0.5433081265619245,0.03854914617974582,-0.12239951045866158,-0.3399066063185301,0.0074434236331245894,-0.12386446623313113,-0.0005174713147073953,-0.005264014784763581
2023-06-28,-0.04813686273544317,-0.3669235239437877,-0.5367031548045785,0.014511499625863353,-0.1559103192841868,-0.4082408972706887,-0.011228512910603724,-0.09861014282428483,0.028215673186036065,-0.02486985806462107
2023-06-29,-0.08692721783896648,-0.3512047027449314,-0.5243292742270557,-0.08811366244980556,-0.18786324094767787,-0.4132303034147605,-0.007852315392919288,-0.18146298450973727,-0.02076357405892083,-0.07782248008484681
2023-06-30,-0.04091954857676417,-0.4264154189450687,-0.5265191944251272,-0.05300511476845019,-0.1821451916487429,-0.4056485614706581,-0.015641406514551287,-0.10450565722385828,-0.026156031151470232,-0.11270656501654311
2023-07-01,-0.10911408892586978,-0.4098204862729891,-0.5271615466777402,-0.024549494826509737,-0.20912855803529423,-0.31154511251443207,-0.05593638215381529,-0.12450005778340323,-0.02855308671299626,-0.12599597738096324
2023-07-02,-0.05600213175324574,-0.34474662243054627,-0.5267229032858809,-0.0327793013738033,-0.25111976848371553,-0.31504222111123226,-0.13944455052583538,-0.08560584774234903,0.0350886635511496,-0.15114453644331777
2023-07-03,-0.07131057095282453,-0.34447348145712064,-0.46502003193385055,-0.07157877335132268,-0.3227971132728039,-0.3347020913905122,-0.07944458663758035,-0.01835521678615773,0.08453856161623106,-0.0683911900563744
2023-07-04,-0.051543261552729286,-0.38161985561142114,-0.44555637107560436,-0.03676514093255482,-0.3310335193773213,-0.3263112711858787,-0.0917083926887672,0.024828033562407086,0.14883003025429278,-0.08119206567747167
2023-07-05,-0.0981439846258769,-0.41105862518318387,-0.41308893906964106,-0.06322037272647285,-0.34796632654874876,-0.27963443566438634,-0.03951595761074935,0.08274701841094284,0.13943557327983497,0.001428642828899836
2023-07-06,-0.11246738895334239,-0.39356883592309994,-0.43718936648908346,-0.03869078140349865,-0.31226115322210707,-0.24413455441720902,-0.0633586281259918,0.09085143884100033,0.15333341152669563,-0.01878880254934739
2023-07-07,-0.09901030376310298,-0.38865350994303727,-0.406078073827267,-0.10011514988813036,-0.2007192384993743,-0.266385731615795,-0.06329115559153389,0.06821718986788548,0.09779589503014034,0.04674691461508459
2023-07-08,-0.09747088390905982,-0.3589432756794568,-0.44462577326649383,-0.1292907141881099,-0.1784410752638507,-0.3516757231177473,-0.05292491933211781,0.11190225948341105,0.07060295136225857,0.034367361277518
2023-07-09,-0.05699178939308073,-0.39614994641593076,-0.4880927248890633,-0.06599561013047105,-0.15547517727123528,-0.32143783570976964,-0.04256504602511945,0.06065653245826837,0.08772302185719136,0.1156800454158646
2023-07-10,-0.05721453507949529,-0.3838624382535215,-0.5475223672792213,-0.16193830002614784,-0.15035380315110597,-0.23722915909418443,-0.03221152453110465,0.11982344286327636,0.061560519931690046,0.12091092333088131
2023-07-11,-0.025361566332229492,-0.40832917847792044,-0.5634395775538698,-0.1965630348073127,-0.16344788100331828,-0.2319900111311876,-0.010644610988344556,0.1822619721459691,0.04089839645529068,0.07175033735646366
2023-07-12,-0.053791143352963665,-0.391730371206827,-0.5668370939622328,-0.20145485552674047,-0.17344895257632084,-0.2123652611896559,-0.008219560151812789,0.14715706150420363,0.052911421974561626,0.1323719006369555
2023-07-13,-0.07018351322753726,-0.37307834927702527,-0.5745734460167317,-0.2328925189216998,-0.1435384033440515,-0.18851232546458543,-0.032475868801992866,0.2190807560371809,0.07198958738525214,0.09992080220105996
2023-07-14,-0.10171001534793785,-0.3181505696287452,-0.5394096342297501,-0.25435686232498667,-0.16580337951997756,-0.1674146775997723,-0.050090248535955804,0.23213277093349474,0.0681215822774099,0.06074864955304865
2023-07-15,-0.08959271905514551,-0.22658273670546544,-0.512082146780847,-0.2342151468296611,-0.20186888505474151,-0.13614963362358648,-0.06122146637795951,0.20917166654687774,0.052591173944296694,0.04726857553927112
2023-07-16,-0.1324008510246837,-0.21145783217040734,-0.2009780014059113,-0.31808667582347205,-0.1912932003469996,-0.16275987478498544,-0.07234230438218943,0.2687460275874808,-0.07949049936790038,0.043310366494695184
2023-07-17,-0.16104935559519312,-0.23603538717419748,-0.17969480812148525,-0.23759648093985983,-0.21736936996638928,-0.16272188874814314,-0.08345278760928662,0.31445007255848423,-0.10319947873915657,0.051898829083394785
2023-07-18,-0.17945312761259383,-0.2636625315933825,-0.19337010876009217,-0.2470131619237595,-0.2421636088721193,-0.25059816970758475,-0.14195637248746512,0.31292073772393253,-0.10406420808940017,-0.039223724312735034
2023-07-19,-0.18782904920638405,-0.31282765966416504,-0.19402792499037894,-0.26629635678868224,-0.24225283410950785,-0.2205113957174179,-0.18942205068090848,0.2675673193885119,-0.06419664280128158,0.0175825429742101
2023-07-20,-0.15270922891222868,-0.292677328773208,-0.22735442837528747,-0.1765295177284215,-0.2626951046176397,-0.21692691673338885,-0.25937413605293763,0.26702540447714357,0.0017150872965044943,-0.030052451760584537
2023-07-21,-0.17904778686409625,-0.23976208670400265,-0.19167285289498887,-0.16280890624979422,-0.3428836355221388,-0.2565618966046901,-0.24761757560516406,0.1905062607386452,-0.008119529816958394,0.01937487383274415
2023-07-22,-0.15467338125695754,-0.2767365673173756,-0.198688590550489,-0.15295532133741105,-0.33112595507025216,-0.336750172965533,-0.20297701694907794,0.19973974582252538,-0.02371848440856042,0.015471911873418892
2023-07-23,-0.18304754322548164,-0.24813721103298744,-0.19301534760160027,-0.11574880895135072,-0.2384600193090321,-0.25313054653696526,-0.20146304307317756,0.1500888757471002,0.04266972933445627,0.05552019667597778
2023-07-24,-0.24244670703768895,-0.29063210782280335,-0.22956312759247743,-0.07408626538972256,-0.2771991639373187,-0.2592391518397574,-0.23814272025665875,0.07208583515246969,0.016782782331107447,-0.018919128444910595
2023-07-25,-0.2614583654712548,-0.27908516946271095,-0.2416575371024487,-0.13279226607283384,-0.27482762712207526,-0.22318592914848065,-0.23314629307322962,0.08460789288053043,-0.05807126931905022,0.00808918757712492
2023-07-26,-0.2502205863560376,-0.2507128796161661,-0.2552265746460086,-0.1356183168665972,-0.2840982739194574,-0.2662252537177953,-0.3144946094492239,0.059113059305641764,-0.07445278094459659,-0.03258042534199527
2023-07-27,-0.2697996184725828,-0.22156458069818113,-0.23617532660511686,-0.1557903541707569,-0.38565125364694536,-0.3702212857594874,-0.3844177734678138,0.006269912725963419,-0.09665333648929654,0.018867710367754337
2023-07-28,-0.26990731439564036,-0.19480757722568973,-0.25058726436659906,-0.0846795463829334,-0.4060906681815674,-0.3212790582634421,-0.40082504292575666,0.006855171747666901,-0.05002898942638617,-0.03675622900157984
2023-07-29,-0.25471188850783166,-0.19065877984090635,-0.17236272853521675,-0.048525285492600705,-0.4320819819532444,-0.2952627226056758,-0.40194538243323563,0.060036296929098926,0.02507185368495207,-0.06110549160060381
2023-07-30,-0.24728253338311687,-0.20278520016289012,-0.08719495815350926,-0.09706176019497645,-0.36907260403182107,-0.2787673311506039,-0.4030646991187651,0.08332852458305195,0.04133766615224973,0.03188609572699549
2023-07-31,-0.15487373592139178,-0.14412661899246906,-0.016145665807322823,-0.005181614869662272,-0.3847786787304802,-0.2691037896301313,-0.40418299520735534,0.005005465345178227,0.0366240675531705,-0.009446452690564544
2023-08-01,-0.142158982816932,-0.1329746408759135,0.019256656531306624,-0.036273925404368725,-0.37418346883828396,-0.2580858743822264,-0.41652000567047376,-0.05802390512616273,0.048760337482241844,-0.0059319676784894484
2023-08-02,-0.06654321513221344,-0.13869384820963213,0.06211348918642527,-0.06551668674483921,-0.25231946351852513,-0.29452962052983644,-0.35052871596337337,-0.0033933131301860675,0.06500669620782075,-0.020767127518035847
2023-08-03,-0.05997918641036257,-0.18501043656623647,0.0576399112870237,-0.06879055648199332,-0.2680794351051438,-0.25027499059124314,-0.36631331924620625,-0.013999549620318888,0.014711048355588119,-0.03669137084217845
2023-08-04,-0.07287619826515551,-0.22489458379585464,0.026898900728786555,-0.055752326263200175,-0.23510545372064712,-0.22501595719549536,-0.372693397520422,-0.043776056215232485,-0.00119896614681101,-0.03577339069408567
2023-08-05,-0.06612188163182713,-0.2756872843232775,0.0009109640576901366,-0.05244403996102412,-0.22484716322631382,-0.18867108201158597,-0.37906578760057874,-0.05845449773232994,0.00312752646609006,-0.0870050428486175
2023-08-06,0.011678089321875888,-0.18859412412754928,-0.15769545193079293,-0.09427852158974437,-0.15595054127285668,-0.18863891009197925,-0.3854305120599167,-0.15645238302266978,0.04290416602866299,-0.06889613413839671
2023-08-07,0.11912206568918031,-0.20552232387312658,-0.07555971908518007,-0.14192288196693909,-0.0768713921577434,-0.17230760086030758,-0.39178759337133073,-0.15987451413941228,0.03316627572803712,-0.10160099293057175
2023-08-08,0.14769389984073264,-0.2194006968034634,-0.0688646968035781,-0.20780749740333138,-0.03802335294780758,-0.19414553633367876,-0.22595169750076036,-0.19404710623343643,-0.01819708888153754,-0.026923851347340433
2023-08-09,0.17102644221000893,-0.1496969408258304,0.014956823710864915,-0.2986579275362448,0.023680676800250072,-0.19380041809604545,-0.20059211308423522,-0.20941898678489387,-0.055805542224499426,-0.07653066053432148
2023-08-10,0.12485005825686535,-0.19658302277385506,-0.0005353229705980802,-0.3347363680910249,0.11618855692817552,-0.23176771846667582,-0.13805800116608097,-0.22897962807797007,-0.08661966567707974,0.005439835209215538
2023-08-11,0.12166185089637571,-0.1870891706641743,0.0032071254672360197,-0.3503969338231907,0.186472192658386,-0.18659976311012652,-0.1307110833205508,-0.13686045604398456,-0.11807282913093237,-0.05466522005882924
2023-08-12,0.13481622195112397,-0.14130297618010154,0.0372266562590532,-0.34266164823651313,0.1955579700729928,-0.17465813072742323,-0.04584168114390828,-0.06733083390269266,-0.10335332886794109,-0.06240206805175848
2023-08-13,0.19926627252292362,-0.2544535655271084,0.07122335009437607,-0.40528750003738423,0.22961341656604092,-0.22894766051394813,0.038968393976601345,0.0008705063613951424,-0.22423738344975355,0.007246257467556535
2023-08-14,0.31866548020760693,-0.2004085208009725,0.023932987795820548,-0.44317124848009953,0.22932284940179695,-0.1737139037511338,0.17128428793955552,0.0506790842219473,-0.18555249779515767,0.08332048683613416
2023-08-15,0.32046269788817877,-0.18120216488107935,0.044386779411536265,-0.41503458405082516,0.29464915187663315,-0.22509261039000522,0.19051955780550234,-0.004558120581012179,-0.16782749891271348,0.08936024432574212
2023-08-16,0.3644695988206052,-0.19040127205719784,0.015645360613683174,-0.4693938750702855,0.28158380344869166,-0.21275961783773067,0.16375303672349398,0.038260744234841416,-0.12823215194568877,0.07005226103155388
2023-08-17,0.3549903546829243,-0.15796809096424383,0.04331238875964437,-0.4736645023663396,0.27333029006465037,-0.13083661684295586,0.17262206181023063,0.08692070098414098,-0.1266585876315647,0.007340607777141525
2023-08-18,0.3439876842539456,-0.2120959888076375,0.05606731101377341,-0.5359581110283778,0.20979052845574672,-0.15294485579917802,0.1986216978150829,0.13099707415371553,-0.12040748806033094,0.063436488772925
2023-08-19,0.28562531700557375,-0.2600179971698923,0.012057434168451328,-0.5112589282065859,0.24134083413855703,-0.17172630357408036,0.1710868596114529,0.0868882330876953,-0.15365902835565587,0.05083703611184783
2023-08-20,0.27326069786430657,-0.17105814914252446,-0.10186609424559362,-0.485663476790753,0.18605282401405587,-0.12506318173830347,0.1435652712128344,0.0762096932030459,-0.17239113611273216,-0.04210136911575492
2023-08-21,0.2727505208669145,-0.1929631964451563,-0.06229158389649945,-0.38759855622870054,0.1396033583467497,-0.17060850804198074,-0.004056973360697383,0.1213772228311354,-0.21082679855687028,-0.05873710119557153
2023-08-22,0.24110687338343184,-0.19193132506142874,-0.04272973961010316,-0.38122013935712123,0.14558285322946057,-0.13034884777009323,-0.06770861807783181,0.1517039311879732,-0.24948208357646728,-0.16332381374195076
2023-08-23,0.15020299327461176,-0.19110552063595593,-0.09395341722288528,-0.3743328080501102,0.034376706368152314,-0.09160217033168093,-0.14796236753048042,0.2024089637587296,-0.30184918263657384,-0.1723745771327952
2023-08-24,0.15005948736708008,-0.1398418821690888,-0.04844964059386069,-0.34005230098495837,0.02176575016251997,-0.10463827078695973,-0.11506635278463662,0.2034458625303514,-0.22853213982483483,-0.14279328135614908
2023-08-25,0.1669791027826959,-0.14487762225118395,-0.04829356195508126,-0.3481957451765589,0.00467670398769207,-0.11320879806296286,-0.07564325396991373,0.2182701278677274,-0.20026007892345332,-0.14566756121808508
2023-08-26,0.1421286228283163,-0.14525561275689403,-0.048975871665506335,-0.3491618750753438,0.0004938830729495398,-0.19248381006040013,0.0065627940484743845,0.29977064056088276,-0.22781919996279645,-0.04126036922302246
2023-08-27,0.05833630818385697,-0.2130497020847059,-0.050357544498954375,-0.29824028765268623,-0.0796053354292577,-0.22554375802876278,0.0887139096124692,0.39886591100791985,-0.20615725516288005,-0.07150711088145992
2023-08-28,0.017498818628350503,-0.0906721812042424,-0.02436486713547536,-0.30632353654184413,-0.08556611500295148,-0.3647764699356932,0.17081020357595839,0.35170147888898223,-0.10061033258534675,-0.15635593535129322
2023-08-29,0.03645229636710369,-0.07208955771329598,-0.004138908650990663,-0.21556161906355978,-0.10853182372971801,-0.3505280273775642,0.11054358341539434,0.40288748471060254,-0.03134996857190625,-0.21634751742655906
2023-08-30,0.023454458217853257,-0.06331018525570002,-0.10318226057933277,-0.18602969808156572,-0.17724153402644355,-0.36405879205654085,0.10447714611905823,0.47306162745138025,-0.00826191075074014,-0.17391129085414364
2023-08-31,0.05054656128402392,-0.04846864365489265,-0.02707006647721793,-0.19182621348714252,-0.25384778090351534,-0.3895824241531513,0.13171318087940426,0.45322678099616936,-0.013251830419690015,-0.196082383746554
2023-09-01,0.09157343241409216,0.027990211207204935,-0.05257785205176836,-0.21606956018668974,-0.29336837424187,-0.35974820596936863,0.1569111802321324,0.41898643080702336,0.03392482412723073,-0.17526216823380547
2023-09-02,0.07982968903913676,0.07631942703037187,-0.004438684092182214,-0.2305380846092924,-0.2823195048758746,-0.30837614013399334,0.20095032047130887,0.36624774446002134,0.06294111537027745,-0.15270430857990516
2023-09-03,0.03192559953104943,0.08366130949318312,0.04366888357444871,-0.1930950972175639,-0.3430579708424978,-0.2613969863125349,0.24486406703805308,0.30911636078998994,0.12240731723804725,-0.2396226192866298
2023-09-04,0.10423158046074328,0.17012062109911968,0.03248931775278841,-0.1938466214256294,-0.22497169675281217,-0.1720959160108683,0.06530276116927969,0.27037348405996964,0.15372250453524997,-0.2623141629154842
2023-09-05,0.2453278746771163,0.17993757327731746,-0.04064432976736676,-0.19705307818698867,-0.19068926121544683,-0.1243860564459602,0.043560248123205095,0.17983050406865303,0.1892251395017164,-0.2856657701711957
2023-09-06,0.22624616595723182,0.1894024252433334,-0.0445578542560587,-0.14433274039119479,-0.2236390022901714,-0.13349483557943007,0.06641653415435497,0.1740171385573185,0.19493641009111554,-0.20157865540188113
2023-09-07,0.2144976828069958,0.11466488711422926,-0.029764499269021614,-0.06161576758399591,-0.14764436197105957,-0.16871425711262847,0.08553360557063563,0.20760691376230592,0.18575716096213032,-0.20181897101343654
2023-09-08,0.22025113498025561,0.13535335821429184,-0.0229499067278878,0.009402786613433385,-0.20140313355916,-0.1369172484205867,0.10788381609473807,0.1320476335780772,0.17076048815383013,-0.19254416956292658
2023-09-09,0.2552617475670981,0.21996419426939728,-0.021290375671628274,-0.01693542790056714,-0.16580890749161098,-0.10384151579816886,0.10673620825690729,0.1097474577365317,0.12610770436400762,-0.17474927821522937
2023-09-10,0.37941102504663443,0.22057435499880873,0.0812222289373795,-0.010580423092024302,-0.04568872610523803,-0.15049064947672927,0.10558901736742733,0.16525997203959727,0.11391177994843545,-0.12491818576030374
2023-09-11,0.37805847792998243,0.3236048072027143,0.10480573952656712,-0.06711650873721256,-0.13138270311732614,-0.1765151034553032,0.22455612976018177,0.20540453003898798,0.19697606823125863,-0.26371609817146385
2023-09-12,0.4364985126875451,0.27863867035071455,0.018201587112923925,-0.010774040802188366,-0.12146085497060319,-0.20651723768444863,0.2618261207276249,0.2195457053894671,0.252006240211585,-0.14610417067315148
2023-09-13,0.4840370462383228,0.28419121477241444,0.018391451515166087,0.01673070376699858,-0.09694484883406769,-0.2443264428099448,0.2688430801733854,0.08451836066873628,0.26230177466955634,-0.1992191407442998
2023-09-14,0.4666633616018302,0.25322507024543095,-0.015337467446533496,-0.0036344169545765278,-0.08841946190493524,-0.2603861676123692,0.246351753288478,0.07582304520877393,0.29622597511974524,-0.18735286462508433
2023-09-15,0.4917850634287862,0.22708546786909814,0.00011696699771579697,0.05045152581473295,-0.09354110997553086,-0.2700358747743456,0.21003252070761544,0.07172384544956409,0.30913575689411593,-0.1324638222278144
2023-09-16,0.4850763605488393,0.30407361238216135,-0.032750146973097055,0.03229907492419794,-0.12478231289881406,-0.22491843469117087,0.11971109473257137,0.0818294767259879,0.2901145215553401,-0.12540778683558276
2023-09-17,0.6563212240221005,0.46375579610199,-0.07502152209143753,0.08112988150008846,-0.1387240707702542,-0.09811942294243263,0.029456160165497142,0.11140652693614464,0.3284349637343675,-0.0625882060712153
2023-09-18,0.6066401334055024,0.3290732523425051,-0.1394539512959712,0.04077849316019824,-0.17107822041121454,0.058580690197641686,-0.06073243298362559,0.16154791564745932,0.28260896977259825,0.004901770083954848
2023-09-19,0.5721995902200894,0.29336733946798876,-0.16275403981844305,0.04833605670643574,-0.17491814288610724,0.11783031000717929,-0.11704998535153177,0.12186770221859947,0.2540996261403879,0.11059769464869132
2023-09-20,0.5542302983566701,0.23658965336503696,-0.15431603374242714,0.03942234741994082,-0.17959552257962347,0.1212854022531765,-0.11705311953054515,0.12042391270575838,0.2081212499389513,0.1346610734475074
2023-09-21,0.605338333280344,0.1619913457885168,-0.21578202336590002,0.0669615541236506,-0.2224383797983506,0.1255454851045191,-0.1884634983538452,0.2034824431726968,0.1845399132966579,0.11440107654107246
2023-09-22,0.5808090219129642,0.06822067172442144,-0.182617879817075,0.06414935469958978,-0.21840096387049027,0.14968190774940654,-0.19858803529886854,0.19097887611690975,0.19286382929487852,0.07025477627530947
2023-09-23,0.5854551296341777,0.0756763033144768,-0.20740981240514655,0.06359433548724808,-0.25914767227946633,0.14470631988573154,-0.29918542412033466,0.171627109196325,0.14809550050568437,0.0183694445276033
2023-09-24,0.6640464323867156,0.14687960497832092,-0.2771211543363292,0.09328673724617564,-0.3248989926035952,0.1441015362098966,-0.3996176330505318,0.17800649218598852,0.10916335685061354,-0.03347971119769633
2023-09-25,0.5017899817931563,0.1429825926129908,-0.17373956633648932,0.07979621057715894,-0.2447676182464764,0.09201316555395628,-0.36969635190669464,0.18438335140563591,0.06828412097180296,-0.12075736479706285
2023-09-26,0.33276686897315466,0.07386091191667003,-0.11898614445299945,0.02609363527797009,-0.3457481701892331,0.029923892470811942,-0.3739294134038915,0.2714026642990754,-0.023299522071938226,-0.06615653997148334
2023-09-27,0.348444061279352,0.0896831805558292,-0.07042285489840577,0.0314605754699082,-0.25546737405213377,0.0798715981887007,-0.37517235696737883,0.25474222925126694,-0.07759213237721298,-0.1300261086938844
2023-09-28,0.3258287251466746,0.08810595051403128,-0.09129018102911442,-0.0866076242737894,-0.30330761007085927,0.10844367694580084,-0.3775840082725348,0.198354754895795,-0.09566815859185882,-0.14881361718128677
2023-09-29,0.32277290968411954,0.1389046370477778,-0.0954820023581805,-0.14690939089562566,-0.21191295480562614,0.07420560661300317,-0.38148403495819305,0.3146969773048574,-0.10493401012254232,-0.20068712525777607
2023-09-30,0.387655657369979,0.12939162002646026,-0.07298700775872113,-0.13203914400176703,-0.2273055691842218,0.11503374529982155,-0.416580075536061,0.39786174169611455,-0.10818011008248017,-0.15170889647576163
2023-10-01,0.30754077359447907,0.22154257499671476,-0.0799678994120962,-0.11365433320372058,-0.3011986445535212,0.22102748477394527,-0.4516540972478442,0.3664182652109012,0.003121299684302573,-0.17011952837593405
2023-10-02,0.29674321495992406,0.20839481851646097,-0.0316254886236736,-0.09264677162427228,-0.10600966814477437,0.32693183571695345,-0.41739982994399466,0.31230248474463607,-0.02753521271170109,0.004672773663863639
2023-10-03,0.2995954875564861,0.19058883514560226,-0.00811009905865335,-0.10151827042755601,-0.15072262810959255,0.3447650852820112,-0.4174502260753786,0.3487262946574256,-0.0505077946577606,-0.03547920284762297
2023-10-04,0.26598457482675525,0.295530611942914,0.0781166615052108,-0.09648426215472056,-0.08959330450600074,0.34440119755656884,-0.36041101438869977,0.4334329851862442,-0.002945837491140019,0.05856701583772382
2023-10-05,0.30063439040191375,0.28894473351861744,0.10684970150516941,-0.09339332722955926,-0.05952340609676758,0.34818979498149505,-0.3389599299847824,0.4187554525460632,-0.08214963761330435,0.05330947178275414
2023-10-06,0.28134642900689066,0.3843841442748717,0.13845734116583167,-0.13397595018280573,-0.0913244042115801,0.34782467059577576,-0.2912491726575783,0.44267917560267006,-0.06670785070906259,0.016045536344644774
2023-10-07,0.3259044203530144,0.3185919083014089,0.1725713458628923,-0.08021864192178706,-0.0353738732918461,0.2893514915697023,-0.1820533596047902,0.411863896559991,-0.043935776066491274,-0.04439852077721567
2023-10-08,0.20661317065710577,0.23410097438508948,0.3475201061053481,-0.05562121495486213,0.04709449809104967,0.19530588215673741,-0.07295019560388702,0.24010162326190101,-0.05195803959841098,-0.2126969197287767
2023-10-09,0.27601865177510077,0.3481098546765848,0.2960077458247131,-0.0014676455298512688,0.04707135187956807,0.12116697035503374,0.06483791169501374,0.11350364621792318,-0.05757211655067772,-0.24796962079546578
2023-10-10,0.3178137715004299,0.3029121864268446,0.21909396143346513,0.005240445294236673,0.1618878071630157,0.044660553761409295,-0.010845630991772487,0.1710915625494482,-0.07730034293127419,-0.38945815705897013
2023-10-11,0.33861786862143534,0.34867533732428685,0.24822656533571635,0.04529750571246897,0.16310905425545166,0.03280874676619725,0.010178104943559089,0.11860884977036584,-0.06509805711799022,-0.4089861977214871
2023-10-12,0.33101915575610397,0.39462549865877294,0.26198875017499895,0.008751479302365094,0.20537300213951082,0.06318916463956269,0.04965728801381815,0.03582327934693268,-0.02267774460006061,-0.4301208725091888
2023-10-13,0.3121974266566921,0.39647698738752774,0.2856654250038367,0.003931883805330039,0.2124588758138962,0.035838819839998495,0.06103842827418368,0.053308539192005414,-0.04175475734108894,-0.4134114644103678
2023-10-14,0.329406634010946,0.37526618232879405,0.2155856974477684,-0.026065022865731688,0.2636235651729891,-0.011711756463753734,0.09513808608101867,0.08088589975289609,-0.011923312803167293,-0.3189849657526696
2023-10-15,0.20808159384757793,0.37365913448864985,0.1904952660064556,0.006077661572068952,0.45942859253999174,-0.10093021092228595,0.12922263554417812,0.014944655161526231,-0.060355714878774176,-0.19939718534528572
2023-10-16,0.160532907974675,0.3831140262179822,0.12761324571120886,0.02706225987164245,0.3317706225136056,-0.03459721493530679,0.163292096871841,0.07586063141151349,-0.042726882314243916,-0.21446232577920488
2023-10-17,0.25348025105758853,0.42420786610127614,0.1270802487537189,0.08091623899784334,0.32951092224761763,-0.05914395061662138,0.20244131493930026,0.11511578624738353,-0.01076762379963827,-0.2419077081885353
2023-10-18,0.22691045378604535,0.39439315436416417,0.1271350331914623,0.10166837852132168,0.32574184720004107,-0.15488545789905628,0.233120430192134,0.06834916116465421,-0.001442798233926589,-0.23349837991253802
2023-10-19,0.23478767965534858,0.46012558086309546,0.07050051554791277,0.11988427555848548,0.33057186850890413,-0.21015184456191316,0.19794367663998885,0.06218255529974237,-0.0017034349365249433,-0.22698024929682553
2023-10-20,0.2629919873129091,0.44749165189025414,0.07471248467892226,0.15349279817810146,0.348699762009817,-0.22044777385075406,0.1918272203242367,-0.03599158542377768,0.03151566098250408,-0.1923079757741803
2023-10-21,0.16780437934343087,0.4142834685270356,0.037157561642386094,0.1306674268181324,0.31467448981140456,-0.2643766064711424,0.16098810358333365,-0.09113588123075021,0.041741888653059556,-0.28001851048113435
2023-10-22,0.08688634131490465,0.33622479054340976,0.05101706230620513,0.139504309616083,0.43846716089039245,-0.30406836861218356,0.28049785093005053,-0.14868360120260465,0.01283150801664428,-0.3892826374406919
2023-10-23,0.10630784161743065,0.2937883159391427,-0.04814409227476957,0.060577845378050076,0.3495696712975238,-0.22571015114174323,0.2964368646788486,-0.1815285117853019,-0.03503010361223695,-0.5030531100980655
2023-10-24,0.044328153118125505,0.3416498667209322,-0.10085836770007414,0.034637655129266316,0.33215237333065895,-0.26987260960704473,0.2781281138335717,-0.1546943643136082,-0.04106843077071824,-0.5812465844884115
2023-10-25,0.06502218622774808,0.22612373523455118,-0.13513263781985202,0.031950447664294016,0.3014818991553854,-0.22047646731243342,0.26643952352942385,-0.1354838223384554,-0.061707230363457856,-0.6267134600014754
2023-10-26,0.0459600339681394,0.19317024249358858,-0.1255241732381923,0.07749643374905198,0.24292317858076262,-0.19231396733340095,0.2609311924289186,-0.11953457229558927,-0.04608571570140803,-0.6433398056837015
2023-10-27,0.050372433463213524,0.15275994877600899,-0.15502501953712555,0.10171213488190778,0.2920763463170396,-0.18517692338797692,0.2500936509668038,-0.10154092556448885,-0.0920108458835394,-0.5932392098462593
2023-10-28,0.024635733829588273,0.21130563870826768,-0.15129655908410097,0.07379759059333199,0.2687958602568654,-0.19437581143032162,0.15825091396595048,-0.10292340119636201,-0.053348966147636005,-0.5624159645146263
2023-10-29,-0.028065944677923234,0.2682297829108287,-0.2843460580777567,-0.024152960267346268,0.17601625066607068,-0.2877302407124893,0.06647682563526831,-0.06076642020469353,-0.14366824326418898,-0.42371701632172387
2023-10-30,-0.07968666064093544,0.269131493468997,-0.22586263824267908,0.014132759431700623,0.11752517800215531,-0.21011760236444174,-0.05400613064694235,0.10331129784362096,-0.1564937170128975,-0.41300928399294595
2023-10-31,-0.09782302762786484,0.34100074629659877,-0.15697359445712303,-0.012518146204469949,0.0225009037439521,-0.12303457161031364,0.08283890805558415,0.0559116762847541,-0.1674324681638457,-0.32434016323397447
2023-11-01,-0.0783500354476892,0.34390155778369996,-0.13682472389328473,0.0011482551246473336,0.052055024638529665,-0.11529183715684989,0.061518832231584615,0.09615111892212551,-0.15676859563111825,-0.3735620033413326
2023-11-02,-0.12884947406577402,0.4172397821988861,-0.1041289214572674,0.026867217032273603,0.02711506900721497,-0.11613969882629699,0.08070413071715479,0.0778930137654173,-0.17173747564686032,-0.35276264453821515
2023-11-03,-0.09737931471758403,0.43994407367593513,-0.15028369842852568,0.055791658327410565,0.04747730480534927,-0.09596454156023183,0.049801100694071225,0.06880396728669667,-0.1267127393812541,-0.3102968315160482
2023-11-04,-0.09413818709500485,0.38700064870673806,-0.09735517943750646,0.12289736979835174,0.07093713150027528,-0.13658408895039514,0.07160897689104598,0.0688166038936892,-0.11411909150206093,-0.38133899425919554
2023-11-05,-0.06412279698513115,0.2774701942520383,-0.07452139685022169,0.12504207903955283,-0.06718873315364371,-0.12291268605154772,0.09222913669029761,0.2131011038319351,0.012127591449160249,-0.5142837080203798
2023-11-06,0.029384000552266594,0.20039902639656243,-0.044625108254706954,0.103591236446074,-0.0356945227718086,-0.2171724932102083,0.1128293913480708,0.13196615883201995,-0.02096306786791983,-0.3879856620971712
2023-11-07,-0.033785734739846154,0.19205315276691862,-0.02496587907703473,0.07964515212009143,-0.024808885129685248,-0.1788119373440345,0.15816377034834822,0.150996398429143,0.0032439531066946296,-0.3637324462450994
2023-11-08,0.002466381728280916,0.24417510871680004,-0.01213265572170698,0.0648700903285537,-0.04499642744730611,-0.13538410048203212,0.11228602356331932,0.19872352852818692,0.09496766170272075,-0.3402297658572915
2023-11-09,0.01744645973898647,0.1801702109863276,0.04114219221911725,0.06825935480242822,-0.05455445361242258,-0.1069896862693215,0.08010385446871722,0.15091230326797325,0.09105518986662647,-0.34803650480633025
2023-11-10,0.037418800884023905,0.16836284336332272,0.012745126164190514,0.02899199358305273,-0.06802115544880441,-0.04745177185798294,0.041166427747222026,0.217164615283671,0.09971533116668718,-0.3288174395292032
2023-11-11,0.03639806323363096,0.16421327705668973,0.0431066949223173,0.029006408950735092,-0.04928710790619144,-0.042155824794058064,0.09583291093868815,0.16019286053257303,0.1521250527524383,-0.2587704279524047
2023-11-12,0.13003106734415784,0.12165265071180602,-0.025245996703760064,-0.014823808115137158,-0.06156115769850197,-0.03215405173904532,-0.023998860064604884,0.1963378667906182,0.1405916443636791,-0.16715041689590895
2023-11-13,0.02942088254437668,0.0826509449006798,-0.07206551331373909,-0.0431316074444981,-0.08200305882818511,-0.21323678150516812,-0.1035069585756324,0.3228614372875983,0.20346991495765088,-0.16535858797552866
2023-11-14,0.07563157263243928,0.08584213492465691,0.018976992872035064,-0.10777620753933814,-0.0468001122609223,-0.22383315674074092,-0.038688812095322433,0.2264518531515568,0.21346046829479523,-0.10669388701910948
2023-11-15,0.04547048077565137,0.13479786339515373,0.05885310604382134,-0.12224513417888011,-0.049617812865251534,-0.27033631289614424,-0.035987051820909534,0.22005511180495463,0.2573725982244315,-0.0395779573760931
2023-11-16,0.044880161308258594,0.20366627656301506,0.008575417374467431,-0.14598519745602653,-0.03891128264501105,-0.2838266954592264,0.00026191373754851685,0.2871402684853451,0.23802131689332245,-0.023809045063492303
2023-11-17,0.007545667922999018,0.14360357525657233,-0.048894411845226096,-0.1748008466868416,-0.08288038614811788,-0.269599967366578,-0.02172494517546307,0.2629828383444607,0.22971908786595008,-0.03326700755110103
2023-11-18,-0.019652261865103906,0.057923836140961124,-0.02400545156223442,-0.1619336699601485,-0.1003396998169064,-0.2046132624868481,0.0500823777777621,0.207885418786876,0.20847092164837433,-0.03319394895129263
2023-11-19,-0.048224053171567964,0.07414827093879095,0.06525795091085719,-0.16102947818563937,-0.07483374228440129,-0.053620466530463554,0.2458282513487708,0.3069216426957541,0.346352332363708,-0.10436181571447141
2023-11-20,-0.012691440787453264,0.0007305467763446207,0.029075171412550033,-0.23568034878452523,-0.0835792428016608,-0.04200986979953771,0.4408647287818287,0.2596561428447397,0.3181652964948909,-0.14703328083125758
2023-11-21,0.00697320278439187,-0.030416881117309526,0.0011927860214936837,-0.26570573553129406,-0.0689594164303741,-0.08322035393856474,0.4136433188156022,0.2476081206608284,0.39972881601285415,-0.15626453221429948
2023-11-22,-0.035906975121279834,-0.09092046901383058,-0.006245182748264945,-0.2693867945846548,-0.09803781490715224,-0.07881086354689495,0.4241008907265124,0.2545074378379778,0.4082174178674452,-0.14991496342973556
2023-11-23,-0.07348740579205477,-0.13150916753813816,-0.018952603978375726,-0.309043339904266,-0.062153381879206326,-0.05833165634857566,0.42199183234303417,0.2532854060881283,0.412639320529179,-0.09113236280702552
2023-11-24,-0.06192634283630912,-0.2266237444477673,0.06748800817707824,-0.33742334375391936,-0.05787213937844292,-0.028327232715998824,0.3988873551219902,0.2349037662108852,0.3823308442628412,-0.11995847492030058
2023-11-25,-0.09529866240323093,-0.22993583230675851,0.05691092288398551,-0.3789044422739197,-0.10308237820065466,0.007496403500974168,0.33329180989334856,0.23606788654832694,0.3500446389461708,-0.10057118089357073
2023-11-26,-0.0686684250391363,-0.14173677714154684,0.08752375590244936,-0.4879733133710625,-0.16103142409210797,0.0570533127749354,0.2689032013084878,0.0913840014701602,0.30031682113847474,-0.04447546292823888
2023-11-27,-0.14548210959316202,-0.09460691028957824,0.10779597206399304,-0.4877881226730046,-0.15703135877770122,0.018323066737080465,0.25325127343228526,0.054102246704770506,0.282534391073108,-0.1470861824588344
2023-11-28,-0.12328522913166158,-0.09468688157247318,0.05441032127599024,-0.43180569406959207,-0.12334888863882336,-0.02176862515099382,0.17414257912348982,0.023416531233319535,0.3016275672562608,-0.14730924482556335
2023-11-29,-0.13370436417134887,-0.14110538066129796,-0.016874743646816102,-0.446632706483031,-0.10332820701265641,-0.0548800455716696,0.2251129701661506,0.019987327491027378,0.24820796384828758,-0.20091896976035642
2023-11-30,-0.15821946713832652,-0.1319115166365293,-0.0362523919513934,-0.4182835514070671,-0.0824923542212858,-0.06580565559435042,0.3282726915419139,0.0651194567457315,0.3090130513599419,-0.19532274470163818
2023-12-01,-0.16615721971629085,-0.1844614938072952,-0.011525365203814865,-0.3720814735663253,-0.08255303356600316,-0.10125683324282642,0.34599996559673907,0.004666279529130848,0.2746694974187845,-0.20637958798846415
2023-12-02,-0.13155576475433262,-0.12533562665902248,-0.07053165145921987,-0.4031128364675791,-0.12446392811888016,-0.10731904782813187,0.3367840610307664,0.05932331899799637,0.21661454724013976,-0.19260975663122484
2023-12-03,-0.1870807830313503,-0.1413471829535446,-0.002704420263864553,-0.36893895046796,-0.23116862680787595,-0.16374368437073183,0.3517047105640619,0.08963054751100108,0.16201048098359153,-0.28244999637116086
2023-12-04,-0.09098310211479879,-0.0748722600552822,0.017638532085169686,-0.21448716139535787,-0.16687612461960205,-0.07142666902574042,0.3605533027551465,-0.0487148519512555,0.17948709058923368,-0.15761127924563673
2023-12-05,-0.12791702250948064,-0.11023637741802654,-0.0790819313636978,-0.13656282900567898,-0.18874063332923333,-0.04997417004354524,0.2763269271614724,0.015996271460281104,0.1895778796643711,-0.12373330755944738
2023-12-06,-0.11264348950316999,-0.15495595587483213,-0.17204589858970656,-0.12995315492798756,-0.16268810948931112,-0.11048071098718378,0.21630243572330504,0.014234397585182846,0.13727404143900068,-0.17810044019696603
2023-12-07,-0.12670067452134734,-0.17872969578946749,-0.12636968828781833,-0.18180624456395056,-0.15419287446355212,-0.12343302659812155,0.1675893386312468,-0.06924332225795779,0.18031985350771262,-0.15286460733411888
2023-12-08,-0.09079058452367145,-0.07731024978889775,-0.11135712374413716,-0.1737696546886883,-0.11217800708507782,-0.17109373370418776,0.16547486485853047,-0.06774732890844663,0.1985213290044002,-0.19477364386825732
2023-12-09,-0.0762095340559902,-0.10537443084232032,-0.13800021505198737,-0.1452028671226276,-0.11704989722577507,-0.2163620972873307,0.1837973576013808,-0.058672901539718325,0.21673927526581546,-0.23197680687309424
2023-12-10,0.08073015535269723,-0.19921356228658543,-0.1369011569265119,-0.11145323654626728,0.06997506316329578,-0.10141284196869774,0.0781177722172401,-0.15800430816025446,0.013034673889830393,-0.09134765668692815
2023-12-11,-0.01016816125475912,-0.24178247734038336,-0.030319493881417123,-0.11558806507429424,0.2139991133242813,-0.05334771300549896,-0.026915806663379734,-0.0872236492703341,0.01983149341647291,0.018503823571501852
2023-12-12,-0.045081512254147464,-0.16283148156370572,0.012568122599147889,-0.08336380937525886,0.19486303612474615,-0.06971535621126927,-0.049695099838473165,-0.07431133775615786,-0.017439467127803594,-0.005306207515191891
2023-12-13,-0.018046645015629248,-0.16600315062254817,-0.0046729903178216806,-0.03175821915007121,0.1902850659464328,-0.018241489676836503,-0.050296400647373014,-0.12995685918512911,-0.02645305856058868,0.016847343338409742
2023-12-14,0.03874087002428651,-0.18621794463212632,0.004745606430942954,0.0333697463839662,0.1863340176091674,-0.03236684702253161,-0.011556273975951973,-0.07160019143666796,-0.020214423312640662,-0.009361333759730176
2023-12-15,0.0800703685324143,-0.13082430458995248,-0.07644584276075853,0.012963243300666057,0.15062024539549618,-0.08485713469423557,-0.011686375874469952,-0.10520632317489087,-0.026940478597098746,0.0014801433784585977
2023-12-16,0.10204613289379577,-0.0811373137444778,-0.07119196542938981,0.04461297329080362,0.12621862692486893,-0.023751740614269143,-0.09626349307651778,-0.13782028409962058,-0.018058825008086338,-0.005092867495430084
2023-12-17,0.14135238561342275,-0.0928327564756757,-0.0706177831612966,0.11551367862294457,0.18971672431874703,0.007387890466154813,-0.14672757928601024,-0.08739342720311738,-0.05321056923763834,0.012357902020851838
2023-12-18,0.23751902194972574,-0.11593110893547856,-0.10137262272140404,0.1793283145402232,0.14743605797194195,0.08833073101752317,-0.24582319836902158,-0.04580049303926238,-0.04899183737138794,0.03528482922921987
2023-12-19,0.2832477351409957,-0.08622801720196664,-0.07950165571846161,0.1709156931977875,0.12489879750767706,0.15212106989582463,-0.30674740154084,-0.04863429411440047,-0.08112405424509743,0.052559157513011746
2023-12-20,0.3338319660451676,-0.0699011969299326,-0.031040160422682195,0.19987004130988587,0.1303285250870411,0.2267986352735026,-0.4045539947385044,-0.0624797573611231,-0.08502930982661638,0.11169007880656194
2023-12-21,0.40457289937517255,-0.04585885148003297,-0.007891179631591085,0.22103881037099105,0.15750779933466164,0.2763901137808154,-0.4974233350158982,-0.0563137239399958,-0.11150003045683003,0.14094995651294914
2023-12-22,0.41843810731808667,-0.005626599361152151,-0.014152051185632149,0.21759368346379734,0.1685429672290176,0.2911217491040614,-0.5504289473900756,-0.035201318662528736,-0.08560100579247525,0.14441526978440322
2023-12-23,0.45013199528022246,-0.05245107756083215,0.03373586942151918,0.278474254798423,0.22279608898095585,0.351792314854854,-0.5948822833448647,-0.039500675193428224,-0.05054705489091219,0.11447799298874717
2023-12-24,0.5076971937882307,-0.019013568670146468,0.0006528677390139054,0.2756980167897639,0.20443970286994387,0.4124329373003536,-0.6392740345319299,-0.11011106812944274,0.08667076954853652,0.18816018143371074
2023-12-25,0.5075268788627108,-0.09645194203076675,0.035990685395911465,0.2132758010567326,0.20361106827445738,0.3974045372043529,-0.6836044145535408,-0.10244596041570388,0.07430361058428485,0.1369256003673978
2023-12-26,0.5802090973463606,-0.06153198252861923,0.0909011451738037,0.236703974025874,0.2425935272569368,0.4511536820150309,-0.7128231776441835,-0.12910733227595894,-0.012980307707628591,0.1403087564742092
2023-12-27,0.6456843171854578,-0.055658038442478554,0.13435318711909594,0.2480181171034339,0.22683631872768245,0.5411866286037952,-0.7419932224647002,-0.14818742892148912,0.04923329691341376,0.17361518843382787
2023-12-28,0.7023313001463505,-0.048700575828826545,0.11121888564125436,0.30806483003165047,0.2414867727742369,0.5925284142919969,-0.7946633260515186,-0.13798923839315747,0.046718039698817354,0.18360837079581496
2023-12-29,0.7531105445988797,-0.09586010472463774,0.1602529409881428,0.3355964843869868,0.24605524007966734,0.6622423661383019,-0.8334202926642613,-0.13223079406149493,0.027475341302983236,0.21856636922394485
2023-12-30,0.8342582984425723,-0.036568976908273286,0.1753641747353452,0.33105807169021534,0.2888075139054706,0.7307062263660181,-0.9556308924678847,-0.09708952723662553,-0.006143271308964579,0.258142578034115
2023-12-31,0.8013526953158566,-0.024407352694160507,0.13257697628997805,0.333284834306025,0.1396459899717756,0.6389388650429307,-1.0777275419028345,-0.046555876895320675,0.18246840578500387,0.1911265785138034
