,Comm,Consumer,Energy,Financials,Healthcare,Industrials,Materials,RealEstate,Tech,Utilities
2020-01-01,,43.075833333333335,60.0375,50.0,58.605,,,28.925,,
2020-01-02,62.715999999999994,47.6222,62.014783333333334,55.154266666666665,63.783100000000005,55.10699999999999,59.14583333333333,71.3775,56.26814743589743,88.58500000000001
2020-01-03,56.77875,47.91625,50.70985909090909,56.53583333333333,66.481875,42.945625,56.0425,54.35722222222223,57.38205357142857,73.7125
2020-01-04,82.985,53.5045,51.835,56.53583333333333,68.06,50.0,78.595,54.35722222222223,40.0475,50.0
2020-01-05,73.77,60.05902777777777,25.798333333333336,77.86999999999999,73.035,52.64833333333333,50.0,54.35722222222223,60.114999999999995,36.34
2020-01-06,58.34011904761904,58.40182291666667,58.56102380952382,46.1731,71.07183333333333,54.34833333333333,50.06458333333333,57.4,53.26875,66.635
2020-01-07,68.0338888888889,60.734449999999995,54.44611111111111,59.058,59.327200000000005,52.730892857142855,62.74999999999999,65.31,53.96707589285714,88.58500000000001
2020-01-08,61.4491875,54.385267857142864,44.86891666666667,76.39416666666668,68.45648148148148,51.233809523809526,41.9925,49.475,61.87790625,63.98666666666667
2020-01-09,62.4,68.39171825396826,55.72375,65.19666666666667,64.39666666666668,52.889833333333335,45.57083333333333,50.0,65.0767,59.18875
2020-01-10,53.076875,56.3476,55.023500000000006,65.48291666666667,62.389,58.076249999999995,49.1575,45.794000000000004,70.43877083333334,68.58916666666667
2020-01-11,48.71625,51.615625,68.87166666666667,51.075,60.114999999999995,69.2925,49.1575,45.794000000000004,50.0,82.985
2020-01-12,32.525000000000006,60.098035714285714,55.410000000000004,82.9175,65.31,50.615,82.985,45.794000000000004,58.768750000000004,50.0
2020-01-13,61.46604166666667,58.016999999999996,54.13416666666666,58.565030303030305,60.47379761904762,54.64833333333333,83.045,74.79,68.64743333333334,31.94
2020-01-14,56.395833333333336,54.50558333333333,62.585583333333325,52.84741666666667,66.18124999999999,61.20883333333333,61.339999999999996,57.4,62.760000000000005,64.63583333333334
2020-01-15,50.034861111111105,59.22869047619048,59.400333333333336,53.63429841269841,69.43833333333333,48.30375,58.649166666666666,59.606875,54.5428,63.06520833333333
2020-01-16,62.04541666666666,62.59496428571428,60.04819047619048,57.97186068376068,61.541875000000005,69.76583333333333,60.02000000000001,62.38333333333333,65.24361111111111,60.4040625
2020-01-17,60.394000000000005,59.60448888888889,59.12209722222222,62.734899999999996,60.02027777777778,64.79520833333333,65.69666666666667,75.86,61.63905461205461,58.72711111111111
2020-01-18,45.7275,59.093333333333334,59.03,70.2525,50.0,88.58500000000001,65.69666666666667,48.71,64.97833333333334,62.3475
2020-01-19,38.9,51.086666666666666,65.9225,81.19000000000001,53.611875,80.01,65.69666666666667,48.71,50.0,50.0
2020-01-20,80.62,65.04958333333333,56.830000000000005,68.06,52.09625,68.06,39.885,66.49249999999999,66.49249999999999,64.2975
2020-01-21,52.18214285714286,52.939458333333334,58.29904166666666,56.722111111111104,60.17366666666667,57.355500000000006,55.68325000000001,70.19666666666667,52.07252173913044,68.62774999999999
2020-01-22,65.1575,59.315504761904755,64.66583333333334,51.27583333333333,62.79083333333333,58.06904761904762,48.07666666666667,52.36333333333333,68.04,61.45776041666666
2020-01-23,65.8446,60.161033333333336,49.607057142857144,53.713166666666666,54.16005555555555,54.73220238095238,63.307,70.02333333333334,57.119600000000005,51.935833333333335
2020-01-24,59.92250378787879,57.415903846153846,60.87408333333333,47.79,62.29436666666667,57.25111111111111,65.68433333333333,57.525000000000006,61.72202150537635,66.76661176470589
2020-01-25,50.0,55.08020833333334,49.49125,47.79,78.01,43.30583333333333,50.0,57.525000000000006,50.0,52.1625
2020-01-26,50.0,50.934999999999995,49.49125,47.79,60.041250000000005,62.16861111111112,22.13,56.02,48.861666666666665,43.169999999999995
2020-01-27,48.651916666666665,56.989042857142856,50.3905,56.38833333333333,59.016875,59.24458333333333,53.251666666666665,56.3825,43.149848484848484,57.33503968253968
2020-01-28,55.556125,53.392883928571436,63.689166666666665,59.12696428571429,63.532333333333334,48.1853125,59.08675,68.35583333333334,50.11365384615385,61.829
2020-01-29,68.83256250000001,50.58648809523809,50.912708333333335,59.5215625,65.75463333333333,50.95867424242424,56.44738095238095,61.24166666666666,66.68504761904762,60.5209375
2020-01-30,51.07927884615384,53.919659090909086,56.73107142857143,51.72805555555555,60.29746212121212,57.90145833333333,47.465477564102564,54.815999999999995,51.80640625,65.34991666666666
2020-01-31,40.486875,55.583320707070705,55.00610317460317,50.3275,62.480562500000005,54.417649999999995,51.116458333333334,66.66166666666666,49.460902777777775,63.344166666666666
2020-02-01,62.81777777777777,49.505624999999995,68.06,50.3275,41.6825,54.417649999999995,24.47,66.66166666666666,68.1725,62.47166666666667
2020-02-02,59.159166666666664,70.30875,61.315,55.2625,50.94833333333333,41.56125,54.447500000000005,50.0,50.0,62.47166666666667
2020-02-03,61.20333333333333,60.83806985294118,50.97844871794872,62.93333333333333,62.3295,58.9359,70.64644444444444,58.5,51.36333333333334,64.85968749999999
2020-02-04,59.618700000000004,60.25551470588235,55.330466666666666,67.269375,63.605738636363625,62.466875,57.010000000000005,54.09145833333333,58.03617777777777,65.10187499999999
2020-02-05,49.59135416666667,52.645706018518524,76.65404166666667,37.733333333333334,59.58685303030303,52.57104166666666,55.423125,50.0,59.352265625,55.80916666666666
2020-02-06,58.893142857142855,59.943124999999995,63.208541666666676,62.503133333333324,65.93967692307692,49.35666666666666,55.998263888888886,65.43625,66.89072222222222,64.28458333333333
2020-02-07,48.316375,62.1321875,61.13765,54.319583333333334,64.33675,53.2735,57.67861111111111,50.0,60.581428571428575,61.588229166666665
2020-02-08,58.5,36.42166666666667,72.4525,68.06,56.02,53.2735,50.0,50.0,60.581428571428575,68.06
2020-02-09,50.0,53.07166666666667,72.4525,60.114999999999995,52.52875,66.29833333333333,64.0675,50.0,74.11125000000001,50.0
2020-02-10,57.667723214285715,54.9015625,53.30291666666667,71.23125,52.49427083333333,52.81916666666666,55.800000000000004,56.103333333333325,66.580125,62.545625
2020-02-11,49.67914705882353,53.90289583333333,57.60165714285714,66.74044642857143,53.410138888888895,57.23604166666667,56.39306666666667,61.75611111111111,57.3162435064935,62.57848214285714
2020-02-12,61.28261111111111,50.46028235294118,50.343375,68.23583333333335,65.23541666666667,53.81166666666667,53.7,75.96333333333334,61.064062500000006,70.28930555555556
2020-02-13,55.49871428571429,50.47478774509804,57.8908125,57.58283333333334,61.868500000000004,52.8065,56.53904761904762,62.86168750000001,54.132954545454545,62.497
2020-02-14,81.245,52.82625833333333,55.65624999999999,60.17,66.069375,70.459,50.157916666666665,64.9625,58.914186827956996,62.656875
2020-02-15,61.86833333333334,47.85,69.54729166666667,50.0,50.0,50.0,50.157916666666665,64.9625,58.914186827956996,62.656875
2020-02-16,59.3975,61.1484375,58.5,63.660000000000004,70.30499999999999,51.910000000000004,50.0,64.9625,58.914186827956996,62.656875
2020-02-17,67.28,60.38734375,61.0275,47.855,57.12583333333333,51.910000000000004,56.905625,61.70583333333334,68.1415,62.5575
2020-02-18,56.21058333333333,60.457159090909094,51.659,50.63354166666667,65.65725,50.0,55.80758333333333,57.910833333333336,50.323542857142854,72.09928571428571
2020-02-19,58.83925,60.58552142857143,63.34822916666667,54.0025,64.54169444444445,61.13458333333334,58.40291666666667,58.06133333333333,56.14667460317461,63.85212121212122
2020-02-20,54.32541666666667,54.61250714285715,64.34366666666666,60.21670138888888,59.16716666666666,56.166041666666665,57.213055555555556,62.76958333333334,56.865314285714284,53.06763809523809
2020-02-21,59.93222222222222,58.375590277777775,49.19225,63.421974999999996,59.84421875,61.565000000000005,61.87916666666666,67.11437500000001,38.29034285714285,74.649
2020-02-22,53.988749999999996,52.2575,55.657500000000006,57.655,67.79666666666667,71.2125,61.87916666666666,67.11437500000001,38.29034285714285,74.649
2020-02-23,64.2975,61.01,55.657500000000006,59.545,50.0,60.995,54.17125,67.11437500000001,75.53,65.20375
2020-02-24,50.0,53.15904166666666,39.445750000000004,46.12558333333333,61.871607142857144,51.41956666666667,57.148633928571435,54.01708333333334,49.65323484848485,51.46775
2020-02-25,58.72722222222222,59.72247756410256,45.16775,63.79606666666666,60.305166666666665,47.6225,47.371944444444445,52.27015625,54.242333333333335,66.78979166666666
2020-02-26,61.953125,56.104011904761904,64.60438571428571,62.0288,53.01349509803922,54.67833333333333,56.45416666666667,52.095650000000006,63.314375,69.04583333333333
2020-02-27,61.330416666666665,55.36407575757576,53.899683333333336,56.79133333333334,56.89048,58.25520833333333,52.97848214285714,56.11747916666666,41.907700000000006,68.03875
2020-02-28,47.568535714285716,44.394488095238096,59.71364166666666,47.23875,55.122150000000005,59.88067708333333,46.264583333333334,49.08444444444444,59.98066666666667,38.92427083333333
2020-02-29,55.16,55.602,85.05375,68.06,66.66708333333334,50.0,71.78750000000001,70.315,59.98066666666667,18.755
2020-03-01,60.02499999999999,54.68166666666667,50.0,47.42,77.98017857142857,50.0,46.450833333333335,50.0,58.36916666666667,18.755
2020-03-02,66.5554375,56.766460622710625,43.3740625,57.42791666666667,55.08071428571428,56.23625,64.02666666666667,57.77250000000001,51.63216666666667,69.46541666666667
2020-03-03,53.997499999999995,58.94283333333333,54.84984444444444,44.81908333333333,68.98715384615384,55.041666666666664,68.6045,60.144333333333336,55.07973333333334,53.76
2020-03-04,56.31854166666667,56.67100000000001,61.00083333333334,60.755766666666666,73.16495,59.75728095238095,71.06750000000001,76.24416666666667,73.54619047619047,81.88483333333335
2020-03-05,63.60508333333333,55.892942857142856,51.69741666666666,56.90775,61.34639423076923,54.14004166666667,56.18333333333333,68.61833333333334,58.99328333333334,61.91833333333333
2020-03-06,58.008125,48.24358173076923,50.21045238095239,49.50340625,55.97666666666667,52.10541666666667,51.3275,60.18375,54.97628076923077,59.53375
2020-03-07,37.5,47.79,55.057500000000005,78.05,67.18375,46.14,72.02,60.18375,75.49666666666667,59.53375
2020-03-08,46.95666666666667,56.750833333333325,68.06,77.115,57.61888888888889,34.5125,60.114999999999995,60.18375,50.0,59.53375
2020-03-09,59.43022222222222,50.446619047619045,40.20975385154062,57.943171428571425,56.69096875,44.436,53.553690476190475,57.791875000000005,35.34875,43.0884375
2020-03-10,51.1038,50.12293686868687,51.63173574879227,55.97644444444444,61.27406250000001,50.658233333333335,58.17177083333333,54.93333333333334,68.1095,65.97562500000001
2020-03-11,44.717708333333334,49.22685714285714,52.315738095238096,59.2045,59.65873611111111,54.40291666666667,58.69472222222222,72.686,55.65375,65.20166666666667
2020-03-12,45.321666666666665,52.72543777777777,52.78595000000001,50.56220952380952,38.93496666666667,37.45433333333333,41.53325,45.139375,43.17507142857143,44.85890476190476
2020-03-13,57.59675,56.44199074074074,66.49107703081232,50.156333333333336,54.325,58.411,57.16055555555556,59.6575,60.31398809523809,66.0325
2020-03-14,72.63222222222223,49.8925,45.01625,50.156333333333336,50.0,55.33,55.135,50.0,85.0475,77.16499999999999
2020-03-15,50.48125,51.0015625,45.037222222222226,64.02055555555556,66.46833333333333,54.515,50.0,68.06,59.038333333333334,75.97
2020-03-16,39.20916666666667,38.23245294117647,46.05755952380952,49.41242857142857,60.048973214285716,53.89874285714286,49.56944444444444,44.92446428571428,38.94544444444444,56.81125
2020-03-17,55.43225,56.71356190476191,47.898375,53.05725,66.44933333333334,50.158055555555556,58.79236111111111,65.54124999999999,64.46747500000001,72.99125
2020-03-18,54.0283125,51.867124098124094,51.577912698412696,48.89683333333333,56.1928125,51.55695238095238,47.053333333333335,50.0,40.55827380952381,68.030625
2020-03-19,51.82591666666667,51.6436875,47.4,39.747083333333336,58.640625,53.70583333333333,58.19925,63.67111111111111,45.6795,64.34722222222223
2020-03-20,51.16458333333333,56.23235162337662,44.4708717948718,54.571999999999996,60.51483974358975,60.62147619047619,59.44083333333333,55.83708333333334,62.44833333333334,56.86447916666667
2020-03-21,54.47625000000001,64.78646666666667,40.468333333333334,59.03,73.83500000000001,56.816250000000004,50.0,55.83708333333334,50.0,64.25166666666667
2020-03-22,61.370000000000005,55.17316666666666,57.14916666666667,79.295,57.216875,61.5475,52.190000000000005,55.83708333333334,50.0,60.5375
2020-03-23,64.53809523809524,54.101305555555555,40.611938095238095,53.355666666666664,52.372013888888894,46.37847222222222,62.812875,57.37520833333334,60.16825,43.572812500000005
2020-03-24,63.072297619047625,62.901881501831504,60.943000000000005,75.08749999999999,68.38980952380952,62.41107777777778,65.927,60.843125,75.66322916666667,72.91
2020-03-25,62.876333333333335,63.671952380952376,67.33577777777778,59.73583333333333,68.25664285714285,60.395312499999996,68.34375,73.29833333333333,64.057,73.435
2020-03-26,57.71308333333334,59.21115952380952,60.2007,66.8225,65.27181818181818,62.78912698412699,56.93991666666667,71.93791666666667,67.36682777777779,56.2225
2020-03-27,66.47477777777777,61.13197435897436,68.71031666666667,57.6311,70.33508333333333,52.03793939393939,66.17124999999999,81.405,64.8005,73.71727777777778
2020-03-28,61.01,48.28,68.06,57.6311,65.9225,57.56333333333333,66.17124999999999,59.03,80.62,73.3225
2020-03-29,80.46249999999999,56.482,68.06,38.628750000000004,63.9435,66.94666666666666,50.0,92.865,80.62,46.14
2020-03-30,64.46833333333333,60.097648809523804,45.29245,40.16433333333333,60.38618571428571,51.092499999999994,57.781888888888886,65.160625,67.02799999999999,76.9025
2020-03-31,66.19944444444444,48.80813333333333,53.673541666666665,48.49305555555555,54.24907738095238,54.747708333333335,67.71875,45.04510416666667,53.115033333333336,41.1953125
2020-04-01,54.78916666666667,59.60339999999999,49.95407142857143,52.903647619047625,49.91916666666666,51.85525,52.259166666666665,47.766111111111115,65.66000000000001,47.12208333333333
2020-04-02,46.426,51.88136111111111,47.908419230769226,54.133316666666666,55.967619047619046,48.911944444444444,54.52368055555555,56.445,58.6065625,63.9525
2020-04-03,62.6897380952381,57.68044774159664,47.13840476190476,52.16446428571429,72.48930555555556,38.98516468253968,54.295,62.885000000000005,40.930208333333326,63.65
2020-04-04,58.246249999999996,58.18555555555556,50.0,28.995000000000005,60.200624999999995,53.525,54.295,62.885000000000005,66.43,79.295
2020-04-05,87.99,65.77941666666666,64.44333333333333,60.8212,69.58416666666668,45.946,54.295,62.885000000000005,66.43,55.065
2020-04-06,64.66666666666667,61.19396904761905,60.16090476190477,59.699376984126985,66.36708947368422,55.60414102564103,50.64425,60.63916666666667,67.28197222222224,80.11812499999999
2020-04-07,63.048522727272726,61.58920606060606,67.9269261904762,60.08661666666667,52.74026315789474,64.77841590909091,74.73,57.46604166666667,59.86566666666666,61.55222916666667
2020-04-08,58.36275,48.052559539473684,67.6318380952381,54.826097402597405,58.97805555555556,61.093488095238094,68.77933333333334,78.4753125,64.12628571428571,55.347500000000004
2020-04-09,54.1182,63.85070805647841,58.7384,62.32013333333334,49.89760416666667,52.2007507936508,60.773746031746036,69.15888392857144,61.03397619047619,77.07666666666665
2020-04-10,63.78666666666667,59.162375,51.13625,61.67166666666667,48.922916666666666,46.037499999999994,59.1925,51.621249999999996,72.69666666666666,67.03375
2020-04-11,63.78666666666667,52.84089285714286,51.13625,61.67166666666667,69.34633333333333,46.037499999999994,64.64750000000001,51.621249999999996,55.657500000000006,67.03375
2020-04-12,57.525000000000006,67.59333333333333,53.654999999999994,62.11750000000001,66.405,36.419999999999995,50.0,50.0,55.657500000000006,22.884999999999998
2020-04-13,39.06333333333333,49.288069444444446,50.67517361111111,51.42149561403508,60.841076388888894,53.787305555555555,51.40344642857143,49.5925,68.93760416666666,54.77822916666667
2020-04-14,66.3589136904762,66.89135833333333,49.499218750000004,56.902360119047614,63.990297619047624,61.030519444444444,51.29833333333333,82.29055555555556,81.41345238095238,60.93282142857143
2020-04-15,57.73770833333334,54.90370757575758,50.14592857142857,54.231658672699844,49.959178571428566,50.997499999999995,45.72890873015873,43.248125,56.631825,50.966125
2020-04-16,68.62202083333332,57.528759057971016,50.71443701298701,55.83566798245614,66.20596177944861,59.74560476190476,62.881,46.585,66.59520555555557,67.23083333333332
2020-04-17,56.399541666666664,61.72273333333334,47.483081481481484,56.35015227272727,65.41730444250871,52.85237373737374,70.815,73.60541666666667,59.99032857142858,69.82732142857144
2020-04-18,56.399541666666664,59.840625,66.63624999999999,50.0,35.135555555555555,54.447500000000005,70.815,50.0,70.43111111111111,69.82732142857144
2020-04-19,68.06,57.252250000000004,51.39125,58.653333333333336,49.12657142857143,49.39,70.815,50.0,56.958333333333336,49.0895
2020-04-20,56.94529166666666,56.643363636363645,38.931879914529915,59.45195833333333,50.513983333333336,53.256875,59.38426190476191,51.482499999999995,57.80954545454545,54.952333333333335
2020-04-21,60.311366666666665,50.98995855263158,36.89620476190476,48.34583333333333,53.55204285714286,54.15241666666667,50.74361111111111,57.3034375,33.933166666666665,44.415
2020-04-22,61.39983333333333,60.0825385620915,51.06379166666667,56.812583333333336,63.54054487179487,54.7464880952381,65.37531249999999,60.355555555555554,67.01419047619048,51.35784926470588
2020-04-23,59.55684027777778,58.709081818181815,61.602900000000005,58.168,63.40981462585034,65.3206,58.45451428571429,60.415,62.79921014492753,59.75208333333333
2020-04-24,57.91020833333334,52.35783333333334,48.96196428571429,43.73822916666666,52.645856418918925,52.81084558823529,49.13611111111111,54.20343749999999,53.20451612903226,49.755833333333335
2020-04-25,37.12916666666667,65.76983333333332,36.065000000000005,67.0,68.84083333333334,48.068333333333335,49.13611111111111,70.71000000000001,50.0,86.75500000000001
2020-04-26,80.62,46.927,51.57095,61.315,50.81575,62.95583333333333,50.0,72.33000000000001,60.176249999999996,77.86999999999999
2020-04-27,66.0928125,52.1438717948718,50.55237272727273,54.51211607142857,52.516821428571426,56.74616071428571,64.34949999999999,51.99812500000001,61.4028,64.38173611111111
2020-04-28,59.07344949494949,56.2375,50.286259920634926,62.698100000000004,62.53334615384616,56.647851973684205,57.53855,51.000125,58.14210317460318,63.97083333333333
2020-04-29,59.72592592592593,60.799592157842156,57.03654206349207,56.32228333333333,54.32738446969697,55.003903968253965,67.57742424242424,55.80534090909091,62.299142857142854,56.90777777777778
2020-04-30,53.255980392156864,55.983852287581705,54.38994523809524,53.57820952380953,62.828538461538464,50.05988095238095,55.983982142857144,55.335,57.64315,57.43899999999999
2020-05-01,47.368835227272726,62.76886519607843,44.49596794035415,49.980583333333335,53.601116959064335,47.95545227272727,64.80277777777778,60.576750000000004,55.6922,58.154375
2020-05-02,40.01,42.708125,51.36933333333333,82.985,52.27694444444444,44.59125,50.0,82.985,75.52250000000001,68.06
2020-05-03,42.345,54.0621875,48.71,61.175000000000004,61.69851851851852,51.94375,59.03,82.985,69.63125,68.06
2020-05-04,68.66583333333334,60.521560344827584,45.82169155844156,55.409975,56.39675,51.026964285714286,50.883500000000005,43.53125,68.32651282051282,63.028125
2020-05-05,56.484887096774195,58.09580555555556,57.80766666666667,56.61476666666667,60.600611111111114,64.68066666666667,62.03702777777777,58.263333333333335,64.38062500000001,56.437414772727266
2020-05-06,49.648330357142854,58.002075980392156,64.18122767857143,56.94441666666666,61.4375,54.291,52.62316071428571,55.475833333333334,64.15567992424242,62.10145833333334
2020-05-07,62.460625,56.440250000000006,63.228380952380945,45.670633333333335,57.071831501831504,54.710458333333335,61.468,67.36575,67.18109999999999,62.32533333333333
2020-05-08,70.37833333333333,58.13762012987013,61.29679166666667,53.18813333333333,54.97736111111111,54.11421875,59.10701388888889,61.925,79.27182142857143,59.310325757575754
2020-05-09,60.89750000000001,53.8159375,50.0,59.03,67.06875,72.02,59.03,50.0,50.678333333333335,50.0
2020-05-10,49.3725,57.901875000000004,70.36916666666666,68.1725,62.806875,60.0475,80.62,50.0,56.02,81.97666666666667
2020-05-11,69.5455,54.545433333333335,45.10350595238095,56.08641666666666,54.41730263157895,61.71472222222222,56.96491666666667,51.632222222222225,60.84919642857143,54.403333333333336
2020-05-12,58.5542,57.137525,55.73983333333333,39.648380952380954,48.12782539682539,50.775312500000005,57.67438888888889,34.153125,50.55218333333333,60.4213125
2020-05-13,57.766666666666666,54.616176190476196,48.79574675324675,57.3427961038961,57.11933325563325,49.7958,57.14983333333333,66.05499999999999,61.04402777777778,72.94638888888889
2020-05-14,60.36866666666667,57.75189803921569,46.938,55.40711111111111,57.591499999999996,56.377513888888885,59.46325,57.91833333333334,58.86526904761905,59.05475
2020-05-15,59.0955,55.549898941798936,55.742749999999994,60.57445238095238,51.267426689976695,50.458466666666666,62.93562500000001,46.946875,52.47271829573935,58.34276190476191
2020-05-16,50.0,65.01950000000001,59.437777777777775,45.78541666666667,55.4975,75.763125,81.845,46.946875,60.67875,58.34276190476191
2020-05-17,73.12,69.154875,51.371500000000005,71.64,58.575,46.9025,81.845,77.115,44.97625,60.44166666666667
2020-05-18,54.69666666666667,63.88937719298246,62.0406507936508,55.43768333333333,58.44983333333333,71.28480952380953,54.662,83.53388888888888,61.853973214285716,72.56583333333333
2020-05-19,56.727199999999996,58.61383333333333,62.291,55.50767857142858,65.78275000000001,46.130625,53.25785714285715,60.03833333333334,62.256375,63.660000000000004
2020-05-20,52.74330833333334,53.22238970588236,52.75136428571429,69.36266666666666,52.24723748473748,61.35125,61.13111111111111,55.664500000000004,62.828833333333336,55.21333333333334
2020-05-21,53.0396,54.78762727272727,47.513,57.09935,59.56726666666666,50.37604166666667,55.74316666666667,50.0,52.86169444444444,68.629125
2020-05-22,53.789,49.92728282828283,50.65427619047619,55.05875,58.77475,55.66583333333334,57.93000000000001,63.92520833333333,43.39235,58.2175
2020-05-23,60.20666666666666,63.282916666666665,70.5025,49.1225,61.01,55.66583333333334,57.93000000000001,63.92520833333333,56.25,58.2175
2020-05-24,60.415,57.5825,68.06,50.458333333333336,59.592,87.14999999999999,57.93000000000001,63.92520833333333,50.0,80.62
2020-05-25,60.31999999999999,54.4225,68.06,79.345,50.0,50.0,57.93000000000001,59.03,74.695,90.63
2020-05-26,58.12016666666666,63.4523106060606,55.53613333333334,62.15233333333333,60.49620535714286,65.95366071428572,63.21430555555556,60.79,57.79994523809524,56.69833333333333
2020-05-27,60.77445238095238,59.58368560606061,48.624,66.167725,55.36669444444444,71.33871428571429,53.010000000000005,50.0,59.045166666666674,61.346875
2020-05-28,58.88161818181818,58.87085416666666,57.1515,56.056125,46.386583333333334,56.23399523809523,57.9375,68.00874999999999,58.636047619047616,56.245
2020-05-29,61.59447916666667,61.07234285714286,62.9256,52.96809999999999,61.4868125,57.186136363636365,52.256,58.02666666666667,51.680625,61.59958333333333
2020-05-30,74.695,66.47874999999999,47.4325,52.96809999999999,60.36708333333334,61.182500000000005,50.0,44.865,70.095,38.53
2020-05-31,59.65899999999999,59.85,43.99916666666667,62.70666666666666,55.730000000000004,82.985,50.0,44.865,65.80625,80.62
2020-06-01,61.15233333333333,52.4709494047619,56.347,55.3755,58.7345,60.2255,61.345000000000006,49.651666666666664,49.675104166666664,57.086666666666666
2020-06-02,67.6325,44.77725,58.0978125,54.87978888888889,53.419666666666664,71.52383333333333,65.9590625,63.501666666666665,63.8896,60.940416666666664
2020-06-03,50.16716666666666,61.71652380952381,75.95197916666667,63.378052380952376,66.3003253968254,66.9484180952381,62.46479166666666,61.584,72.48,50.0
2020-06-04,60.46425,63.876875,58.9248,62.49083333333333,59.32176984126984,57.15746428571429,57.43000000000001,66.43,60.503750000000004,55.531666666666666
2020-06-05,57.959833333333336,63.75544444444444,64.00009393939395,72.56055,58.955,69.5115,69.4015625,50.0,64.35611111111112,70.850625
2020-06-06,64.79833333333333,50.644999999999996,21.405,50.0,59.3175,41.016666666666666,68.06,44.865,56.02,70.850625
2020-06-07,59.151875,76.6825,21.405,86.345,61.426458333333336,50.0,68.06,44.865,45.5525,70.850625
2020-06-08,36.517500000000005,55.24980000000001,62.03999999999999,62.109,54.832875,60.502750000000006,71.875,83.06,63.170416666666675,89.53
2020-06-09,50.0,52.23877777777778,72.31463333333333,58.748999999999995,47.061458333333334,54.699038461538464,70.89999999999999,59.675,65.40969047619048,70.42541666666666
2020-06-10,51.585625,48.42064166666666,45.55947777777778,58.14181547619047,56.12440277777778,43.88578125,70.89999999999999,67.15375,53.71067857142857,62.040000000000006
2020-06-11,52.79447619047619,49.17190800865801,43.21139743589744,53.200155555555554,60.646,52.69426190476191,58.60833333333333,52.535,63.52885416666667,47.42
2020-06-12,57.656666666666666,58.91438095238095,56.669000000000004,53.233333333333334,60.80225,53.49852272727272,63.66583333333333,64.8,57.40709134615385,77.86999999999999
2020-06-13,57.656666666666666,71.123125,68.06,61.917500000000004,53.746249999999996,63.05166666666666,63.66583333333333,64.8,50.0,77.86999999999999
2020-06-14,82.6375,40.914,62.968333333333334,61.917500000000004,80.09333333333333,63.05166666666666,63.66583333333333,81.845,50.0,77.86999999999999
2020-06-15,44.6278125,52.239673076923076,42.80415178571428,60.327541666666676,62.44520833333333,48.36826388888889,63.660000000000004,50.0,59.21041666666667,72.385
2020-06-16,55.31372222222222,59.76479166666666,57.501250000000006,57.334583333333335,54.57291666666666,68.5531282051282,50.0,64.655,64.71375,60.245000000000005
2020-06-17,55.372733333333336,62.593066666666665,52.23275,52.988875,48.141875,48.495,19.379999999999995,48.964999999999996,52.656875,50.0
2020-06-18,42.41354166666667,58.11733571428571,54.09625,52.322500000000005,71.72041666666667,45.81305555555556,50.0,69.56,56.1125,67.375
2020-06-19,58.86895833333333,53.24411111111112,68.55474206349207,49.24270833333333,66.26208333333334,58.246249999999996,53.82750000000001,69.56,39.79333333333333,82.3775
2020-06-20,75.53,57.824062500000004,68.55474206349207,50.0,78.93875,58.246249999999996,53.82750000000001,69.56,87.53,68.06
2020-06-21,67.25166666666667,51.239666666666665,36.224999999999994,50.0,57.945,58.246249999999996,48.2275,69.56,62.5,29.905000000000005
2020-06-22,57.513124999999995,56.095099999999995,65.49875,52.25562500000001,59.99,58.466111111111104,58.75,69.56,60.69455555555555,50.0
2020-06-23,57.89402777777778,65.03468333333333,60.05375000000001,62.651875000000004,50.542187500000004,62.70249999999999,53.82333333333334,50.0,53.72833333333333,56.9675
2020-06-24,61.073750000000004,51.674725,46.43958571428571,50.1795,55.67229166666666,50.20067857142857,50.0,59.03,37.69895833333333,63.660000000000004
2020-06-25,57.073055555555555,57.854392857142855,57.96261904761904,57.20957142857143,55.846666666666664,46.39423611111111,70.095,59.03,28.585833333333333,63.6575
2020-06-26,73.291,60.742735294117644,59.16569444444444,50.65002976190476,55.92366666666667,56.8705,79.97000000000001,50.955,51.60249999999999,69.02000000000001
2020-06-27,42.045,58.58833333333333,35.199999999999996,28.925,66.381,50.0,68.06,50.955,51.60249999999999,69.02000000000001
2020-06-28,54.20291666666667,50.43625,35.199999999999996,66.7425,64.8,50.0,68.06,50.955,51.60249999999999,69.02000000000001
2020-06-29,57.60344444444444,56.40035833333334,66.115,65.9696875,60.82511904761905,64.09035,61.315,68.06,59.59166666666667,80.62
2020-06-30,62.90071428571429,54.0767619047619,58.11239583333333,61.06446428571428,62.174166666666665,60.689236111111114,58.51,68.045,73.6,64.985
2020-07-01,48.2575,44.96242954545455,59.850833333333334,38.24791666666666,64.72604166666667,65.29685185185186,62.765,50.0,68.49666666666667,65.73375
2020-07-02,56.32541666666666,60.9182,61.91705194805195,58.8105,60.381249999999994,53.007777777777775,50.0,56.25,68.516875,90.36999999999999
2020-07-03,43.63166666666667,57.07,72.02,22.884999999999998,63.7834375,43.64833333333333,68.06,56.25,67.79166666666666,90.36999999999999
2020-07-04,58.23166666666667,53.010000000000005,50.0,22.884999999999998,56.15375,50.0,68.06,56.25,69.08999999999999,81.80499999999999
2020-07-05,57.45125,54.669999999999995,77.115,64.54166666666666,76.43333333333334,69.355,26.165,56.25,65.05,61.92541666666666
2020-07-06,59.79833333333333,51.221133333333334,49.27675,64.447375,62.07749999999999,39.64928571428572,35.55375,51.075,61.81875,57.74526315789474
2020-07-07,56.915749999999996,62.71516666666667,51.08363095238096,51.575,63.06033333333333,47.668571428571425,31.94,64.64750000000001,67.5075,50.05
2020-07-08,57.28625,58.46479166666667,79.295,62.847500000000004,61.03404761904761,56.719750000000005,78.595,32.99999999999999,53.81777777777778,46.40152777777778
2020-07-09,62.023125,57.874,67.10625,56.466875,48.57683333333333,50.21111111111111,50.0,50.0,61.95507936507937,58.778333333333336
2020-07-10,50.0,51.19775,64.22833333333332,60.06816666666667,62.0765,43.91916666666666,50.0,53.86,60.03333333333334,80.78999999999999
2020-07-11,75.53,58.025416666666665,64.22833333333332,60.18666666666667,58.4925,43.91916666666666,50.0,53.86,73.04,80.78999999999999
2020-07-12,61.28750000000001,63.049375,72.02,60.848749999999995,70.48833333333333,65.31,50.0,53.86,87.895,80.78999999999999
2020-07-13,64.64944444444444,55.57633333333334,68.5475,49.472142857142856,48.79375,65.24222222222222,50.0,68.06,65.9225,52.5175
2020-07-14,61.959374999999994,58.92504761904762,48.71,52.63312908496732,64.6575,63.903311111111115,50.0,68.06,58.727,77.86999999999999
2020-07-15,56.46458333333333,57.95541428571429,45.7685,69.8974304347826,71.82124999999999,60.49099999999999,50.0,58.11333333333334,57.70322916666667,82.71083333333334
2020-07-16,65.69083333333333,61.458488095238096,56.90763888888889,49.05378787878788,61.4425,52.44125,50.86000000000001,58.11333333333334,56.96591666666667,78.32625
2020-07-17,25.055,65.18819444444445,43.53041666666667,50.61194444444445,54.774166666666666,63.2575,50.0,58.11333333333334,46.756190476190476,68.60333333333334
2020-07-18,25.055,53.22666666666667,43.53041666666667,34.575,82.43,13.679999999999998,50.0,58.11333333333334,68.06,67.0
2020-07-19,83.6875,54.443333333333335,76.99000000000001,61.915,69.64666666666666,80.62,50.0,50.0,50.0,86.75500000000001
2020-07-20,53.06291666666667,56.265138888888885,61.32455555555556,68.77,50.0,65.83568181818183,68.06,50.0,62.358645833333334,49.66416666666667
2020-07-21,64.89333333333333,62.2029301242236,66.02272380952381,59.215885416666666,64.5003125,51.22624999999999,68.06,58.016,67.06649999999999,68.95875000000001
2020-07-22,58.16791666666666,55.116,62.05825,53.341145833333336,83.23083333333334,50.49041666666667,63.934999999999995,61.5475,62.18194444444445,68.95875000000001
2020-07-23,40.87759259259259,53.8999358974359,58.985,55.04091666666666,47.967,68.716875,59.84679166666667,57.4,64.81944444444444,61.8875
2020-07-24,61.55843750000001,49.96010833333333,65.9447435897436,47.348125,60.70725,59.59090277777778,59.99250000000001,50.0,58.35316451149425,65.03277777777777
2020-07-25,61.55843750000001,58.972500000000004,72.965,63.660000000000004,61.34666666666667,76.53750000000001,59.99250000000001,35.199999999999996,68.06,63.660000000000004
2020-07-26,61.55843750000001,49.233125,80.62,61.72833333333333,64.97125,70.00666666666667,67.27,92.955,73.46722222222222,28.925
2020-07-27,58.98,64.10770833333333,57.987500000000004,55.49611111111111,47.44833333333333,54.62625,50.0,50.0,63.19933333333333,59.68
2020-07-28,60.43725,56.25874404761905,60.114999999999995,53.80609375,58.461979166666666,56.080625,65.290625,50.0,54.16402116402116,61.01
2020-07-29,54.560624999999995,57.20543461538461,71.06625,56.91494791666667,60.5264,54.52209821428572,64.44888888888889,56.767999999999994,66.00616363636364,58.961666666666666
2020-07-30,57.13741666666666,59.746900000000004,55.95806060606061,66.888,53.805468749999996,53.77408158508159,52.346599999999995,50.81375,53.266633454106284,63.41916666666667
2020-07-31,60.240833333333335,58.2151,52.244578877005345,55.14750000000001,57.24680911680912,53.63133333333333,77.86999999999999,64.64750000000001,72.1975,61.112500000000004
2020-08-01,43.75,56.0975,34.3775,38.082499999999996,56.357499999999995,37.9125,77.86999999999999,64.64750000000001,68.06,63.660000000000004
2020-08-02,66.513,62.55500000000001,32.99999999999999,38.082499999999996,56.357499999999995,66.49249999999999,82.985,64.64750000000001,60.114999999999995,89.8425
2020-08-03,65.3235,47.46461428571428,57.131,60.0425,52.844942857142854,54.06030555555555,91.355,48.9825,60.18794444444444,89.8425
2020-08-04,58.421461538461536,62.064676767676765,54.332708333333336,49.81293333333333,53.52354166666666,52.922777777777775,68.8125,41.5,64.54902777777778,74.39083333333333
2020-08-05,64.31687500000001,51.74283333333334,55.83444444444444,55.67191666666667,48.835,57.85344444444445,58.29666666666667,58.214999999999996,56.68084821428572,54.553333333333335
2020-08-06,68.06229166666667,57.404999999999994,59.67166666666667,59.63916666666667,66.94469444444444,71.47555555555556,70.83333333333334,59.03,69.43249999999999,55.1725
2020-08-07,55.59991071428571,61.94116666666667,53.63244444444445,54.00208333333333,63.13278571428571,52.09395833333333,70.83333333333334,70.530625,69.2925,50.0
2020-08-08,62.473749999999995,72.73166666666665,43.54,80.66250000000001,69.59500000000001,65.9225,62.5,70.530625,48.78,26.165
2020-08-09,72.02,70.93583333333333,86.555,80.66250000000001,69.59500000000001,51.27,62.5,50.0,48.78,57.655
2020-08-10,72.42833333333334,58.574416666666664,59.148906249999996,56.369,57.58214285714286,61.77125,71.25166666666667,50.0,68.3140625,56.92166666666667
2020-08-11,57.948055555555555,53.88480208333334,63.879062499999996,59.13075,65.00666666666667,54.900925925925925,50.0,81.845,64.30658333333334,73.3225
2020-08-12,60.119,52.843666666666664,61.968,52.09520833333333,53.37166666666666,55.7984375,50.0,50.0,51.60166666666667,54.978
2020-08-13,53.7,53.823190476190476,61.345000000000006,46.76316666666666,46.915,47.14833333333333,50.0,50.0,61.52055555555555,50.0
2020-08-14,48.28,53.717656250000005,67.49666666666666,53.82416666666666,54.515,52.60125,62.040000000000006,68.40333333333334,68.58854166666667,88.58500000000001
2020-08-15,65.41250000000001,51.2625,71.56,53.82416666666666,74.6525,56.25,62.040000000000006,68.40333333333334,44.964999999999996,80.62
2020-08-16,92.405,56.140833333333326,35.95,28.452500000000004,68.925,58.214999999999996,73.83500000000001,68.40333333333334,60.995,82.985
2020-08-17,56.02,60.53093181818182,49.25920833333333,59.826666666666675,68.925,61.95666666666666,65.376875,69.2925,45.9115625,81.845
2020-08-18,57.67250000000001,64.59518898809525,51.502916666666664,59.86416666666666,42.516666666666666,68.969375,54.93333333333334,81.4725,53.88041666666666,72.88
2020-08-19,50.0,62.793963768115944,58.32555555555555,57.821999999999996,59.546770833333326,58.457708333333336,50.0,62.040000000000006,54.690416666666664,72.88
2020-08-20,55.662,59.03135,59.122,66.08867857142857,54.01899999999999,59.243125,53.20333333333333,50.0,43.015,58.330499999999994
2020-08-21,64.0038888888889,67.38071666666667,57.94916666666666,62.90427083333333,59.385,50.129000000000005,62.5,54.218333333333334,56.49216666666666,73.94625
2020-08-22,64.0038888888889,59.198166666666665,57.097500000000004,77.01,68.06,85.90124999999999,80.62,80.62,82.37,85.015
2020-08-23,67.8225,66.0675,76.535,77.01,72.02,85.90124999999999,60.114999999999995,80.62,57.655,85.015
2020-08-24,63.01125,49.145312499999996,53.01728571428571,71.25583333333333,62.01,65.84979166666668,60.114999999999995,59.29,50.560055555555564,58.203333333333326
2020-08-25,63.549166666666665,58.025416666666665,51.01088235294118,66.99000000000001,60.400350877192984,59.126583333333336,41.105000000000004,63.5575,55.589124999999996,84.25750000000001
2020-08-26,60.236749999999994,59.83491071428572,67.549375,59.85374999999999,63.788,55.17775,64.8,72.90833333333333,59.73555555555555,78.41383333333334
2020-08-27,59.572500000000005,53.82352380952381,51.853257142857146,46.766666666666666,61.64993333333333,54.358583333333335,59.03,68.37416666666667,56.444375,59.03
2020-08-28,58.79375,50.992375,51.776250000000005,41.814499999999995,57.72586666666667,57.05366666666667,48.11416666666667,50.0,74.76666666666667,59.03
2020-08-29,56.830000000000005,66.015,76.92625,50.0,35.199999999999996,57.05366666666667,48.11416666666667,50.0,74.76666666666667,68.06
2020-08-30,69.0775,49.2,15.139999999999997,81.845,72.25,57.05366666666667,80.62,84.3,71.99,75.20750000000001
2020-08-31,70.095,53.648593749999996,54.66483333333333,61.338,67.5311111111111,68.1027,50.0,84.3,64.15833333333333,53.39111111111111
2020-09-01,52.82666666666667,57.258750000000006,65.228125,59.1765,60.048125,60.84499999999999,50.0,66.90083333333334,57.116875,50.0
2020-09-02,66.20722222222221,63.34291666666667,45.395,55.16788888888888,45.73468750000001,65.14166666666667,50.0,50.0,70.69230158730159,83.86
2020-09-03,56.084999999999994,68.83950892857142,60.087999999999994,56.74583333333333,53.625,55.00145833333333,52.8675,68.06,55.856249999999996,84.4525
2020-09-04,63.57958333333333,54.803000000000004,59.2521875,49.41983333333334,50.659821428571426,56.02,60.58,64.63555555555556,63.989375,85.015
2020-09-05,63.57958333333333,62.23979166666667,59.2521875,49.367,59.03,50.0,60.58,85.015,75.53,74.3375
2020-09-06,63.57958333333333,72.84777777777778,84.3475,50.0,75.53,51.337500000000006,77.115,71.075,68.37666666666667,87.82666666666668
2020-09-07,65.6225,55.448750000000004,68.06,71.03,62.17,50.0,77.115,71.075,69.4575,87.82666666666668
2020-09-08,64.9525,61.71497222222222,42.7991,57.404999999999994,52.76291666666667,52.911874999999995,50.0,71.075,50.0,37.25066666666667
2020-09-09,59.93166666666667,59.256098484848486,61.47,42.938750000000006,61.14541666666666,58.061388888888885,50.0,18.755,62.51447916666667,87.14999999999999
2020-09-10,58.175,66.20486111111111,56.462500000000006,61.84458333333333,88.58500000000001,51.323750000000004,67.25750000000001,18.755,57.93611111111111,50.0
2020-09-11,49.63166666666667,64.0121875,57.43055555555555,47.16666666666667,59.00333333333333,54.355555555555554,35.199999999999996,50.0,61.91888888888889,68.06
2020-09-12,46.8575,51.91166666666667,74.95,50.0,63.580000000000005,54.355555555555554,35.199999999999996,84.6025,68.06,49.355
2020-09-13,69.96625,26.224999999999998,41.98083333333334,71.71000000000001,63.68833333333333,60.5375,36.224999999999994,84.6025,51.68583333333333,79.245
2020-09-14,58.44777777777777,57.61590714285715,49.295,49.975,62.00357738095238,52.54222222222222,48.225,84.6025,59.96447916666666,83.525
2020-09-15,52.42722222222223,58.77590277777778,36.111875,72.21125,65.18258333333333,57.10422222222222,48.225,57.12583333333333,44.26691666666667,49.23083333333334
2020-09-16,55.02583333333333,58.20111111111112,63.09854166666666,55.0485,50.0,66.57895833333333,59.03,50.0,72.0975,55.960625
2020-09-17,69.71555555555555,62.878083333333336,61.85541666666666,57.94575,53.034749999999995,57.660790404040405,58.11958333333334,46.362500000000004,64.25968253968254,55.960625
2020-09-18,51.7203125,51.66841233766234,54.338750000000005,64.528125,52.93125,78.30541666666666,58.11958333333334,69.6125,50.0,35.199999999999996
2020-09-19,59.4025,53.75055555555556,54.338750000000005,85.25,35.01499999999999,77.9775,87.895,50.0,50.0,35.199999999999996
2020-09-20,80.87875,44.77357142857143,54.338750000000005,76.335,27.790000000000003,55.505,60.114999999999995,50.0,50.0,35.199999999999996
2020-09-21,52.36625,59.719965277777774,47.67055555555555,50.81816666666666,52.37125,40.76539682539683,53.410000000000004,50.0,64.50444444444445,77.86999999999999
2020-09-22,66.37666666666667,61.18503717948718,77.8975,65.34562500000001,80.711875,57.7975,53.410000000000004,68.06,55.133611111111115,82.985
2020-09-23,63.212500000000006,60.24710227272727,56.80791666666667,58.88475,60.138749999999995,67.71166666666667,50.0,68.06,47.4325,68.06
2020-09-24,71.88974999999999,56.90761904761905,62.810937499999994,62.952968750000004,47.25416666666666,53.68527777777777,81.845,50.0,59.526875000000004,50.0
2020-09-25,47.228750000000005,57.60625,55.821875,58.705,71.36416666666668,63.5238125,68.06,50.0,47.1325,50.0
2020-09-26,66.49249999999999,63.63333333333333,61.01,82.3875,62.3175,38.95916666666667,68.06,68.06,47.1325,67.735
2020-09-27,74.85083333333333,45.9725,61.315,68.06,35.199999999999996,77.115,69.92750000000001,85.015,76.95875,85.11999999999999
2020-09-28,64.73919642857142,59.40565,59.32062500000001,61.86966666666667,55.72975,58.295984374999996,44.97625,85.015,59.78927083333333,66.49249999999999
2020-09-29,52.964999999999996,62.21998571428572,62.6105,44.78395833333334,64.93296875,65.263,44.97625,50.0,65.21249999999999,56.830000000000005
2020-09-30,69.14750000000001,62.070493506493506,52.23083333333334,55.462761904761905,64.434375,65.01415151515151,50.0,81.245,58.643541666666664,70.30621212121211
2020-10-01,57.22305555555556,58.11351515151515,53.242866666666664,58.51484848484848,49.800104166666664,73.66423611111111,50.0,81.245,50.0,72.02
2020-10-02,44.73125,53.74589285714285,62.46645833333333,60.17037037037037,42.023125,57.63374999999999,50.0,81.245,66.21833333333333,75.53
2020-10-03,70.04,58.51,50.0,60.17037037037037,48.784166666666664,80.68875,59.03,81.245,73.83500000000001,83.2225
2020-10-04,70.04,59.685,62.040000000000006,50.0,67.9725,50.0,59.03,78.595,63.5575,74.43833333333333
2020-10-05,60.958333333333336,60.53733333333333,62.6460625,63.598333333333336,55.75194444444445,50.34995833333333,69.28666666666666,87.895,59.03,74.43833333333333
2020-10-06,58.19104166666666,57.256388888888885,42.52375,68.43854166666667,53.12583333333334,48.19344017094017,69.28666666666666,82.985,59.57111111111111,60.33333333333333
2020-10-07,69.095,64.97086607142857,51.087,58.020333333333326,66.05154761904761,56.08222222222222,68.06,82.985,68.15249999999999,68.48833333333333
2020-10-08,49.82527777777778,56.51176785714286,69.9981746031746,60.99072916666667,55.64089583333334,58.379999999999995,50.0,82.985,60.98875,62.040000000000006
2020-10-09,65.07665178571429,58.08307142857143,69.9981746031746,63.056333333333335,42.18866666666667,67.38794871794872,50.0,82.985,63.73997395833333,60.114999999999995
2020-10-10,48.54472222222223,64.46937500000001,53.972500000000004,50.0,88.58500000000001,47.24166666666667,75.53,82.985,50.0,73.83500000000001
2020-10-11,57.24555555555555,68.51,73.775,40.455000000000005,68.98333333333333,58.772222222222226,73.2675,82.985,50.0,73.83500000000001
2020-10-12,47.571555555555555,67.1595,68.86566666666667,70.60883241758242,52.286388888888894,68.072625,50.0,50.0,66.09916666666666,73.83500000000001
2020-10-13,42.93553571428571,52.97487719298246,48.065000000000005,52.16629316239316,46.5195,67.4075,50.0,50.0,49.983333333333334,55.98
2020-10-14,63.073166666666665,60.803125,56.897,62.210156250000004,68.0540625,59.216875,79.295,76.77000000000001,52.364999999999995,63.660000000000004
2020-10-15,71.50833333333333,56.961166666666664,71.800625,63.13418333333334,66.42866666666667,59.412333333333336,77.795,76.77000000000001,63.627291666666665,86.75500000000001
2020-10-16,58.37291666666666,69.55597222222222,49.40970588235294,79.62400000000001,63.85487179487179,59.407008547008544,77.81,76.77000000000001,60.559444444444445,86.75500000000001
2020-10-17,73.035,79.524375,22.13,78.155,69.13125,74.9525,77.81,76.77000000000001,60.559444444444445,72.02
2020-10-18,82.985,82.985,84.87,77.795,65.3884375,62.10333333333333,82.985,76.77000000000001,45.14666666666667,84.665
2020-10-19,66.1221875,62.8722,51.83232692307692,60.61,57.89375,63.641041666666666,92.405,50.0,61.46,55.267500000000005
2020-10-20,50.0,66.0828125,68.12833333333333,59.118184523809525,68.00854166666667,65.40083333333332,92.405,71.18249999999999,66.958125,63.54500000000001
2020-10-21,54.62083333333333,65.32847023809524,49.37225,51.32716666666667,59.74366666666666,65.405625,63.60333333333333,57.4,63.973124999999996,66.98027777777777
2020-10-22,60.15645833333334,55.16598014354067,62.90375,55.90279761904762,52.54875,53.380714285714284,54.43,41.5,59.004687499999996,64.76666666666667
2020-10-23,69.529375,68.34675,64.45291666666667,76.71875,52.611666666666665,70.5325,59.03,68.06,60.93636363636363,65.77
2020-10-24,85.22833333333332,61.755,64.45291666666667,46.33611111111111,42.6,56.55166666666667,59.03,67.74,60.63833333333333,88.25
2020-10-25,51.93,62.92375,84.53999999999999,59.03,69.825,68.06,59.03,67.74,50.0,58.877500000000005
2020-10-26,51.67653333333333,49.17791666666667,49.78175,52.654374999999995,52.6365,68.37183333333333,50.0,77.86999999999999,54.65577380952381,64.1825
2020-10-27,68.06,54.0925,57.63366666666667,56.83425,59.179,50.06479456654457,52.2575,77.86999999999999,62.35858333333333,63.4775
2020-10-28,57.221333333333334,56.66783333333334,53.05728571428572,51.09045238095238,52.67588051948052,58.494405844155835,52.2575,61.440000000000005,56.03613095238096,50.0
2020-10-29,59.77981818181818,54.98554166666667,39.123125,58.926875,64.07978333333332,50.11635,55.90383333333333,50.0,61.6055,58.383125
2020-10-30,63.1809375,62.16882777777778,52.32370862470862,61.62586666666666,62.831875000000004,53.870303571428565,55.90383333333333,50.0,60.665,66.945
2020-10-31,46.557500000000005,45.025000000000006,59.18875,61.62586666666666,54.08625,50.0,65.91,80.62,60.114999999999995,68.51333333333334
2020-11-01,64.67666666666668,59.57416666666666,50.0,64.8,72.74249999999999,75.755,75.53,80.62,55.057500000000005,91.355
2020-11-02,59.79714285714286,60.61255952380953,46.21495,56.293749999999996,69.39874999999999,58.65985119047619,75.53,68.06,65.03575000000001,50.15083333333333
2020-11-03,51.9825,63.416247619047624,65.98458333333333,55.10732886904762,62.68108333333333,63.38866666666667,72.88,50.0,63.212500000000006,64.2975
2020-11-04,52.13216666666667,56.7393253968254,50.61846875,60.25431944444445,70.651,63.71479166666667,59.03,50.0,55.9205,54.555416666666666
2020-11-05,49.685,59.991392857142856,58.45866666666667,56.221,54.998124999999995,57.863571428571426,59.03,62.718333333333334,60.41544642857143,69.85625
2020-11-06,56.356936274509806,53.626178571428575,62.4275,58.9103125,59.03,48.8268253968254,56.52666666666667,60.082499999999996,63.55583333333333,58.945
2020-11-07,50.0,62.765,73.83500000000001,66.36916666666667,70.87166666666667,80.62,56.52666666666667,60.082499999999996,56.755,70.9475
2020-11-08,50.0,59.29833333333333,73.83500000000001,70.33625,50.0,80.62,56.52666666666667,60.082499999999996,56.755,70.9475
2020-11-09,65.01733333333333,51.38722222222222,63.33572380952381,56.436510416666664,58.91916666666667,69.16295238095238,56.52666666666667,62.06333333333334,51.10675,57.2905
2020-11-10,53.86391666666667,61.078722222222225,56.74513333333333,58.5125,63.40216666666667,63.97613888888889,50.644999999999996,62.06333333333334,49.018219696969695,63.660000000000004
2020-11-11,48.371562499999996,58.393166666666666,69.27266666666667,61.684428571428576,56.02,55.576499999999996,56.166666666666664,74.34,65.60349206349207,66.42250000000001
2020-11-12,59.221250000000005,56.92756818181818,72.39433333333334,60.91706547619048,52.60125,56.39480952380952,54.123125,74.34,64.29541666666667,65.82583333333334
2020-11-13,64.08916666666667,67.01826086956521,69.15833333333333,56.19133928571428,70.68666666666667,60.5815,66.72625,63.1675,49.214444444444446,65.82583333333334
2020-11-14,64.08916666666667,67.11333333333333,64.05,50.0,70.30875,64.64750000000001,50.0,63.1675,81.245,50.0
2020-11-15,84.385,58.06601190476191,68.06,59.03,55.08333333333333,69.46083333333334,50.0,63.1675,66.49249999999999,48.07
2020-11-16,50.0,56.94094444444444,69.9975,60.752791666666674,56.36785714285715,56.54864583333333,74.695,50.0,64.34333333333333,53.46388888888889
2020-11-17,61.757,71.32917391304348,50.0,52.5525,56.7134375,60.07812500000001,81.8025,50.0,72.19194444444445,53.46388888888889
2020-11-18,56.6636,59.58930555555555,64.91708333333334,61.70927083333333,60.06125,51.59867105263159,81.8025,82.985,64.04531250000001,60.415
2020-11-19,68.95142857142858,49.95191666666667,62.5275,62.83966666666667,53.512708333333336,57.66104166666667,56.876666666666665,50.0,66.014375,54.78375
2020-11-20,51.385999999999996,59.796076388888885,50.0,56.29500000000001,52.05819444444444,57.00077777777778,56.876666666666665,50.0,63.531111111111116,57.892500000000005
2020-11-21,51.385999999999996,75.38033333333334,50.0,68.06,73.286875,75.26625,56.876666666666665,80.62,63.531111111111116,63.775000000000006
2020-11-22,48.44583333333333,53.00812500000001,50.0,68.06,57.70583333333333,55.66166666666666,61.06166666666667,80.62,57.48,63.775000000000006
2020-11-23,55.333333333333336,57.15069444444445,50.74849107142857,52.279374999999995,61.55199999999999,56.22208333333334,50.0,80.62,62.53041666666667,65.62
2020-11-24,60.61017857142858,52.12628472222222,45.501285714285714,59.19624999999999,64.98875,52.08453113553113,72.02,57.925000000000004,50.0,75.53
2020-11-25,59.338499999999996,64.58562500000001,58.416250000000005,54.119708333333335,52.511874999999996,64.22108333333334,63.39666666666667,57.925000000000004,64.05972222222222,76.245
2020-11-26,59.338499999999996,58.462916666666665,64.10875,64.94250000000001,62.07416666666666,47.42,68.06,57.925000000000004,68.9475,76.245
2020-11-27,64.67166666666667,55.86775000000001,55.290416666666665,67.55791666666666,37.235,69.06166666666667,68.06,60.03000000000001,57.64666666666667,85.48
2020-11-28,57.54333333333334,70.175,68.06,50.0,59.56249999999999,76.56333333333333,68.06,86.75500000000001,52.94166666666666,86.75500000000001
2020-11-29,57.54333333333334,66.0075,63.4275,49.3625,69.125,62.50944444444444,60.114999999999995,50.0,52.94166666666666,56.894999999999996
2020-11-30,50.0,56.780312499999994,63.60986666666666,48.513125,61.51111111111112,61.150416666666665,50.0,75.53,50.74916666666667,56.375
2020-12-01,65.01875,64.06305555555556,60.43383333333333,78.52749999999999,69.57583333333334,58.996785714285714,68.9475,67.0,58.225625,63.660000000000004
2020-12-02,37.6525,52.86527777777778,60.21120833333333,58.85812500000001,63.2825,52.37777777777778,63.64666666666666,68.575,65.68468750000001,65.6690625
2020-12-03,52.17285714285714,61.18375,52.579166666666666,58.40625000000001,74.34125,64.63426330532212,50.0,66.96333333333332,48.77,65.6690625
2020-12-04,58.72357142857143,58.208749999999995,54.8110064935065,51.83916666666667,54.999027777777776,59.203700000000005,50.0,68.06,60.29416666666667,81.065
2020-12-05,69.1375,65.28583333333333,71.90041666666667,67.99388888888889,36.065000000000005,73.72999999999999,50.0,68.06,62.040000000000006,81.065
2020-12-06,61.565000000000005,64.11405555555557,77.86999999999999,51.46666666666667,71.265,45.485,50.0,68.06,65.41250000000001,77.86999999999999
2020-12-07,58.71041666666667,52.196595238095234,57.150773809523805,46.79303030303031,65.61375000000001,53.69211111111111,50.0,84.04,54.79357142857143,77.86999999999999
2020-12-08,57.28242424242425,52.99486666666666,57.68375,54.57026666666667,66.16944444444445,42.95045454545455,54.166666666666664,50.0,57.48645833333333,72.95666666666666
2020-12-09,69.3703125,50.441912878787875,57.47805555555555,58.84316666666667,53.300000000000004,56.4315,65.32666666666667,59.2875,66.20070833333334,78.6875
2020-12-10,62.26234374999999,61.97530555555556,68.88070833333333,60.62641666666667,64.4176875,54.44393333333334,64.8,50.0,67.11177083333332,60.80083333333334
2020-12-11,55.016071428571436,63.37115,38.7421,55.75902380952381,68.46464999999999,46.29226666666666,50.0,50.0,58.09505208333333,57.025000000000006
2020-12-12,78.205,64.56875,61.917500000000004,31.94,61.51,54.795833333333334,50.0,50.0,62.86166666666667,57.025000000000006
2020-12-13,59.03,56.34166666666667,72.45125,56.40333333333333,68.03833333333333,72.65,50.0,50.0,50.0,57.025000000000006
2020-12-14,54.699296016483515,54.538149999999995,53.5025,56.86,52.105000000000004,58.89575,50.0,54.643750000000004,57.93611111111111,53.53333333333333
2020-12-15,64.75482142857143,60.95591666666667,66.76111111111112,65.47125,69.31444444444445,63.24225,57.655,66.36375,56.86716666666667,53.53333333333333
2020-12-16,53.010000000000005,63.94370000000001,53.857083333333335,69.07216666666667,65.334375,58.203333333333326,68.06,65.64166666666667,57.385,50.0
2020-12-17,60.16875,62.871,57.38999999999999,70.6694375,66.71853333333333,64.40243055555555,63.36000000000001,50.0,64.54464285714285,62.89111111111111
2020-12-18,61.5735,66.88716666666666,53.05833333333333,62.92666666666666,74.34416666666667,64.23425,57.17375,62.4625,64.4975,63.660000000000004
2020-12-19,55.10333333333334,62.5575,78.73125,50.0,86.345,68.179375,75.53,62.4625,82.66250000000001,74.02
2020-12-20,59.765,70.92833333333334,78.73125,66.67916666666667,50.0,44.996249999999996,52.190000000000005,62.4625,54.735,63.660000000000004
2020-12-21,54.681250000000006,61.289278571428575,56.16375,48.177326388888886,70.0175,71.96741176470589,84.04,51.707499999999996,60.522083333333335,68.06
2020-12-22,49.6425,59.214333333333336,50.7768,67.98666666666668,54.79201136363636,62.108958333333334,50.0,51.707499999999996,63.97020833333333,64.2975
2020-12-23,68.504375,61.12909166666667,57.945,62.145,60.867268518518514,69.10854166666667,50.0,50.0,62.72833333333333,79.245
2020-12-24,54.0975,65.43683035714285,50.78722222222222,52.251666666666665,71.61,72.55749999999999,50.0,75.52250000000001,60.91972222222222,79.245
2020-12-25,75.45500000000001,80.39625000000001,50.78722222222222,52.251666666666665,32.99999999999999,49.0925,50.0,75.52250000000001,60.91972222222222,88.25
2020-12-26,21.405,62.05083333333333,50.0,65.6225,79.295,63.625,50.0,44.865,71.04472222222222,77.86999999999999
2020-12-27,64.8,65.36333333333333,50.0,58.894999999999996,78.595,63.625,68.06,44.865,71.04472222222222,90.63
2020-12-28,61.864,56.789479166666666,66.22638888888889,62.80135,62.970749999999995,60.888125,50.0,44.865,63.29866666666667,72.02
2020-12-29,61.406666666666666,62.32428888888889,61.67374999999999,29.3225,51.12388888888889,65.2694117647059,67.02,68.06,51.02488636363637,72.02
2020-12-30,69.92,75.97541666666667,58.23625,55.13249999999999,70.98,56.0383,79.295,50.0,62.518281249999994,50.0
2020-12-31,57.92531746031746,73.0498,55.137499999999996,74.00566666666666,69.78194444444445,59.080333333333336,70.095,72.63833333333334,62.78666666666667,82.985
2021-01-01,71.56,73.3275,55.137499999999996,62.5,75.02375,59.080333333333336,70.095,72.63833333333334,85.48,58.894999999999996
2021-01-02,60.114999999999995,73.63250000000001,55.137499999999996,50.0,75.02375,59.080333333333336,70.095,72.63833333333334,60.114999999999995,73.3225
2021-01-03,41.105000000000004,61.150499999999994,65.6225,50.0,72.02,50.0,70.04,80.62,62.763333333333335,77.86999999999999
2021-01-04,60.08916666666667,53.515833333333326,52.194583333333334,67.08104166666666,61.59791666666666,62.6484375,59.03,80.62,64.87333333333333,77.86999999999999
2021-01-05,55.181749999999994,58.15633333333333,57.06183333333333,61.23125,65.35416666666667,56.687222222222225,64.54333333333334,63.54500000000001,53.867968749999996,66.635
2021-01-06,60.78371428571428,56.92483333333334,49.037333333333336,61.555347222222224,58.925000000000004,54.673899999999996,71.075,57.4,60.33988888888889,66.635
2021-01-07,68.9415,57.590300000000006,56.19666666666667,58.82628571428572,51.55766666666667,50.25483333333334,50.5,50.0,51.58283333333333,56.830000000000005
2021-01-08,62.040000000000006,64.60945,64.84825892857143,60.55541666666666,50.0,52.43022222222222,60.16833333333334,63.660000000000004,56.41374999999999,58.43083333333333
2021-01-09,62.040000000000006,59.03,69.08999999999999,50.0,65.54833333333333,56.9575,80.395,63.660000000000004,68.06,68.06
2021-01-10,78.155,66.57925,66.63,50.70041666666667,60.502500000000005,70.525,80.395,63.660000000000004,75.06250000000001,68.06
2021-01-11,60.1455,63.11833333333333,46.4025,52.69916666666666,44.24604166666667,51.90803571428572,50.05125,68.69500000000001,53.94103174603174,67.27
2021-01-12,47.4625,61.68954166666667,51.203541666666666,53.48133333333334,61.38779166666667,52.121625,50.0,51.906666666666666,54.80625,77.59583333333333
2021-01-13,48.071875,59.170500000000004,58.001875000000005,60.0184375,65.46854166666667,67.33208333333334,50.0,65.63416666666666,55.692581845238095,64.95166666666667
2021-01-14,53.80675,62.61814285714286,54.016666666666666,52.588035714285716,61.683437500000004,62.86305555555556,50.0,50.0,62.15133333333333,30.910000000000004
2021-01-15,69.15916666666668,60.31895833333333,58.24033333333334,65.88401041666667,60.03333333333334,55.426500000000004,53.010000000000005,68.69062500000001,55.974812500000006,72.02
2021-01-16,50.0,64.20937500000001,58.24033333333334,72.7125,63.580000000000005,51.74333333333333,24.47,68.69062500000001,73.86874999999999,72.02
2021-01-17,47.4325,56.7725,52.05,58.77875,55.057500000000005,71.27333333333333,20.029999999999998,68.69062500000001,40.72833333333333,72.02
2021-01-18,36.34,65.586,56.3125,82.32333333333332,50.0,41.14,20.029999999999998,68.69062500000001,65.6575,72.02
2021-01-19,58.27375,50.29533333333334,69.27041666666666,53.768125,53.125,59.0325,20.029999999999998,74.34,51.74266666666667,52.27666666666667
2021-01-20,37.5,45.772687499999996,45.2275,58.897436507936504,86.09916666666666,57.04,68.06,50.159375,60.453541666666666,60.89750000000001
2021-01-21,52.63708333333334,53.848937500000005,40.07233333333333,58.722833333333334,57.70583333333333,53.7625,57.027499999999996,50.159375,65.5730048076923,68.06
2021-01-22,64.03791666666667,55.6075,44.3675,48.78458333333333,59.03,58.29375,68.06,50.159375,57.10224264705882,63.44333333333333
2021-01-23,56.245625,65.93666666666667,74.73875,70.59,66.49249999999999,70.41333333333334,68.06,80.62,57.10224264705882,89.825
2021-01-24,62.80833333333333,62.514,50.0,66.30875,64.985,71.0855,48.2275,91.355,67.78725,61.277499999999996
2021-01-25,52.36541666666666,46.59133333333333,50.0,55.208333333333336,58.422133333333335,51.323055555555555,42.345,63.040000000000006,58.9940625,56.70333333333334
2021-01-26,61.24630952380953,60.62731944444445,70.925,62.611354166666665,52.780833333333334,60.73222023809524,47.86666666666667,52.46666666666666,65.92925000000001,65.65125
2021-01-27,52.12175,50.896035714285716,62.02361111111111,57.97433333333333,62.21107142857143,54.15395833333333,50.0,71.53166666666667,70.3575,68.45916666666668
2021-01-28,64.9880048076923,58.759866666666674,57.5534375,52.08434027777778,66.664,55.17317499999999,59.333437499999995,50.0,46.17993055555555,76.405
2021-01-29,60.57966666666667,59.90402777777778,32.49041666666667,51.623875,53.74583333333334,57.45489583333333,45.5525,60.75000000000001,62.2315625,68.87166666666667
2021-01-30,72.23875,61.425,70.13625,40.97,53.74583333333334,62.085833333333326,80.62,88.25,85.785,68.87166666666667
2021-01-31,50.0,62.8575,47.0475,40.97,56.02,50.51416666666667,50.0,88.25,73.24062500000001,75.405
2021-02-01,76.763,56.157000000000004,59.09771111111111,56.668791666666664,67.9485,64.86861111111111,54.9905,59.03,66.17562500000001,75.405
2021-02-02,60.224976190476184,63.24733333333333,51.29150793650794,65.97562500000001,56.010625000000005,55.39660714285715,50.0,58.51,75.446875,77.86999999999999
2021-02-03,58.58166666666666,53.43875,57.267500000000005,65.85175,60.44350000000001,56.400625000000005,51.72,67.3125,62.91479166666667,60.52861111111111
2021-02-04,64.62406250000001,64.09076666666667,54.15562499999999,53.24975,59.43587272727273,61.48166666666667,51.72,50.0,61.03786435786436,70.065
2021-02-05,55.62825,41.07493333333333,54.56758333333334,54.07270833333333,75.42566666666667,49.03375,50.0,77.40750000000001,64.50958333333332,55.63666666666667
2021-02-06,55.62825,51.95802083333333,32.98,30.910000000000004,68.06,70.9425,50.0,61.22,50.0,78.92
2021-02-07,50.0,58.34,50.0,50.0,67.5075,54.0625,50.0,61.22,76.335,78.92
2021-02-08,49.790016666666666,69.24729545454545,69.02843333333333,55.90647321428571,47.42,62.625166666666665,61.160000000000004,74.33166666666666,66.97833333333332,50.0
2021-02-09,56.41464285714286,52.84271428571429,59.195,50.629999999999995,66.80958333333334,56.25604166666667,72.55791666666667,50.0,58.85333333333334,63.660000000000004
2021-02-10,51.04938888888889,64.80263392857142,52.24833333333333,59.45072916666667,59.0494,58.14029761904762,51.6,50.0,52.18000000000001,72.07000000000001
2021-02-11,62.705999999999996,58.77290789473684,60.5234375,71.14375000000001,58.71708333333333,54.233125,51.6,54.403999999999996,53.803999999999995,53.964999999999996
2021-02-12,78.155,57.491233333333334,48.043,50.0,63.93729166666666,62.495,51.6,79.5925,58.178333333333335,58.489333333333335
2021-02-13,66.40354166666667,62.761250000000004,48.043,50.0,63.93729166666666,62.495,51.6,80.62,58.178333333333335,75.53
2021-02-14,50.644999999999996,55.26875,49.165000000000006,50.0,47.42,39.975,51.6,80.62,40.97,75.4325
2021-02-15,93.0025,65.472,49.205,53.590444444444444,93.6,39.975,51.6,86.75500000000001,40.97,86.345
2021-02-16,47.83291666666666,53.548542857142856,64.70866666666667,60.927733333333336,50.0,45.412375,71.32833333333333,86.75500000000001,55.558125000000004,64.64750000000001
2021-02-17,53.123333333333335,57.16466666666666,45.40388461538461,60.348375,61.99370370370371,53.63249999999999,59.474166666666676,59.03,60.70011111111111,61.23499999999999
2021-02-18,61.37166666666667,64.55569999999999,64.89833333333334,55.185625,62.94500000000001,53.22425,68.50958333333334,59.03,58.660000000000004,63.42250000000001
2021-02-19,61.1925,62.058611111111105,66.30675000000001,60.05625,62.81416666666667,64.23583333333333,64.13916666666667,60.51875,60.846250000000005,80.03750000000001
2021-02-20,61.1925,64.23611111111111,66.30675000000001,50.0,74.195,51.73583333333334,87.895,60.51875,60.846250000000005,63.660000000000004
2021-02-21,85.015,44.23666666666667,85.30111111111111,50.0,51.26166666666667,64.82416666666666,57.56250000000001,60.51875,73.48750000000001,77.86999999999999
2021-02-22,58.5659375,67.321,53.303124999999994,46.585,66.22666666666667,50.03847222222222,61.58166666666667,56.02,57.056666666666665,63.660000000000004
2021-02-23,70.51722222222222,56.95473214285715,68.48145833333334,47.771874999999994,55.651666666666664,60.412777777777784,54.324375,58.51,64.04052083333333,62.068333333333335
2021-02-24,49.14234375,52.661875,51.29175,51.52250000000001,59.36916666666667,49.76302857142857,50.0,55.93166666666667,60.67555555555556,47.343333333333334
2021-02-25,51.65986111111111,59.38285238095238,60.799375,56.249791666666674,72.17275000000001,56.75680555555556,53.010000000000005,52.617333333333335,54.24,50.0
2021-02-26,52.41625,62.28644166666667,48.81083333333333,57.3925,50.6875,49.512962962962966,52.46666666666666,62.295,59.40347222222222,39.04666666666667
2021-02-27,22.13,49.8625,65.86000000000001,50.0,50.6875,82.0725,52.46666666666666,88.58500000000001,59.40347222222222,39.04666666666667
2021-02-28,69.14750000000001,75.53,69.2675,53.08437500000001,65.6225,50.0,52.46666666666666,74.6525,75.52250000000001,42.345
2021-03-01,51.6825,66.446,59.282375,53.235416666666666,58.57,46.41208333333333,54.681875000000005,70.47,55.94625,58.5
2021-03-02,65.2625,52.315625,46.36116666666666,68.71116071428571,58.1325,57.04083333333333,59.03,50.0,51.13916666666667,46.455
2021-03-03,65.399,57.077690476190476,56.51437500000001,52.70015476190476,68.06333333333333,56.39098214285714,59.03,50.14333333333333,69.91000000000001,60.114999999999995
2021-03-04,59.62499999999999,46.102632575757575,55.122249999999994,59.575250000000004,54.7721875,61.764375,64.8,77.86999999999999,60.38166666666667,77.815
2021-03-05,58.572500000000005,61.62791666666667,63.64454166666667,67.80375000000001,52.199375,51.85142857142857,49.355,62.040000000000006,60.94583333333333,59.73500000000001
2021-03-06,46.1725,59.545,71.33,81.845,50.0,88.25,49.355,62.040000000000006,60.94583333333333,59.73500000000001
2021-03-07,46.1725,83.4225,50.0,68.06,80.62,30.174999999999997,46.14,88.25,31.94,80.62
2021-03-08,49.74666666666667,53.099893162393165,63.577777777777776,59.01625000000001,56.1625,60.52889999999999,57.6425,62.36000000000001,68.8065625,48.71
2021-03-09,59.661249999999995,61.2522821969697,43.68535714285714,52.21975,52.00666666666667,57.70423611111111,50.0,62.36000000000001,51.6259375,45.735
2021-03-10,60.69328125,61.846244155844154,58.367374999999996,74.77694444444445,57.09333333333333,57.862788461538464,60.695,58.894999999999996,68.77,69.59500000000001
2021-03-11,59.867000000000004,55.88336904761905,64.24916666666667,54.41291666666667,52.947,62.65886666666667,66.03375,50.0,61.71416666666667,69.59500000000001
2021-03-12,61.0275,62.56030952380952,73.83500000000001,53.551166666666674,50.0,63.82666666666667,57.4,61.49333333333333,61.755833333333335,78.075
2021-03-13,76.335,68.43805555555555,66.02833333333334,82.985,70.56125,72.0125,57.4,85.48,79.6075,78.075
2021-03-14,67.27624999999999,63.34708333333333,73.83500000000001,69.08999999999999,78.075,61.88,57.4,72.02,56.02,85.48
2021-03-15,57.53055555555555,59.741875,50.683,61.812083333333334,53.0965,66.97,54.515,60.14666666666667,50.9475,68.74
2021-03-16,57.873,64.610175,41.276250000000005,58.09175,59.5475,50.866666666666674,50.0,64.94166666666666,48.708,63.839999999999996
2021-03-17,58.882999999999996,60.56700000000001,50.85583333333334,60.76125,56.94116666666667,50.213125000000005,56.830000000000005,49.358125,66.39166666666667,63.839999999999996
2021-03-18,51.016666666666666,68.28890000000001,47.59166666666667,51.45791666666667,57.42583333333333,50.227624999999996,56.830000000000005,71.49875,76.725,67.53
2021-03-19,62.91833333333333,53.74513333333333,66.88833333333334,49.53773611111111,66.89916666666666,53.99,64.985,71.49875,64.2975,67.53
2021-03-20,68.06,68.25888888888889,54.515,76.335,66.89916666666666,63.5525,68.06,71.49875,68.06,67.53
2021-03-21,55.135,58.246249999999996,23.665000000000003,76.335,63.31333333333333,63.5525,60.114999999999995,71.49875,50.0,67.53
2021-03-22,63.12,53.58194444444444,55.65694444444445,62.29783333333333,54.7025,62.88083333333333,60.114999999999995,71.49875,60.71333333333333,67.53
2021-03-23,55.8735,66.20933333333333,40.86458333333333,66.20892857142857,59.50833333333333,57.39062500000001,43.75,50.0,62.62077380952381,56.9675
2021-03-24,68.14104166666667,61.19969696969697,58.85641666666667,58.60194444444444,64.48875000000001,54.43208333333334,56.830000000000005,50.0,50.87712171052632,56.9675
2021-03-25,54.36025,60.6762375,59.95083333333333,52.57367857142857,63.8325,52.35999999999999,66.25,77.78125,53.95666666666666,78.35083333333334
2021-03-26,63.429375,49.158444940476194,67.30311111111111,59.03616666666667,52.54319444444444,60.39660714285714,40.13333333333333,77.78125,58.4484375,64.8
2021-03-27,67.445,65.0505,67.30311111111111,50.0,50.0,73.85249999999999,40.13333333333333,85.92,79.27,72.3325
2021-03-28,67.445,58.765,72.02,50.57625,80.05375000000001,69.2925,40.13333333333333,85.92,58.894999999999996,87.895
2021-03-29,60.919999999999995,70.48164285714286,70.2321875,35.94229166666666,60.992999999999995,54.0675,40.13333333333333,50.644999999999996,61.710138888888885,79.295
2021-03-30,70.623125,61.33816666666667,66.73583333333333,51.30388461538462,47.003125000000004,59.525625000000005,40.13333333333333,62.74999999999999,74.25,68.06
2021-03-31,56.02,55.53286666666667,66.24614583333333,59.889250000000004,56.5285,57.394444444444446,66.43,50.0,54.72388888888888,56.830000000000005
2021-04-01,59.25091666666666,52.24333333333333,33.68833333333333,67.0243,53.552,66.57166666666667,59.03,61.22,51.502875,55.53111111111111
2021-04-02,62.39875,66.6671875,77.86999999999999,71.54166666666667,59.094166666666666,64.8,59.03,44.865,63.259166666666665,63.660000000000004
2021-04-03,77.86999999999999,72.965,77.86999999999999,71.54166666666667,66.07416666666667,67.0,59.03,36.34,56.400000000000006,63.660000000000004
2021-04-04,62.26666666666667,88.58500000000001,85.015,71.54166666666667,77.40750000000001,62.050000000000004,59.03,36.34,76.175,74.4475
2021-04-05,65.94675,57.527208333333334,52.049,60.980513888888886,62.761250000000004,76.10072916666667,76.53750000000001,36.34,68.22583333333333,50.0
2021-04-06,64.74785714285714,58.302027777777774,61.32525,53.617375,60.152499999999996,53.21875,74.695,73.83500000000001,46.20744444444445,59.03
2021-04-07,53.913500000000006,51.49766666666666,46.57666666666667,57.4840625,66.635,55.53958333333333,42.045,70.095,50.39916666666666,65.86000000000001
2021-04-08,60.72233333333333,66.4704023809524,53.696,50.85208333333333,64.765375,54.08083333333333,58.13374999999999,50.0,56.138124999999995,69.98
2021-04-09,56.84431250000001,62.13169642857142,49.108125,60.58517857142858,64.59083333333334,63.744791666666664,58.13374999999999,50.0,67.81166666666667,63.660000000000004
2021-04-10,68.06,64.08749999999999,68.06,68.06,76.27416666666666,60.0475,58.13374999999999,82.43,67.81166666666667,81.065
2021-04-11,62.17,66.49249999999999,74.695,69.26166666666667,58.76916666666667,60.0475,68.06,82.43,60.114999999999995,81.065
2021-04-12,33.86666666666667,65.83486666666667,74.695,66.497375,45.733333333333334,68.5025,68.71666666666667,79.97000000000001,60.420972222222225,77.86999999999999
2021-04-13,67.35933333333334,56.70008333333333,63.403333333333336,64.18411904761905,51.655833333333334,72.15041666666667,68.71666666666667,50.0,57.435277777777785,56.162777777777784
2021-04-14,57.123000000000005,49.984,55.861875,62.09925757575757,51.49633333333333,57.594791666666666,63.93875,59.03,62.22916666666667,78.134375
2021-04-15,51.361250000000005,49.92196875,53.17000000000001,66.97855034722222,69.40625,62.88333333333333,63.93875,55.735,63.766875,68.0025
2021-04-16,65.91375,62.249437500000006,61.681875,69.0756738095238,43.75,54.48972222222223,50.0,50.0,57.6915,68.0025
2021-04-17,65.91375,51.220625,50.0,54.515,43.75,68.52833333333334,50.0,50.0,63.17333333333334,41.105000000000004
2021-04-18,56.02,55.35583333333334,50.0,84.53999999999999,43.75,50.0,61.315,50.0,62.040000000000006,41.105000000000004
2021-04-19,47.10944444444444,53.13323333333333,65.23541666666667,60.047172619047615,52.675000000000004,59.19305555555555,71.2975,63.27625,59.207013888888895,60.109500000000004
2021-04-20,50.604821428571434,51.964178571428576,68.35,62.22415,60.91888888888889,49.7915625,48.71,63.27625,61.16351851851852,66.38
2021-04-21,47.31671717171717,58.18633333333334,56.0309375,58.47458333333333,68.9705,55.03175,62.21125000000001,54.515,52.50125,69.1217857142857
2021-04-22,62.208695652173915,65.05947916666666,55.29428571428572,57.360625,52.976,60.460499999999996,57.99089285714285,56.69833333333333,64.396,66.22458333333333
2021-04-23,62.96483333333334,57.460366666666665,47.119,62.430416666666666,72.965,56.54214285714285,62.761250000000004,88.915,56.24391025641026,60.57333333333334
2021-04-24,62.96483333333334,65.515,47.119,75.9725,71.2175,50.0,62.761250000000004,88.915,62.57216666666666,86.345
2021-04-25,64.73333333333333,62.56944444444444,21.405,69.3075,92.405,50.0,62.761250000000004,68.06,45.5525,69.08999999999999
2021-04-26,49.482083333333335,58.26986111111111,53.7955,58.18426666666666,71.28866666666667,57.07888888888889,50.0,55.300000000000004,64.44541666666666,50.0
2021-04-27,59.855555555555554,55.31355357142858,53.288888888888884,61.1295625,64.64441666666667,58.31519717261905,58.550000000000004,55.300000000000004,60.988,69.23083333333334
2021-04-28,66.81208333333333,59.1352,70.77722222222222,61.40645833333333,66.77514761904762,50.09010000000001,77.86999999999999,65.49833333333333,59.26448051948052,62.81666666666666
2021-04-29,59.273020833333334,58.41229166666666,61.24833333333333,62.81633333333333,63.88730476190476,52.108057692307696,52.46666666666666,59.7865,60.83625,59.03
2021-04-30,59.99476190476191,57.21447916666666,59.91012222222222,57.294999999999995,59.61375238095238,54.51145833333333,57.655,73.57222222222222,54.51541666666666,59.09891666666667
2021-05-01,68.06,61.716875,59.03,69.2925,74.268125,57.05027777777778,57.655,77.86999999999999,54.51541666666666,59.09891666666667
2021-05-02,67.74249999999999,82.14999999999999,83.45375,74.825,61.28875,42.045,57.655,77.86999999999999,38.415,59.09891666666667
2021-05-03,59.9919,43.05722222222222,50.0,58.45616666666666,60.37104166666667,57.8745,52.27666666666667,69.8025,60.931111111111115,68.26375
2021-05-04,67.82237500000001,60.63115625,57.726375,55.63132142857143,62.72325000000001,57.095625000000005,58.221406249999994,69.8025,59.55513888888889,71.625
2021-05-05,63.980291666666666,56.94361111111112,56.8009375,54.332625,62.3005,63.45325,92.955,50.0,61.67611111111111,53.686666666666675
2021-05-06,46.1225,56.096250000000005,63.15553571428572,54.038,52.2575,68.7775,58.638124999999995,46.975,62.255833333333335,50.0
2021-05-07,56.67124999999999,52.12983333333333,54.481875,59.264270833333335,74.01500000000001,53.940625,58.638124999999995,46.975,66.34513888888888,62.49666666666667
2021-05-08,85.48,52.195,54.481875,59.264270833333335,68.06,53.940625,88.58500000000001,46.975,50.0,62.49666666666667
2021-05-09,65.31,40.3125,74.695,60.114999999999995,47.42,63.660000000000004,88.58500000000001,46.975,75.53,81.845
2021-05-10,41.15775000000001,67.2431,58.85076388888889,54.48416666666667,60.910833333333336,61.798125000000006,52.13333333333333,46.975,49.17055555555556,68.94095238095238
2021-05-11,61.503750000000004,55.245149999999995,45.313541666666666,63.28472222222222,56.69833333333333,53.93812500000001,67.02,64.8,51.62,68.94095238095238
2021-05-12,57.70466666666667,54.32812500000001,57.67958333333334,52.52345833333333,77.5075,57.72242857142857,74.695,67.44749999999999,61.01,67.27166666666666
2021-05-13,50.0,78.2890606060606,53.010000000000005,52.40166666666667,48.56777777777778,61.787499999999994,68.06,50.0,50.99312499999999,69.125
2021-05-14,50.0,50.016942934782605,50.864444444444445,60.49052083333333,62.735416666666666,55.395625,64.2975,50.0,53.41166666666667,75.53
2021-05-15,50.0,52.83333333333333,62.4875,25.305,46.8,50.22375,64.2975,50.0,53.41166666666667,75.53
2021-05-16,65.035,53.13875,50.0,67.74,65.85666666666667,33.015,81.845,50.0,53.41166666666667,75.53
2021-05-17,61.17426923076923,53.67672619047619,64.07350000000001,68.01650000000001,57.088125,62.384166666666665,63.409000000000006,50.0,52.86,56.830000000000005
2021-05-18,54.238273809523804,57.017031249999995,42.1965,65.71888888888888,58.11083333333333,52.793800000000005,55.72833333333334,50.0,78.1225,65.31
2021-05-19,59.160500000000006,56.69173333333334,50.81187499999999,63.48972222222222,50.529999999999994,53.746249999999996,48.71,68.06,42.31928571428571,84.53999999999999
2021-05-20,56.24525,63.718875,64.08749999999999,57.23305555555556,70.235,61.57833333333333,50.0,68.06,70.17683333333333,61.639500000000005
2021-05-21,67.13442857142857,57.69851190476191,52.826125000000005,49.90145833333333,69.155,71.76375,57.955,68.06,72.391875,68.88166666666666
2021-05-22,79.25750000000001,68.0725,52.826125000000005,50.0,67.02166666666668,85.4675,57.955,68.06,62.5,68.88166666666666
2021-05-23,54.67791666666667,76.17666666666668,50.0,53.512499999999996,69.91583333333334,47.4325,67.06375,59.967499999999994,50.0,68.88166666666666
2021-05-24,66.18033333333332,57.65837777777778,62.77716666666666,47.035,51.416666666666664,58.97125,68.06,75.52250000000001,72.39972222222222,64.96166666666666
2021-05-25,67.92475,62.5871875,58.062937500000004,62.021,64.595625,50.0,56.69833333333333,86.46125,48.9875,63.660000000000004
2021-05-26,54.62166666666667,56.88787878787879,67.40824444444445,54.314479166666665,54.40611111111111,63.02305555555555,50.0,62.040000000000006,75.823125,70.78999999999999
2021-05-27,66.93083333333334,63.63004166666667,55.54011111111111,49.14059027777778,65.12583333333333,57.995625,69.88666666666667,47.4325,62.614250000000006,70.5625
2021-05-28,73.17225,64.89958333333334,48.3855,61.70983333333333,61.71875,54.515,58.72166666666667,75.14,62.011875,63.660000000000004
2021-05-29,88.25,68.12,82.985,45.365,57.099999999999994,88.25,80.62,60.36749999999999,62.011875,63.660000000000004
2021-05-30,65.6225,50.0,61.18625,55.666666666666664,68.74875,38.082499999999996,80.62,60.36749999999999,42.345,68.06
2021-05-31,62.86166666666667,66.77625,46.8425,61.2175,75.52333333333334,78.24833333333333,80.62,60.36749999999999,57.655,66.49249999999999
2021-06-01,57.525999999999996,65.1208,61.21223076923077,63.839999999999996,64.670125,52.964999999999996,56.830000000000005,64.2975,55.986666666666665,63.660000000000004
2021-06-02,60.10375,63.40540476190476,65.5078125,59.1518,52.94562499999999,60.199999999999996,50.0,86.75500000000001,57.27916666666667,74.45166666666665
2021-06-03,69.28666666666666,65.21516666666668,61.185500000000005,50.54408333333333,61.134,61.85458333333334,64.5625,58.41833333333333,56.23361111111112,50.0
2021-06-04,71.01925,58.701766666666664,58.61555555555555,65.16645833333334,48.4975,69.385,50.0,78.595,64.55483333333333,84.87
2021-06-05,69.41,82.43,58.61555555555555,65.67,48.4975,70.9475,63.965,78.595,75.48333333333332,84.87
2021-06-06,56.02,50.0,58.61555555555555,53.559999999999995,48.4975,60.2425,63.965,78.595,71.54125,84.87
2021-06-07,49.64633333333333,56.52441666666667,39.714,52.06055555555555,54.43,60.995,57.87916666666667,88.58500000000001,69.6784375,84.87
2021-06-08,72.66916666666667,54.20708333333333,64.3025,60.92124999999999,56.17375,56.57,64.22,88.58500000000001,68.815,60.415
2021-06-09,50.0,55.34875,60.247249999999994,74.55816666666666,60.39,55.660624999999996,50.0,50.0,59.510625,63.934999999999995
2021-06-10,57.50125714285714,57.140750000000004,52.3315,56.87166666666666,66.12125,66.67958333333334,50.0,58.62500000000001,59.97296875,50.0
2021-06-11,72.71541666666667,54.94625,53.37466666666667,72.10458333333334,57.80531250000001,76.70166666666667,59.03,50.0,50.754687499999996,50.0
2021-06-12,48.07,69.4125,53.37466666666667,54.900000000000006,50.0,79.295,59.03,46.14,68.06,63.660000000000004
2021-06-13,48.07,43.30166666666667,81.98333333333333,50.0,59.00944444444445,79.295,59.03,46.14,56.69833333333333,72.08666666666666
2021-06-14,57.28875,66.5775,70.6725,50.0,70.653125,44.82,78.62166666666667,50.0,54.30583333333333,64.0775
2021-06-15,56.084500000000006,62.52154166666667,62.132202380952386,59.11300000000001,67.99333333333334,48.71944444444444,68.06,42.6,50.0,81.245
2021-06-16,66.1825,55.52202857142857,69.6177,56.21425,50.0,70.60583333333334,50.0,62.59777777777777,58.12729166666667,50.0
2021-06-17,72.8725,60.69958333333333,52.00041666666667,50.976192857142856,68.45833333333333,50.0,56.72825,67.02,49.86668518518518,70.095
2021-06-18,56.02,65.36125,56.54,57.10944444444445,71.68138888888889,60.247499999999995,57.4,60.3025,56.84828125,50.0
2021-06-19,42.345,43.597187500000004,68.40333333333334,72.94,60.114999999999995,50.0,57.4,60.3025,50.0,74.58333333333333
2021-06-20,50.0,56.00166666666667,78.39666666666668,72.94,76.39125,64.8,46.027499999999996,60.3025,47.657500000000006,65.86000000000001
2021-06-21,70.73833333333333,52.454371428571434,61.85355555555555,56.841166666666666,67.10125000000001,70.57733333333334,50.0,60.3025,64.99454166666668,52.6
2021-06-22,44.47875,51.30135,60.521249999999995,54.486916666666666,66.43,43.2425,50.75375,74.695,56.19983333333334,52.6
2021-06-23,50.76507142857143,59.75248888888889,75.74000000000001,65.05770833333332,69.06833333333333,55.4975,50.75375,74.695,60.422333333333334,43.10125
2021-06-24,42.220863095238094,59.77625,57.133583333333334,66.4230119047619,55.02583333333333,61.55166666666667,54.93375,49.485,64.95354166666667,73.58375000000001
2021-06-25,58.88666666666666,56.91344,67.68229166666666,51.07869047619048,58.9645,62.86000000000001,56.205000000000005,69.2925,83.43,90.63
2021-06-26,66.49249999999999,56.05625,75.53,51.07869047619048,36.34,74.73875,50.0,69.2925,68.06,90.63
2021-06-27,58.72333333333333,61.910624999999996,49.805,50.0,36.34,72.02,50.0,69.2925,68.06,72.94
2021-06-28,70.27083333333333,50.78778571428572,62.48222222222222,57.089333333333336,70.2925,59.03,50.0,53.221666666666664,60.84556249999999,71.25874999999999
2021-06-29,61.01,50.80621428571429,76.80799999999999,65.81172585227273,54.56875,63.190000000000005,51.29,50.0,68.135,64.79166666666667
2021-06-30,67.39500000000001,53.38759285714286,57.47202380952381,60.14176666666666,61.560416666666676,51.906666666666666,51.29,74.34,60.792944444444444,70.05
2021-07-01,63.77229166666667,59.30225,58.5552,60.77858333333334,57.4,64.01125,53.37166666666666,78.16083333333333,59.43166666666666,56.830000000000005
2021-07-02,54.163000000000004,69.64625,65.03225,68.19380952380952,84.6575,56.78666666666666,64.8,80.94749999999999,45.81222222222222,77.86999999999999
2021-07-03,82.985,52.52875,65.03225,58.794999999999995,51.29,56.78666666666666,64.8,80.94749999999999,67.2325,77.86999999999999
2021-07-04,50.0,59.29625000000001,74.695,56.94125,51.29,68.06,68.06,80.94749999999999,50.0,77.86999999999999
2021-07-05,50.0,63.4775,74.695,54.7725,78.3225,68.06,55.63625,80.94749999999999,81.845,77.86999999999999
2021-07-06,51.906666666666666,53.49666666666667,39.39333333333333,45.94354166666667,50.322500000000005,46.98583333333333,63.660000000000004,64.8,61.915,61.07
2021-07-07,53.988,60.886625,54.358583333333335,55.455052083333335,69.1375,68.74083333333334,50.0,73.44000000000001,72.44500000000001,64.8
2021-07-08,64.52925,53.692499999999995,57.107533333333336,53.59817708333333,63.2925,60.89249999999999,44.6875,50.0,63.90525,83.9575
2021-07-09,67.38611111111112,59.07825,67.5308,63.13364285714286,55.332499999999996,53.1875,44.6875,43.169999999999995,63.49583333333333,56.830000000000005
2021-07-10,50.0,81.845,67.5308,63.13364285714286,50.0,56.8925,44.6875,43.169999999999995,51.29,31.94
2021-07-11,50.0,57.980624999999996,67.5308,59.545,50.0,56.8925,44.6875,43.169999999999995,66.74,80.62
2021-07-12,63.282777777777774,64.08562500000001,69.95125,60.502071428571426,64.44541666666666,65.6225,81.245,50.0,67.97333333333333,56.830000000000005
2021-07-13,59.477000000000004,62.02633333333334,53.628750000000004,65.32925324675325,55.47666666666666,48.89,40.97,68.06,67.53333333333333,58.597500000000004
2021-07-14,52.497499999999995,59.47905,60.245000000000005,62.2145689102564,67.6725,66.0,50.0,56.634375000000006,52.9505,67.0
2021-07-15,46.169444444444444,54.27091666666667,52.74433333333334,49.15705707070707,47.44833333333333,57.655,60.0475,50.0,55.639583333333334,34.089999999999996
2021-07-16,52.038625,59.56861111111111,58.263666666666666,62.09875,82.985,59.38250000000001,59.99,50.0,54.99001923076923,61.5061111111111
2021-07-17,64.35333333333332,49.658750000000005,58.263666666666666,71.83500000000001,42.345,68.06,59.99,50.0,62.040000000000006,61.5061111111111
2021-07-18,68.85166666666666,50.622,58.263666666666666,56.02,64.49111111111111,50.0,59.99,80.62,57.01833333333334,50.0
2021-07-19,61.000750000000004,57.10177083333333,45.05911666666667,51.88350694444445,61.06,66.1525,48.86416666666666,48.58166666666667,48.508375,54.2625
2021-07-20,62.819,59.15275,64.33633333333333,58.55112121212122,51.615625,50.0,56.73666666666667,50.0,57.345625,65.86000000000001
2021-07-21,48.62375,54.050470588235285,66.66166666666666,68.45800595238096,50.0,54.57541666666666,53.025,50.0,59.49379464285715,46.0225
2021-07-22,58.51046875,60.346,57.49983333333333,62.452,57.19375,55.10125,59.34458333333333,57.4,56.39319444444444,55.211875
2021-07-23,60.22024305555556,56.171187499999995,75.79544444444444,61.920833333333334,55.40888888888888,71.4375,59.03,57.4,47.70904761904762,74.2975
2021-07-24,48.675000000000004,59.95083333333333,76.3475,51.725,79.97000000000001,61.315,68.06,79.66,32.12375,72.965
2021-07-25,47.355000000000004,60.04625,50.0,57.28888888888889,84.53999999999999,50.0,68.06,79.66,59.03,74.695
2021-07-26,58.24374999999999,56.70916666666667,46.85,54.73416666666666,71.005,50.037083333333335,61.306666666666665,79.66,57.68844967532467,72.70625
2021-07-27,64.04666666666667,57.127430555555556,50.0,61.28345238095238,46.376875,56.97415343915344,59.815,79.66,56.34777272727273,50.0
2021-07-28,69.1275,64.32339285714286,57.965833333333336,54.37289166666667,59.49229166666667,66.3125,59.815,65.02416666666666,59.646636904761905,50.0
2021-07-29,60.52359126984127,63.25277142857143,53.662458333333326,66.65875,58.060325,62.62888888888889,64.671875,46.339999999999996,62.74697916666667,61.24166666666666
2021-07-30,53.8925,51.34497619047619,62.99881944444444,75.96125,58.935277777777785,55.42158333333334,64.8,50.0,72.00500000000001,59.03
2021-07-31,50.0,61.50194444444445,60.57333333333334,81.6675,59.03,56.02,64.8,68.02250000000001,68.78055555555555,48.9825
2021-08-01,50.0,61.50194444444445,77.86999999999999,70.68166666666667,68.56875,55.057500000000005,64.8,68.02250000000001,51.13791666666667,77.86999999999999
2021-08-02,53.608333333333334,61.583,52.99466666666667,70.44066666666666,65.23097222222222,59.541071428571435,50.0,63.54500000000001,53.81583333333333,77.86999999999999
2021-08-03,58.41587500000001,64.87625,72.90916666666666,65.36258333333333,66.20345238095237,55.057500000000005,60.773472222222225,57.32375,58.20152777777777,80.62
2021-08-04,57.30104166666666,55.05854166666667,50.0,59.2992,61.22149999999999,63.91833333333333,54.515,50.0,54.30354166666667,59.29
2021-08-05,53.52291666666667,65.59089999999999,58.673857142857145,50.4379,56.065,67.5696875,50.0,50.0,60.100029761904764,65.35966666666666
2021-08-06,58.779375,61.660000000000004,50.02916666666667,52.46666666666666,65.5825,55.2475,68.06,65.00166666666667,54.237500000000004,58.31375
2021-08-07,81.245,73.54233333333333,59.487500000000004,70.04,73.83500000000001,55.2475,68.06,44.865,53.86,77.015
2021-08-08,77.86999999999999,52.26500000000001,88.58500000000001,70.04,88.58500000000001,78.545,68.06,56.8875,71.5625,77.015
2021-08-09,58.90548333333333,54.99079999999999,48.68125,60.82821428571429,53.7,61.14999999999999,57.72166666666667,59.03,63.635416666666664,56.830000000000005
2021-08-10,52.721339285714286,54.817249999999994,49.83416666666667,54.43175,54.604791666666664,58.625277777777775,57.93000000000001,76.69250000000001,58.13583333333333,62.18
2021-08-11,54.522499999999994,58.118,59.38504166666667,59.42041666666667,66.08333333333334,45.917375,41.17277777777778,71.965,50.0,53.415
2021-08-12,66.14066666666668,56.839925,46.571666666666665,62.7215,62.784375000000004,65.31,66.905,78.595,71.21,53.01375
2021-08-13,69.10083333333333,68.647125,60.765,57.03645833333333,64.39333333333333,53.27125,59.03,78.595,58.9275,62.14999999999999
2021-08-14,68.06,51.45583333333333,60.765,57.03645833333333,64.39333333333333,9.899999999999999,59.03,78.595,68.06,50.13999999999999
2021-08-15,50.0,56.01208333333333,60.765,50.0,59.572500000000005,68.06,85.015,78.595,50.0,68.06
2021-08-16,52.68472222222223,58.105666666666664,49.96668888888889,56.97953125,58.253,65.44479166666667,50.0,66.04125,55.093888888888884,73.95833333333334
2021-08-17,60.22625,57.57666666666667,50.12053333333333,58.13278571428572,64.5045,62.114999999999995,67.9375,64.8,51.09366666666667,64.8
2021-08-18,50.33772321428571,56.36405208333333,50.89275,57.580625,68.46875,48.84125,67.09,77.96000000000001,70.630275,64.8
2021-08-19,54.10175,59.49930555555556,53.39666666666667,63.01979166666667,53.5725,55.26875,49.0375,77.115,53.81057142857143,64.8
2021-08-20,53.470277777777774,62.09038690476191,35.711333333333336,46.335,64.985,42.945,51.017500000000005,78.595,52.42510606060606,75.72166666666666
2021-08-21,73.215,63.660000000000004,35.711333333333336,50.0,51.395,42.945,51.017500000000005,78.595,50.0,35.504999999999995
2021-08-22,73.215,67.1425,45.403125,73.3275,68.06,38.0875,66.23583333333333,78.595,57.14875000000001,35.504999999999995
2021-08-23,61.62562499999999,52.864999999999995,75.96695833333334,53.685,50.0,72.92583333333333,40.97,44.865,58.19026041666666,61.01
2021-08-24,73.79388888888889,53.668214285714285,53.94416666666667,57.17041666666667,63.540416666666665,65.4675,50.0,86.75500000000001,55.99384523809524,54.528333333333336
2021-08-25,69.6125,63.2228125,53.415,63.446666666666665,55.468,65.065,50.0,65.16999999999999,54.714305555555555,50.580000000000005
2021-08-26,60.44166666666666,56.218025,53.30246666666667,48.1974,63.260000000000005,54.515,64.8,65.16999999999999,69.87825,50.580000000000005
2021-08-27,78.293125,55.72893939393939,54.8809375,60.64483333333334,70.87270833333334,72.47229166666666,62.3475,56.3825,50.5624053030303,50.0
2021-08-28,31.94,50.70333333333333,50.0,75.53,70.04,54.447500000000005,62.3475,56.3825,71.05,50.0
2021-08-29,85.015,76.014375,60.5375,75.53,81.325,68.06,62.3475,78.595,72.96083333333333,50.0
2021-08-30,55.591166666666666,58.806111111111115,52.62686666666667,50.0,61.238749999999996,58.60625,61.482499999999995,39.9525,77.0575,62.14333333333333
2021-08-31,55.47666666666666,56.15044166666666,53.778152380952385,59.32205357142857,53.5605,77.296875,59.265,65.31,53.21958333333333,40.89333333333333
2021-09-01,55.47666666666666,70.8831111111111,53.3228869047619,61.368229166666666,56.07133928571428,50.0,50.0,77.86999999999999,49.413333333333334,58.665
2021-09-02,59.73583333333333,51.30679166666666,68.8590979020979,64.51832222222222,64.11,56.487500000000004,50.0,77.86999999999999,69.186875,64.785
2021-09-03,67.80055555555555,64.39825,54.2159375,59.76083333333333,64.11,45.775,50.0,52.580000000000005,63.946875000000006,68.06
2021-09-04,71.79500000000002,50.0,54.2159375,86.00375,81.845,68.06,81.845,70.69375,72.1803125,68.06
2021-09-05,71.79500000000002,63.91933333333333,40.97,72.71000000000001,30.910000000000004,73.9825,81.845,85.015,79.65875,71.075
2021-09-06,50.0,46.300000000000004,69.2675,53.82750000000001,30.910000000000004,40.97,81.845,50.0,49.355,71.075
2021-09-07,70.60133333333334,60.66374999999999,51.80166666666667,48.25547619047619,59.28251785714286,65.545,50.0,64.8,60.00816666666666,56.488749999999996
2021-09-08,62.59010416666666,60.6657803030303,58.33446428571428,60.8049,51.0355,71.345,43.053333333333335,65.42125,56.548125000000006,50.0
2021-09-09,45.23073376623377,57.33408333333333,66.59735064935064,49.237750000000005,55.79194047619047,59.03,52.6375,50.0,59.93083333333333,50.0
2021-09-10,60.28416666666667,59.15745833333334,55.36177083333334,46.419375,53.44,52.970625000000005,50.0,63.27333333333334,46.52945833333334,71.99
2021-09-11,76.95583333333333,71.37166666666667,79.97000000000001,62.5,78.685,68.06,50.0,65.31,52.634,84.2775
2021-09-12,68.06,88.58500000000001,41.105000000000004,56.30583333333333,82.58,84.53999999999999,50.0,65.31,68.06,84.2775
2021-09-13,64.8803125,52.965041666666664,60.060625,53.11931250000001,58.15522222222222,53.8075,58.4845,45.485,52.7385,50.0
2021-09-14,57.337958333333326,59.35205,51.788875000000004,56.67625,70.2825,55.65777777777778,50.34333333333333,70.18166666666666,64.291,54.515
2021-09-15,51.93358333333333,52.7324,51.092666666666666,67.68176923076923,65.85072916666667,54.025,50.34333333333333,56.02,59.026785714285715,73.58375000000001
2021-09-16,53.72958333333333,50.966699999999996,42.309999999999995,59.3425,67.15166666666667,56.359166666666674,66.43,56.31333333333334,63.24466666666666,64.53
2021-09-17,58.75907142857143,67.48275,57.62666666666667,59.6085,49.481750000000005,50.0,64.67833333333334,66.22666666666667,53.10583333333333,34.089999999999996
2021-09-18,61.0275,55.653333333333336,57.62666666666667,53.46833333333333,28.495000000000005,50.0,64.67833333333334,80.62,69.8075,61.315
2021-09-19,63.46680555555555,62.316875,50.0,32.985,40.01375,68.06,64.67833333333334,50.0,51.58416666666666,68.06
2021-09-20,75.146,59.27133333333333,52.63325,45.57066964285714,63.92266666666666,49.589687500000004,66.24583333333334,59.765,70.67116666666666,68.06
2021-09-21,60.245000000000005,57.043837301587295,56.210499999999996,48.03820454545454,63.64666666666666,48.11416666666667,31.94,60.91,56.56180357142857,71.2025
2021-09-22,58.6086,68.09066666666666,55.40235,60.31446428571429,53.861000000000004,54.0925,55.452999999999996,69.14750000000001,58.55753333333333,90.4025
2021-09-23,58.9135,65.19607142857143,54.197583333333334,45.46275,74.22149999999999,68.12714285714286,68.06,50.0,52.42125,68.93875
2021-09-24,50.375,51.482812499999994,53.84190476190476,57.150999999999996,52.202083333333334,51.06666666666667,54.515,50.0,61.33133333333334,68.93875
2021-09-25,68.06,62.68104166666667,75.59833333333333,42.345,50.0,60.502500000000005,81.845,92.00999999999999,57.34,61.3675
2021-09-26,71.37,58.8415625,43.765,66.25833333333333,85.13999999999999,85.015,81.845,74.6575,69.22375000000001,76.7
2021-09-27,66.2825,51.714875000000006,51.22364583333333,62.238749999999996,64.65033333333334,53.488749999999996,50.0,57.4,56.32828571428572,70.81666666666668
2021-09-28,58.2101,54.14066666666667,51.58133333333333,63.41126785714286,59.86783333333333,64.34166666666667,50.0,76.335,52.4462,49.083333333333336
2021-09-29,51.337500000000006,61.4605625,62.481874999999995,52.101,63.91708333333334,60.5375,50.0,50.0,62.38316666666667,63.1675
2021-09-30,54.58433333333333,58.0097619047619,60.62231666666666,55.902590476190475,58.40875,59.99250000000001,64.75666666666666,65.105,59.65733333333333,45.355555555555554
2021-10-01,62.545625,59.26244047619047,59.49225,62.02016666666667,55.16428571428571,69.56750000000001,50.0,50.0,44.5172,50.0
2021-10-02,62.040000000000006,75.97,67.5225,77.115,60.42194444444444,69.56750000000001,50.0,50.0,74.23083333333334,51.88
2021-10-03,62.040000000000006,61.6065,78.0325,52.5675,61.58055555555556,72.1975,50.0,31.94,60.755,34.089999999999996
2021-10-04,53.32364583333333,64.55083333333333,65.39233333333333,49.1346875,60.50383333333333,67.48041666666667,50.0,50.0,58.949062500000004,79.93
2021-10-05,56.03964285714286,56.2871,60.803,56.144666666666666,58.41025,62.520833333333336,49.656666666666666,80.62,57.896499999999996,39.68625
2021-10-06,51.33354166666667,62.892700000000005,61.36733333333333,58.68306547619048,56.22814814814815,35.603249999999996,60.09092592592593,62.4525,57.251906250000005,39.68625
2021-10-07,61.83708333333333,51.339375,59.376928571428564,54.4386,58.11244444444444,68.06,62.86166666666667,50.0,57.531083333333335,84.53999999999999
2021-10-08,54.515,64.11140625,54.39585714285714,63.036,57.77250000000001,56.581250000000004,59.25,78.8375,59.73270000000001,84.53999999999999
2021-10-09,54.515,73.6775,50.0,72.03583333333333,68.50666666666666,56.581250000000004,50.0,81.845,50.0,84.53999999999999
2021-10-10,60.02499999999999,58.0853125,74.23500000000001,65.99666666666667,62.765,87.14999999999999,50.0,68.06,50.0,84.53999999999999
2021-10-11,61.781,64.09208333333333,52.95354166666667,57.0705,53.49261904761905,78.715,64.20125,50.0,69.71583333333334,58.48166666666666
2021-10-12,65.15916666666666,62.689093750000005,62.72083333333334,51.84822916666667,61.23928571428572,50.0,36.919999999999995,68.06,63.25563333333333,50.0
2021-10-13,44.035555555555554,55.9345,60.96958333333333,58.405493939393935,48.341499999999996,63.57874999999999,53.338750000000005,83.38375,59.895583333333335,40.455000000000005
2021-10-14,49.93033333333333,67.24072916666667,63.776250000000005,69.14015595238095,50.0,62.28583333333333,48.1325,57.10305555555556,61.14625,47.855000000000004
2021-10-15,70.18249999999999,73.50611111111111,67.78954999999999,67.55918055555556,57.62625,60.113125000000004,57.4,62.89444444444444,59.9859375,70.74333333333334
2021-10-16,53.1275,62.24583333333334,67.78954999999999,50.0,72.55166666666668,60.113125000000004,57.4,80.62,50.53333333333333,70.9475
2021-10-17,82.43,58.3,67.78954999999999,57.04749999999999,52.257083333333334,63.16,57.4,80.62,62.38333333333333,70.9475
2021-10-18,65.51583333333333,54.100094696969705,54.1285,47.89821428571429,69.201875,63.06166666666666,73.64,80.62,56.74277884615384,75.53
2021-10-19,54.25541666666667,55.17572916666666,64.54383333333334,42.223333333333336,52.2675,55.64555555555556,50.0,66.475,68.25258333333333,55.418
2021-10-20,54.145833333333336,54.05375,56.037222222222226,47.03270833333333,53.66856862745097,54.169999999999995,48.888125,63.5575,58.79216666666667,66.62666666666667
2021-10-21,53.00521428571429,54.858041666666665,54.931354166666665,51.65271428571428,63.300250000000005,52.422291666666666,61.696205357142865,61.85499999999999,57.1824,66.62666666666667
2021-10-22,63.1375,61.04983333333334,61.990023809523805,44.209375,56.719750000000005,55.207499999999996,56.69833333333333,90.88000000000001,63.14544444444444,67.69000000000001
2021-10-23,75.65875,60.33770833333333,85.48,47.42,58.385,55.207499999999996,56.69833333333333,90.88000000000001,50.0,78.595
2021-10-24,50.0,50.0,54.776250000000005,66.07375,35.64666666666667,65.25,60.114999999999995,75.53,47.23875,78.595
2021-10-25,63.690000000000005,59.001250000000006,56.019047619047626,60.22854166666667,55.738660714285714,51.978125,54.553333333333335,50.0,51.21854166666666,57.945
2021-10-26,63.81914285714285,52.7936,63.044999999999995,60.921934523809526,46.28208333333333,64.90914062499999,57.11625,69.03,57.84473809523809,47.8
2021-10-27,63.00416666666666,60.77033333333334,52.294891666666665,56.04817460317461,60.18743055555555,53.1509375,63.1675,56.74333333333333,54.412532738095244,53.669999999999995
2021-10-28,59.59729166666666,55.19354166666667,55.442499999999995,64.00812499999999,57.733064705882356,58.501206730769226,49.77166666666667,61.586666666666666,66.00699999999999,48.596250000000005
2021-10-29,61.95406249999999,53.790749999999996,72.41095,68.03308333333334,53.59551926691729,57.661111111111104,68.06,63.58444444444444,65.05250000000001,77.86999999999999
2021-10-30,59.33999999999999,53.790749999999996,54.30833333333334,68.03308333333334,75.9325,57.661111111111104,68.06,63.58444444444444,50.0,77.86999999999999
2021-10-31,59.33999999999999,60.114999999999995,78.015,65.9225,80.828125,57.661111111111104,68.06,63.58444444444444,68.14166666666667,77.86999999999999
2021-11-01,59.6475,59.96958333333333,57.77333333333333,66.75450000000001,49.274166666666666,62.86166666666667,62.040000000000006,52.00666666666667,67.13066666666667,64.68
2021-11-02,63.720333333333336,58.831999999999994,54.61083333333333,50.743883928571435,61.94348958333333,52.04916666666667,40.90653409090909,51.68583333333333,64.1132619047619,50.0
2021-11-03,64.50848611111111,64.77688095238095,58.4985,58.30375,61.43625,54.51916666666666,40.90653409090909,50.0,66.01422857142857,50.90583333333334
2021-11-04,62.68398095238095,56.93633333333333,64.236625,63.9795,57.718560606060606,60.1925,50.0,48.34833333333333,66.66794490772385,58.98625
2021-11-05,62.5475,69.68475000000001,68.34638888888888,59.973333333333336,71.25575,71.94166666666666,50.64333333333333,48.34833333333333,59.3265,63.0475
2021-11-06,62.5475,71.94416666666666,63.212500000000006,56.25,70.095,71.94166666666666,50.64333333333333,50.0,76.02458333333333,63.660000000000004
2021-11-07,49.04833333333333,50.0,63.212500000000006,46.6825,68.49875,21.405,50.64333333333333,50.0,85.085,63.660000000000004
2021-11-08,26.160833333333333,55.02057142857143,58.60333333333333,51.651875000000004,60.87383333333334,53.31369047619048,59.916000000000004,56.85,54.26444444444445,54.553333333333335
2021-11-09,53.57375,58.973333333333336,53.827749999999995,57.700833333333335,57.477291666666666,63.855390625,64.8,63.93416666666667,58.89108333333333,53.066250000000004
2021-11-10,55.90833333333334,57.07053846153847,47.596666666666664,53.59379166666667,50.44,46.635729166666664,74.82,63.93416666666667,55.40230555555555,50.0
2021-11-11,45.68666666666667,59.59196153846153,52.278999999999996,56.96725,64.15266666666668,62.8784375,54.447500000000005,77.89250000000001,66.15969696969697,53.512499999999996
2021-11-12,62.52791666666666,50.252857142857145,52.278999999999996,62.040000000000006,57.3371875,68.7525,70.84555555555555,66.7625,60.12468749999999,71.075
2021-11-13,73.83500000000001,58.56,52.278999999999996,62.040000000000006,68.28083333333333,59.03,70.84555555555555,66.7625,75.64249999999998,71.075
2021-11-14,68.06,62.97166666666667,52.278999999999996,78.75,91.125,77.9575,88.58500000000001,66.7625,58.94071428571429,88.58500000000001
2021-11-15,57.366375000000005,53.08656862745098,52.514791666666675,64.51625,59.467083333333335,65.71000000000001,50.0,60.552499999999995,66.8675,73.53375
2021-11-16,54.727142857142866,61.00244791666667,51.688,57.2272,62.248666666666665,61.010062500000004,62.33875,50.0,63.16458333333333,55.657500000000006
2021-11-17,54.777166666666666,66.92310476190477,51.34821428571429,51.45531578947369,69.75411111111111,58.13083333333333,47.445,65.41250000000001,58.142973856209146,69.2925
2021-11-18,57.70933333333333,57.16985714285714,59.015166666666666,66.53357142857142,47.73375,52.322500000000005,50.0,78.98166666666665,56.430311986863714,60.95333333333334
2021-11-19,54.967,58.95706666666667,52.89083333333333,62.624,70.00125,45.99875,65.31,78.98166666666665,61.2749451754386,68.575
2021-11-20,90.88000000000001,66.69111111111111,53.86,67.38875,63.415,59.03,65.31,81.43666666666667,71.76316666666666,67.0
2021-11-21,90.88000000000001,55.829499999999996,72.5625,75.285,47.634375,50.0,60.114999999999995,75.53,72.175,82.985
2021-11-22,59.23416666666667,62.086,55.67124999999999,71.67607142857143,59.85812500000001,69.87124999999999,59.845625000000005,73.015,62.0475,60.89333333333333
2021-11-23,56.3811,58.01091666666667,61.78245833333334,55.7725,63.56854166666667,55.720000000000006,46.8425,73.015,71.1525,50.0
2021-11-24,54.1295,53.492083333333326,57.53777777777778,57.51369047619048,40.343333333333334,50.0,50.0,78.595,54.65958333333334,67.0
2021-11-25,73.14666666666668,72.2175,31.94,57.51166666666667,51.29,50.0,50.0,78.595,50.0,67.0
2021-11-26,43.205000000000005,62.290083333333335,36.102250000000005,35.21114583333333,53.774375,59.7075,50.0,65.9225,46.7825,67.0
2021-11-27,43.205000000000005,63.044999999999995,36.102250000000005,35.21114583333333,35.199999999999996,59.7075,50.0,62.32625,73.93111111111111,50.0
2021-11-28,26.165,55.057500000000005,42.0925,51.50749999999999,82.1375,50.0,50.0,62.32625,72.32125,50.0
2021-11-29,54.19875,48.75248888888889,58.663333333333334,51.51425,56.04697916666667,51.26625,50.0,50.0,59.9517619047619,70.79666666666667
2021-11-30,59.217348484848486,63.285375,50.39812500000001,61.12854166666667,60.826190476190476,57.925000000000004,67.78875,57.224,53.72121666666667,65.155
2021-12-01,68.46083333333334,49.589557575757574,66.60516666666668,48.658125000000005,58.32895833333333,42.75083333333333,37.49,76.53750000000001,47.568,52.27666666666667
2021-12-02,46.8,67.64669642857143,54.66907936507936,53.67686666666667,44.89383333333333,52.92,38.14944444444444,76.30916666666666,59.53975757575758,50.0
2021-12-03,57.89083333333333,68.03692857142858,49.54770833333333,53.711666666666666,62.701249999999995,62.86166666666667,49.194583333333334,42.980000000000004,62.25214285714286,70.765
2021-12-04,57.89083333333333,70.05791666666667,49.54770833333333,62.765,69.0775,70.095,49.194583333333334,42.980000000000004,60.114999999999995,70.765
2021-12-05,73.3275,59.869166666666665,51.29,55.92333333333334,65.525,60.365,49.194583333333334,68.06,46.99916666666667,88.25
2021-12-06,59.04953125,55.61454545454545,52.694380952380946,54.17390625,60.3288125,76.405,67.54,52.52875,61.95418246753247,69.0775
2021-12-07,62.93124999999999,49.70847619047619,58.23589285714286,66.95652777777778,59.697500000000005,58.47125,50.0,59.03,67.8385451754386,71.24875
2021-12-08,69.14625,55.49291666666667,57.69645833333333,48.36513333333333,55.64,52.82125,61.01,55.300000000000004,53.48784226190476,36.34
2021-12-09,55.122083333333336,58.144535714285716,51.78979166666666,62.2105,53.07375,60.21083333333333,60.490500000000004,66.215,59.10686515151515,36.34
2021-12-10,60.42033333333333,57.120625000000004,68.92666666666668,53.483875000000005,55.714666666666666,60.74916666666667,67.0,59.065,60.00333333333333,64.8
2021-12-11,50.0,53.3725,68.92666666666668,88.58500000000001,69.2925,50.0,67.0,50.0,54.254999999999995,75.1675
2021-12-12,50.0,50.0,49.15708333333333,89.82,52.580000000000005,50.0,67.0,50.0,69.825,72.94
2021-12-13,56.12406250000001,55.08495,64.25874999999999,64.39293333333333,64.3116,52.73,50.0,51.264374999999994,59.192122222222224,55.135
2021-12-14,67.4188888888889,59.485200000000006,65.99333333333334,56.845,60.7772,53.018750000000004,62.608333333333334,79.6375,51.260125,59.075
2021-12-15,57.154444444444444,69.73724999999999,58.67333333333333,55.06275000000001,62.441875,51.97715909090908,67.92041666666665,71.275,61.2189,54.553333333333335
2021-12-16,72.501875,65.8334375,55.33291666666666,48.866122023809524,55.19115,52.065625000000004,55.69166666666667,57.50875,50.53910714285714,59.03
2021-12-17,40.98140625,58.07576666666666,59.04733333333333,55.3523,67.64750000000001,55.209357142857144,50.0,55.505,44.38359523809524,54.515
2021-12-18,50.0,69.24222222222221,59.04733333333333,60.0475,59.294999999999995,60.487500000000004,72.94,73.83500000000001,71.55,78.41
2021-12-19,63.660000000000004,55.536249999999995,59.04733333333333,47.065,60.114999999999995,60.487500000000004,35.199999999999996,73.83500000000001,50.72666666666667,78.41
2021-12-20,63.11964285714286,55.07222527472527,51.64944444444445,47.759,59.85633333333333,44.97875,50.0,51.29,54.54362857142857,57.4
2021-12-21,53.135625,56.788966165413534,50.0,66.142,61.32394444444444,60.771874999999994,50.0,72.2075,53.73688888888889,80.40499999999999
2021-12-22,71.24875,52.231249999999996,55.3075,61.212500000000006,58.401291666666665,73.64104166666667,50.0,50.0,78.23216666666667,68.06
2021-12-23,58.86211111111111,59.823125,49.233666666666664,55.858828571428575,63.03205555555556,53.784666666666666,58.7755,80.62,57.65125,72.88
2021-12-24,50.0,67.83312500000001,65.12666666666667,50.564166666666665,76.02354166666667,70.51875,58.7755,78.595,54.7725,72.88
2021-12-25,65.9175,70.5,65.12666666666667,41.105000000000004,78.595,70.51875,63.660000000000004,78.595,54.7725,72.88
2021-12-26,65.9175,73.73375,81.845,76.335,70.27166666666666,75.53,63.660000000000004,67.19,44.333333333333336,72.88
2021-12-27,71.206,55.198,69.14611111111111,60.071875,52.00749999999999,65.67916666666666,63.660000000000004,68.06,60.397839285714284,44.9425
2021-12-28,55.507777777777775,60.6618125,47.17944444444445,60.20666666666666,64.88972222222222,62.26314814814815,63.693124999999995,60.5375,65.611925,52.63333333333333
2021-12-29,57.365,64.72054166666666,61.457499999999996,54.473166666666664,68.41,62.22916666666667,88.58500000000001,65.88666666666667,55.91463888888889,72.78166666666667
2021-12-30,58.849809523809526,59.82866666666666,53.161,66.94979166666667,65.36110119047619,64.29875,55.02375000000001,67.5625,54.8685,78.10125
2021-12-31,50.27125,56.023500000000006,73.054,64.36619999999999,60.97625,74.34,55.02375000000001,72.825,63.19745714285714,65.86000000000001
2022-01-01,50.27125,56.023500000000006,77.86999999999999,64.36619999999999,77.98875000000001,74.6525,55.02375000000001,68.06,65.6225,65.86000000000001
2022-01-02,19.379999999999995,59.34625,32.99999999999999,60.0475,83.20937500000001,74.6525,50.0,68.06,85.015,85.015
2022-01-03,62.436458333333334,53.09448333333333,57.62839285714285,61.048125,62.287400000000005,70.6086111111111,85.015,59.64625,69.14667857142858,52.08666666666667
2022-01-04,63.8996875,53.010000000000005,52.629999999999995,60.4294,60.297583333333336,63.74416666666667,54.515,79.41375,52.52452941176471,64.035
2022-01-05,62.455312500000005,57.69399444444444,58.66808333333333,57.67425000000001,54.785625,56.784444444444446,54.553333333333335,60.995,53.96790530303031,64.94
2022-01-06,65.98216666666666,59.38486666666667,52.9436,58.12583333333333,70.0035,48.67583333333334,61.978888888888896,62.16583333333333,61.001000000000005,78.595
2022-01-07,60.79645454545455,50.090199999999996,66.81200000000001,53.09572916666667,58.542222222222215,59.4841875,60.0475,68.06,51.92308333333333,64.75833333333333
2022-01-08,67.02,71.31,72.94,50.0,65.78500000000001,83.245,60.0475,92.405,57.2275,78.595
2022-01-09,67.02,65.755,66.97999999999999,67.27,59.391666666666666,57.37833333333333,78.595,92.405,61.05458333333333,78.595
2022-01-10,57.990433333333335,53.942727272727275,62.88777777777778,64.7635873015873,61.019625,58.45866666666667,50.0,50.0,46.24431547619048,71.82625
2022-01-11,58.409,57.83516666666667,60.78208333333334,62.87416666666667,55.80500000000001,60.65869318181818,50.0,42.979166666666664,61.61455555555555,64.2975
2022-01-12,61.82880000000001,58.35645,65.20145833333333,64.23677014652014,55.41566666666667,65.39802083333333,50.0,49.6028125,61.93215,50.0
2022-01-13,61.23499999999999,66.17466666666667,63.39520000000001,56.5578380952381,63.450050000000005,53.87746031746031,64.93083333333334,55.666666666666664,66.12706984126984,65.49000000000001
2022-01-14,55.1534,50.96069444444444,66.3360946969697,58.01076322751323,61.72983333333334,60.966388888888886,69.2925,56.98583333333333,63.34857142857142,59.47375
2022-01-15,51.99333333333334,61.16854166666666,63.355000000000004,62.4425,61.72983333333334,60.966388888888886,56.8975,56.98583333333333,51.855,78.23249999999999
2022-01-16,59.07875,46.18,78.595,73.29124999999999,68.5475,63.585,78.595,56.98583333333333,69.10166666666666,78.23249999999999
2022-01-17,57.527375000000006,55.58083333333334,64.01861111111111,68.21988095238095,66.2128125,33.625416666666666,58.5,56.98583333333333,59.309062499999996,75.53
2022-01-18,34.753392857142856,51.50301666666667,63.64083333333333,55.62704166666666,55.0743,58.4925,56.3825,56.45,63.19992142857143,76.339375
2022-01-19,57.43620000000001,59.997575000000005,59.866,62.00938520995912,56.0661,61.522,58.982777777777784,67.21875,59.745044642857145,60.570833333333326
2022-01-20,78.145,58.80438095238095,62.71,58.37979166666667,55.28643333333334,59.650800000000004,51.525,72.12933333333334,65.19484642857142,70.139375
2022-01-21,60.42010416666667,61.580284313725485,53.15077272727273,64.55095238095238,50.04953333333333,55.15766666666667,55.653333333333336,66.568125,52.906401515151515,62.449999999999996
2022-01-22,72.40916666666666,74.84333333333333,53.15077272727273,63.05499999999999,67.87583333333333,84.91,55.653333333333336,56.58583333333333,67.17625000000001,76.335
2022-01-23,73.83999999999999,63.013333333333335,65.86000000000001,54.42666666666667,60.114999999999995,24.47,56.1525,61.919999999999995,49.867916666666666,80.62
2022-01-24,52.308125,54.279833333333336,55.48162857142857,67.0296875,51.773555555555554,59.89365,59.73524999999999,59.68599999999999,57.34014935064935,66.17
2022-01-25,50.474821428571424,57.39118333333333,59.2225,63.620842857142854,48.70854166666667,52.973608776844074,57.026875,68.79583333333333,54.588225,71.50791666666667
2022-01-26,66.50894117647059,55.950529411764705,63.13983333333333,54.721333333333334,59.16774553571429,54.585891304347825,55.835833333333326,51.711666666666666,59.63378970152654,67.58666666666666
2022-01-27,60.188913690476184,53.39804761904762,63.10979487179487,66.34868571428572,63.64008333333333,60.638562500000006,58.62111111111111,71.259,59.6649705882353,75.98916666666666
2022-01-28,43.1951,54.5405,62.035763888888894,58.227732600732594,64.29199999999999,60.089370833333334,50.0,53.885000000000005,62.199509523809525,66.01233333333334
2022-01-29,48.167,61.83625000000001,78.595,50.0,60.45875000000001,78.47999999999999,50.0,75.89375000000001,64.2296875,76.63250000000001
2022-01-30,65.20833333333333,65.96875,81.6425,50.0,82.985,78.47999999999999,75.53,75.53,50.0,75.53
2022-01-31,59.27793333333333,65.3017,54.74591666666667,60.376666666666665,58.43983333333333,65.52971354166667,40.71,57.855000000000004,56.06166666666667,65.233125
2022-02-01,51.795093167701864,45.51723484848485,58.42909375000001,57.449666666666666,57.660982905982905,58.44730263157894,70.17,64.2975,63.70205925925926,72.28729166666666
2022-02-02,58.29220833333333,58.10925,67.13125,65.701,55.334461471861474,57.641145833333326,58.86916666666666,62.88312499999999,63.49287744863832,68.095
2022-02-03,58.59545238095238,57.74558333333333,59.02441666666667,62.62066666666667,56.40441666666667,69.117125,48.68,60.848749999999995,60.75017301587301,69.13
2022-02-04,52.445,59.175,61.565999999999995,56.40463541666667,48.035333333333334,73.18,59.38250000000001,50.0,54.62895833333333,71.50270833333333
2022-02-05,64.626875,68.03750000000001,68.27166666666666,62.8575,76.6625,50.0,59.38250000000001,59.03,65.9225,71.50270833333333
2022-02-06,50.0,52.15416666666667,68.06,44.865,75.53,72.79833333333333,59.38250000000001,68.06,53.99,72.02
2022-02-07,64.00144444444445,57.95234545454545,59.54566666666666,52.9815625,67.23017857142857,76.1025,57.955,60.415,57.52649696969697,53.245
2022-02-08,58.439750000000004,62.24528080808081,66.898125,66.8486,65.68901785714286,55.92194444444445,56.86710227272728,60.615833333333335,64.63574285714286,63.75999999999999
2022-02-09,64.916,57.22988333333333,63.468999999999994,65.30322916666667,65.47716666666666,64.08749999999999,60.0475,61.889,66.81192857142857,71.1588888888889
2022-02-10,75.99125,60.01879813664597,56.777857142857144,53.974687499999995,54.53313333333334,54.9434,53.010000000000005,63.108125,53.49375,60.5411
2022-02-11,54.440083333333334,53.798875,66.97066666666667,56.70666666666667,68.01116666666667,66.09633333333333,66.67,57.04375,55.471311965811964,60.988600000000005
2022-02-12,72.475,51.696,65.7388888888889,56.25,22.884999999999998,58.99250000000001,66.67,57.04375,45.568437499999995,72.2325
2022-02-13,68.06,75.99166666666667,59.663333333333334,63.366666666666674,68.06,58.99250000000001,66.67,57.04375,56.02,72.2325
2022-02-14,65.12708333333333,58.63444444444445,59.88458424908425,44.43945238095238,54.43083333333334,44.74736111111111,67.53,76.62687500000001,58.54920211161387,62.87666666666667
2022-02-15,60.4745,63.86838888888888,56.13816666666666,59.17786666666667,55.24791666666666,61.04638888888889,50.0,64.39166666666667,59.09088300653595,66.762
2022-02-16,62.765,61.26933333333333,58.20901904761905,52.760793650793644,64.26977083333334,56.61142857142857,55.41166666666667,73.88833333333334,58.05833333333334,57.55166666666667
2022-02-17,60.489642857142854,58.571089855072465,67.388625,48.5359696969697,60.470669642857146,57.264783333333334,58.342499999999994,53.754000000000005,59.78928666666666,64.36816666666667
2022-02-18,50.0,53.62495833333334,56.314791666666665,53.58266666666667,65.681,52.62646666666667,43.9852,51.5275,61.4333,53.8184375
2022-02-19,50.0,62.765,34.089999999999996,53.58266666666667,53.86,50.0,43.9852,51.5275,70.095,66.49249999999999
2022-02-20,30.625000000000004,51.38597222222222,34.089999999999996,63.5575,50.0,81.845,60.114999999999995,51.5275,56.3025,66.49249999999999
2022-02-21,76.24,68.22500000000001,71.93150793650794,58.964375000000004,52.8915,63.295,61.68666666666667,81.845,63.307500000000005,59.3035
2022-02-22,45.35333333333333,65.73025,50.07473958333334,52.255833333333335,65.58175,52.00666666666667,72.325,63.67933333333333,61.07052777777777,53.0788
2022-02-23,41.753750000000004,49.907666666666664,58.832275,53.34875,55.6725,47.864374999999995,58.51,58.59575,64.05983333333334,55.495555555555555
2022-02-24,60.84,55.11079166666667,48.75980555555556,47.37228571428572,68.78041666666667,54.03333333333333,50.815,68.14166666666667,57.86991666666667,56.224583333333335
2022-02-25,60.58541666666667,54.8555,62.05955586080586,56.68389880952381,51.419000000000004,54.52985714285714,50.0,70.56354166666668,48.25214285714286,57.955
2022-02-26,60.4325,68.43187499999999,76.94000000000001,55.0875,71.23,75.53,50.0,57.565,61.326875,56.9675
2022-02-27,35.199999999999996,53.29638888888889,72.94,37.708416666666665,56.81944444444444,50.0,50.0,68.06,79.295,77.86999999999999
2022-02-28,64.4597619047619,62.70379166666666,55.239023809523815,59.52564393939394,58.445,55.8225,50.0,50.0,60.90841666666667,73.25500000000001
2022-03-01,53.640625,54.917833333333334,57.308218855963446,43.61236458333334,48.2185,63.1851875,67.69166666666668,54.78625,58.19,62.36708333333334
2022-03-02,71.6525,58.72093650793651,60.955467032967036,56.98089285714286,55.9065625,60.1653125,81.34,69.6985,65.5814375,50.0
2022-03-03,56.275600000000004,54.20367142857143,59.80294139194139,65.94895833333332,55.55875,58.03421875,50.0,65.1890625,56.09375,51.29
2022-03-04,54.05325,54.32404285714285,58.67108333333333,56.88307291666666,56.003499999999995,67.36633333333333,49.738749999999996,80.17083333333333,55.82795238095238,62.424375
2022-03-05,68.06,68.575,42.281666666666666,38.608125,64.36874999999999,66.19500000000001,49.738749999999996,71.075,81.245,44.865
2022-03-06,50.0,50.965,50.0,50.28125,62.765,50.0,80.62,71.075,56.14072916666667,44.865
2022-03-07,48.687000000000005,58.69386904761905,55.90423333333333,54.59830357142857,58.57,63.69888888888888,53.77166666666666,59.910555555555554,50.07238095238095,64.14888888888889
2022-03-08,53.87277777777778,59.80729761904762,59.66393333333333,57.6875,46.03625,43.457,60.58375,58.5,58.7365625,52.885000000000005
2022-03-09,61.1236,53.669124999999994,57.6088,59.180299999999995,61.3653,62.23504166666667,54.65833333333333,53.19833333333334,55.205285714285715,61.277499999999996
2022-03-10,56.45666666666666,54.901633333333336,56.598392857142855,50.39421428571429,50.00333333333333,51.15071428571428,59.389500000000005,52.125,66.45551282051282,53.117999999999995
2022-03-11,52.8737037037037,55.274633333333334,58.48658333333333,57.973928571428566,62.245375,59.284000000000006,60.39222222222222,68.72,55.5249,77.86999999999999
2022-03-12,75.4675,69.22500000000001,34.3775,68.575,62.245375,59.284000000000006,60.39222222222222,58.894999999999996,76.20861111111111,61.5225
2022-03-13,78.595,65.02,72.02,75.53,62.245375,51.93,60.39222222222222,58.894999999999996,74.695,61.5225
2022-03-14,54.83694444444445,54.178266666666666,64.73755,62.24999523809524,58.07479166666667,64.11242857142857,56.25,60.5,61.99333333333333,50.0
2022-03-15,60.333375000000004,60.21538888888889,57.62007976190476,54.49868333333333,46.1071,63.865520833333335,54.86,68.83791666666667,58.54080339105339,61.8875
2022-03-16,53.415,54.91583333333333,61.211795454545445,60.839958333333335,50.83432142857143,49.14382142857143,79.91874999999999,66.80833333333334,59.923091179653674,57.49999999999999
2022-03-17,48.386250000000004,56.599444444444444,61.37184027777778,59.55388392857143,53.53394444444445,63.03760416666666,52.09625,50.0,57.638325,53.832499999999996
2022-03-18,66.09700000000001,57.57643809523809,52.314166666666665,57.92366666666666,59.629444444444445,49.68855555555556,65.35375,54.879,62.05736666666667,70.095
2022-03-19,66.09700000000001,85.48,75.52,61.12916666666667,79.97000000000001,61.51333333333333,65.35375,62.5575,75.3463888888889,68.06
2022-03-20,66.09700000000001,52.66916666666667,45.59666666666667,61.12916666666667,76.31375,59.53166666666667,60.114999999999995,56.987500000000004,59.03,68.06
2022-03-21,55.942375,68.13672222222222,57.40014166666667,52.978,66.953,52.59571666666667,59.7315625,60.2005,63.02590476190476,58.00875
2022-03-22,40.19083333333333,61.440729166666664,61.056955844155844,57.48,44.163000000000004,36.16589285714286,66.83,58.699999999999996,60.2932380952381,75.80624999999999
2022-03-23,56.8234375,61.907968749999995,53.77070833333333,70.99645833333334,54.836666666666666,50.95222222222222,31.94,82.985,55.399313257575756,63.660000000000004
2022-03-24,58.94437500000001,53.12179166666666,59.059874475524474,56.57879464285715,61.1796875,45.83833333333334,58.29625000000001,68.08500000000001,59.81295058275058,63.660000000000004
2022-03-25,28.925,56.56316666666667,67.87705303030303,63.1142,57.30833333333334,64.17788461538461,69.82666666666667,61.44500000000001,54.9445625,62.875
2022-03-26,62.3325,56.952708333333334,85.015,52.559444444444445,68.06,61.81833333333333,69.82666666666667,50.0,50.0,74.635
2022-03-27,59.53166666666667,79.0025,85.015,50.0,68.06,79.97000000000001,69.82666666666667,50.0,75.675,68.9925
2022-03-28,61.02666666666667,63.45485714285714,64.899125,54.315250000000006,48.05260416666667,54.057500000000005,52.94166666666666,59.04333333333334,66.38306818181819,74.03666666666666
2022-03-29,60.834583333333335,60.54801666666667,57.73236363636364,55.442933333333336,53.4886,55.518299999999996,52.92333333333333,62.745000000000005,61.7573869047619,52.15333333333333
2022-03-30,61.41916666666667,60.04452380952381,74.21166666666666,45.510925925925925,61.99875,68.14399305555557,55.666666666666664,74.76916666666666,60.45246666666667,78.36666666666667
2022-03-31,68.66291666666666,56.060500000000005,52.49380952380952,51.28874999999999,65.07091666666666,67.394,74.095,51.270625,58.94296062271063,67.0
2022-04-01,54.43916666666666,52.94329761904761,68.76808333333332,59.37686111111111,72.165,52.57000000000001,65.90333333333334,79.47625000000001,56.91864102564102,73.4
2022-04-02,55.47,67.40625,66.43,57.95166666666667,81.245,56.279999999999994,65.90333333333334,62.765,33.085277777777776,73.4
2022-04-03,59.03,52.66416666666667,66.43,44.865,64.11166666666666,68.06,58.894999999999996,91.58,60.27291666666667,73.4
2022-04-04,62.59797619047619,60.09305882352941,58.84945454545455,50.756,56.023500000000006,54.20233333333333,60.943749999999994,53.61,63.90610714285714,59.29
2022-04-05,46.5211,58.54288095238095,56.06345,60.370000000000005,59.96146666666667,52.409666666666666,60.42041666666667,65.00041666666667,52.22762740384616,63.5575
2022-04-06,51.06666666666667,57.89553333333334,61.338125,58.0846875,57.04375,59.6796875,67.74,58.43333333333334,57.92313095238095,73.8775
2022-04-07,56.23114583333333,56.25290277777778,64.800875,54.90403333333334,55.598124999999996,55.38955357142857,64.2975,57.730000000000004,64.60989285714285,60.49111111111111
2022-04-08,57.709999999999994,60.38151666666667,68.35509722222221,61.056513725490206,69.72309999999999,59.702333333333335,51.482499999999995,66.97333333333333,69.33586666666667,60.49111111111111
2022-04-09,29.905000000000005,59.963750000000005,70.5125,56.61033333333333,69.72309999999999,49.32166666666667,51.482499999999995,50.0,72.35625,60.49111111111111
2022-04-10,29.905000000000005,85.8275,80.6225,50.0,68.06,57.74,51.482499999999995,68.7825,80.50125,60.49111111111111
2022-04-11,59.418148148148155,60.97434285714286,71.71966666666667,50.26055,55.32308333333334,70.01138888888889,72.2825,53.010000000000005,60.76470707070707,67.5075
2022-04-12,69.59380952380953,59.68,63.212,53.64091666666667,60.155499999999996,56.518541666666664,63.375,67.283,61.619571428571426,74.27
2022-04-13,64.18260416666666,54.337466666666664,64.91232291666667,59.16108333333333,56.25383333333333,53.92166666666667,72.97447916666667,69.60875,59.721000000000004,68.06
2022-04-14,46.87675,64.31421428571429,65.308125,60.1650786042693,57.447803571428565,57.715833333333336,62.60258333333333,67.54694444444445,52.47773333333333,72.61999999999999
2022-04-15,39.13583333333333,62.104375,61.0625,77.00875,73.34333333333333,68.06,80.62,60.8475,85.5325,50.0
2022-04-16,50.0,41.85125,74.245,27.98,73.34333333333333,68.06,80.62,60.8475,69.2925,50.0
2022-04-17,66.59,50.0,77.86999999999999,27.98,73.34333333333333,39.9525,80.62,60.8475,69.2925,50.0
2022-04-18,55.778499999999994,57.027976190476195,72.05812499999999,67.83255,55.10333333333334,56.91444444444444,62.487500000000004,50.0,55.11397777777778,66.02833333333334
2022-04-19,48.52616666666666,60.96465,54.5521,62.73630952380953,53.32315238095238,56.797875,53.754374999999996,50.0798,63.013988888888896,67.80000000000001
2022-04-20,60.0955,56.07586666666666,67.44924999999999,52.477,65.6971875,59.7317,54.966476190476186,51.569583333333334,62.887375,50.644999999999996
2022-04-21,68.61081250000001,57.32343333333333,62.408458333333336,48.17766666666667,63.31483333333333,62.485,56.592200000000005,52.285250000000005,60.835683333333336,65.11083333333335
2022-04-22,52.57404761904761,63.25745238095239,64.25458333333334,63.55298333333334,72.58125,45.632,57.79711111111111,55.057500000000005,50.805666666666674,56.754799999999996
2022-04-23,53.707499999999996,59.16833333333334,55.518750000000004,57.487500000000004,70.311875,65.51458333333333,45.268750000000004,78.595,70.89958333333333,55.2925
2022-04-24,59.03,67.78916666666667,71.66166666666666,59.99,64.53999999999999,75.58833333333332,54.17125,50.0,71.075,62.3
2022-04-25,56.02583333333333,56.88699166666667,59.32153138528139,60.433388888888885,68.24636666666667,59.78306666666666,67.743,49.85666666666667,57.58745,71.76958333333334
2022-04-26,69.03670833333334,61.93966666666667,61.36532986111111,59.87883333333334,52.257285714285715,47.68157386363636,54.132343750000004,50.0,57.459700000000005,72.775
2022-04-27,60.66446428571428,52.21547777777778,66.06528333333334,46.793375000000005,55.69966666666667,53.506,68.9475,57.64895833333333,59.338248484848485,58.86027777777778
2022-04-28,56.20154761904762,60.09741666666667,67.32020238095238,52.83176190476191,58.92840357142857,61.09388333333333,56.50888888888888,69.41,55.96830882352941,63.85541666666666
2022-04-29,61.175562500000005,57.423484632034636,50.403395238095236,63.065000000000005,60.36715,61.87286666666667,50.0,60.85937500000001,50.187125541125546,65.0188888888889
2022-04-30,61.611666666666665,67.01708333333333,59.612833333333334,71.35625,65.515,62.5,50.0,60.85937500000001,52.78,75.50166666666667
2022-05-01,75.53,50.0,50.0,68.06,85.015,56.498000000000005,50.0,60.85937500000001,59.03,72.02
2022-05-02,59.03699999999999,55.321375,64.31707142857142,57.372395833333336,68.73541666666667,48.61,50.0,61.67166666666667,54.32725000000001,51.89833333333333
2022-05-03,57.4825,56.1631,65.1551,55.304833333333335,57.11625,67.52208333333334,44.580555555555556,59.358333333333334,51.348396825396826,69.03033333333333
2022-05-04,48.86416666666666,56.8397463768116,59.53879166666667,56.02,60.89750000000001,55.052666666666674,51.324999999999996,53.45958333333334,53.65725961538461,62.873730158730154
2022-05-05,49.104166666666664,48.10625,73.44842393162394,56.9021,61.295,55.19003333333333,70.72,64.86583333333333,66.13935555555555,62.28616666666667
2022-05-06,60.96948333333333,57.013511111111114,59.30920357142857,44.25065476190476,57.015208333333334,58.11666666666666,53.111666666666665,55.26888888888889,57.16846428571428,62.34945833333333
2022-05-07,60.96948333333333,51.29833333333333,73.07083333333333,72.94,63.1675,68.06,53.111666666666665,74.9025,67.0175,62.34945833333333
2022-05-08,50.0,56.16166666666666,53.626666666666665,60.83083333333333,50.0,86.75500000000001,53.111666666666665,74.9025,60.212500000000006,63.660000000000004
2022-05-09,43.78916666666667,55.088058333333336,60.6097619047619,50.18083333333333,68.06,64.38177777777778,50.0,54.515,55.78686666666667,65.40145833333332
2022-05-10,52.83580357142858,54.795944444444444,58.81648809523809,68.68375,57.821,57.861875,67.37625,60.864,64.92666666666666,50.0
2022-05-11,60.50816666666666,49.24664583333333,65.45989583333333,58.301166666666674,53.85733333333334,55.95126190476191,50.0,56.24583333333333,58.74246428571429,53.77166666666666
2022-05-12,53.319083333333325,55.339240196078435,56.652095238095235,55.991770833333334,50.294666666666664,57.08208333333333,66.85041666666666,71.40222222222222,51.38131944444444,56.41041666666666
2022-05-13,70.91083333333333,55.369875,55.706722222222226,60.3764,53.456916666666665,54.35104166666667,60.60124999999999,76.9675,59.00975,71.55
2022-05-14,71.28999999999999,46.989999999999995,55.706722222222226,69.125,80.62,54.35104166666667,60.60124999999999,48.4925,51.23,71.55
2022-05-15,71.28999999999999,53.44624999999999,61.093333333333334,69.125,60.114999999999995,75.53,60.60124999999999,88.58500000000001,68.0025,71.55
2022-05-16,51.739999999999995,50.354725641025645,53.71780952380952,51.82243303571429,54.67743333333333,67.33066666666667,63.54500000000001,68.989375,52.619625000000006,70.765
2022-05-17,55.9029,59.345619047619046,59.93698863636363,53.30721666666667,56.81703125000001,59.73779999999999,58.58197916666666,73.43395833333332,61.34665384615384,66.884
2022-05-18,49.807,52.87866428571428,61.313796153846155,58.44583333333333,61.0375,49.401041666666664,64.8,59.040000000000006,60.40702777777778,50.0
2022-05-19,53.26468253968254,54.304300000000005,61.71652976190476,55.764100000000006,61.2475,74.33520833333334,62.583333333333336,61.721562500000005,62.02971590909091,69.49875
2022-05-20,63.0225,59.460861180124226,65.78554166666667,64.14354166666666,49.10183333333333,59.42322222222223,68.0575,56.4172,68.71820833333334,53.31902777777777
2022-05-21,59.7175,45.300333333333334,80.62,47.42,59.765416666666674,59.42322222222223,68.0575,76.17333333333333,54.449375,66.07375
2022-05-22,80.72,74.1225,80.4075,39.885,64.2975,88.25,60.114999999999995,77.71124999999999,61.25375,66.07375
2022-05-23,52.54222222222222,63.85994047619048,57.0526,50.58125,64.888125,53.87430555555556,67.16333333333333,59.445416666666674,63.005779411764706,63.705
2022-05-24,59.473,61.81728749999999,64.47571111111111,70.382,54.724833333333336,76.71583333333334,42.9,74.3775,66.997,63.65875
2022-05-25,60.22785714285715,53.2238,64.37041666666667,55.86222222222222,49.581041666666664,65.82166666666667,59.535000000000004,75.5775,56.675606060606064,63.69833333333334
2022-05-26,61.0865,59.67887916666667,65.38986666666666,60.550000000000004,63.68460952380952,60.57729166666667,62.8140625,62.855000000000004,67.98821929824561,66.17999999999999
2022-05-27,62.99020833333333,61.786863636363634,66.65635714285713,59.2665,53.4713125,59.301166666666674,40.71,57.750625,51.991166666666665,88.25
2022-05-28,62.99020833333333,71.89333333333333,62.11,59.2665,68.06,59.301166666666674,40.71,68.06,54.545,68.06
2022-05-29,78.54625,64.04722222222222,77.4525,35.199999999999996,87.895,80.62,40.71,68.06,75.53,68.06
2022-05-30,88.58500000000001,63.519999999999996,69.88066666666667,55.59333333333334,70.21325,74.22999999999999,50.0,50.0,71.70375,71.47749999999999
2022-05-31,59.96555555555556,54.49516666666667,61.27343333333334,56.33924999999999,72.0725,67.96388888888889,69.01125,71.76375,70.66008333333333,62.414375
2022-06-01,65.2565,51.62051282051282,61.657821428571424,59.446,59.487604166666664,62.460899999999995,54.94375,67.02,64.72121527777777,69.75625
2022-06-02,47.262166666666666,64.64443333333334,63.584190476190486,53.92,48.164833333333334,54.04891666666667,56.45,65.22833333333334,65.54775961538462,79.92375
2022-06-03,52.94585416666666,53.18291666666667,65.29641666666667,47.296875,57.909166666666664,66.59466666666667,62.765,61.833125,59.77620952380952,59.07249999999999
2022-06-04,68.06,65.68666666666667,73.16958333333334,70.095,51.74333333333333,71.17055555555555,62.765,63.934999999999995,59.488055555555555,59.07249999999999
2022-06-05,24.47,69.27875,61.419500000000006,59.635000000000005,60.0,62.887499999999996,62.765,63.934999999999995,59.488055555555555,59.675
2022-06-06,53.17375,59.0360625,56.15285714285714,62.42483333333333,55.76813333333334,54.93333333333334,53.670624999999994,57.642222222222216,53.01216666666667,59.29666666666667
2022-06-07,66.4,64.37068627450981,60.60870714285714,62.15133333333333,73.40249999999999,65.972,51.93875,47.24333333333333,56.71693333333333,60.197500000000005
2022-06-08,72.41233333333334,59.29410714285714,62.32985714285715,51.766190476190474,69.345,54.666875000000005,60.68875,65.584,55.24803125,67.50666666666667
2022-06-09,55.082,51.05923571428571,62.67375,50.86277777777778,50.84291666666667,68.99223958333334,57.004374999999996,69.22500000000001,55.4089,55.367333333333335
2022-06-10,50.6072,58.42225454545454,58.9941,54.53866666666667,54.73675,53.14041666666667,47.44833333333333,64.458125,60.14383333333333,63.934374999999996
2022-06-11,80.62,70.67958333333333,74.045,54.53866666666667,83.47833333333334,70.29833333333333,68.06,60.114999999999995,59.815625,68.06
2022-06-12,68.06,55.8975,59.56250000000001,63.212500000000006,55.057500000000005,47.290625,68.06,80.035,62.066250000000004,75.53
2022-06-13,59.42270833333333,55.97154285714285,58.59229166666666,57.39989583333334,67.17125,48.4628,54.07555555555555,60.45166666666667,59.61841666666666,55.1125
2022-06-14,64.97546875,56.65328125,62.878750000000004,48.07167142857143,48.4585,61.6094,61.64541666666666,63.3695,60.06019047619048,59.07875
2022-06-15,53.01883333333334,47.6961,59.58427777777777,55.71066666666666,56.004200000000004,59.71980769230769,54.780833333333334,51.1425,68.40135000000001,50.0
2022-06-16,57.48733333333333,59.21083333333333,56.6025,58.266666666666666,65.2325,53.9959,61.946,55.324375,56.09614632034632,59.028000000000006
2022-06-17,53.834125,60.2809,59.86933333333333,55.413999999999994,67.18708333333333,66.0025,50.896249999999995,68.52083333333333,60.35627083333333,54.702
2022-06-18,64.985,47.09166666666667,72.02,50.644999999999996,64.82875,68.06,50.896249999999995,90.36999999999999,60.35627083333333,87.375
2022-06-19,83.525,57.465999999999994,55.4075,68.06,73.80625,59.03,60.114999999999995,83.525,65.33250000000001,44.865
2022-06-20,56.24249999999999,68.1375,64.15902777777778,53.1759375,68.285,72.143125,50.0,53.927499999999995,58.46566666666667,58.71999999999999
2022-06-21,51.458888888888886,53.507266666666666,58.577976190476186,47.54933333333333,58.86083333333333,64.82260416666666,51.88666666666667,71.5875,59.189071428571424,61.315
2022-06-22,60.02708333333333,59.822316666666666,53.7605,61.35055555555555,51.2185,46.92958333333333,58.107777777777784,76.50916666666667,69.28666666666668,72.89933333333335
2022-06-23,51.87177777777778,61.02046984126984,59.72068300653595,55.44421428571429,53.79288333333333,58.9662,54.61316666666667,67.135,60.705333333333336,69.16222222222223
2022-06-24,57.172,54.88865476190477,46.716166666666666,68.05323333333332,74.37464285714286,53.21472222222222,57.4,43.720000000000006,56.46260833333333,57.955
2022-06-25,68.06,65.56500000000001,70.37,55.057500000000005,74.37464285714286,68.06,57.4,43.720000000000006,70.5488888888889,60.114999999999995
2022-06-26,50.0,70.893125,52.09083333333333,59.545833333333334,59.3725,67.66166666666666,57.4,67.02,68.145,68.06
2022-06-27,59.92458333333334,59.49797023809524,56.68264166666667,62.5501130952381,66.99392857142857,65.45761904761905,75.4125,62.031875,59.77065952380952,60.419
2022-06-28,64.00187500000001,61.50102472089314,65.78826330532212,59.43279761904762,47.544444444444444,52.207571428571434,72.095,59.352000000000004,55.86033928571429,64.31895833333333
2022-06-29,53.665625000000006,53.74040909090909,66.13024038461539,55.36156249999999,71.48970238095238,61.44266666666667,54.25,64.36666666666666,58.56517777777778,64.720625
2022-06-30,63.652750000000005,61.184031135531136,50.463525,63.54992857142857,62.834999999999994,64.12458333333333,57.581250000000004,54.25,56.4105238095238,57.123000000000005
2022-07-01,70.39874999999999,59.06910714285715,62.31642307692308,52.78366666666666,56.427812499999995,57.33222222222222,69.0775,55.425999999999995,57.76370833333333,47.59833333333333
2022-07-02,57.251666666666665,52.31638888888889,66.36833333333333,51.2,68.06,65.38875,69.0775,57.92,48.33375,47.59833333333333
2022-07-03,68.06,60.1925,58.555,31.94,68.06,65.38875,69.0775,57.92,60.70388888888889,88.58500000000001
2022-07-04,90.36999999999999,69.9890625,52.117666666666665,56.730000000000004,70.52666666666666,57.95944444444444,71.79500000000002,54.447500000000005,69.50916666666667,52.70166666666667
2022-07-05,65.00429166666667,58.00675,53.19559821428571,62.834999999999994,58.85104166666667,59.77916666666666,61.6675,63.13166666666666,57.071937500000004,79.2825
2022-07-06,40.17125,59.19983333333333,65.57062857142857,49.0847,57.45244444444444,58.349050000000005,68.81625,54.41416666666667,62.2906,70.16
2022-07-07,50.0,51.51083333333333,65.03176666666667,61.99443333333333,50.01741071428572,52.74202777777778,49.737500000000004,59.48854166666666,59.82856825396825,68.50666666666667
2022-07-08,62.82875,49.299,58.2998125,50.40716666666667,71.90174999999999,58.25416666666668,62.761250000000004,72.35249999999999,54.136399999999995,58.18916666666667
2022-07-09,69.97,60.41520833333334,91.58,50.0,43.25666666666667,58.25416666666668,62.761250000000004,72.35249999999999,69.81583333333333,58.18916666666667
2022-07-10,70.05312500000001,68.03916666666666,53.7625,72.9325,62.919375,59.03,62.761250000000004,73.775,73.704375,58.18916666666667
2022-07-11,49.79175,51.88891666666666,53.0696746031746,47.335108173076925,56.63916666666666,61.128625,52.733,66.25750000000001,63.368500000000004,59.276666666666664
2022-07-12,58.443333333333335,60.85272655122655,62.684666666666665,50.56372619047619,50.01621428571429,49.46068181818182,50.0,49.6775,61.383047619047616,59.276666666666664
2022-07-13,47.946875,60.11750714285714,60.46421428571429,49.74221428571429,61.9654625,59.84516666666667,59.087500000000006,72.54166666666667,53.89046825396826,56.69833333333333
2022-07-14,54.113166666666665,62.69884523809524,61.333380952380956,43.961505192006264,47.16525,58.98716666666667,53.16229166666666,56.13,59.01283928571428,60.552499999999995
2022-07-15,37.78666666666667,58.41312121212121,67.27271666666667,55.525797756410256,59.503375000000005,52.65916666666667,28.925,39.565375,63.230821428571424,64.181
2022-07-16,57.001250000000006,67.54833333333333,88.44,66.49249999999999,86.64,52.65916666666667,28.925,57.47,55.135,74.98
2022-07-17,58.4925,65.90125,76.99000000000001,52.2195,76.565,70.97,88.58500000000001,57.47,74.98833333333333,74.695
2022-07-18,54.8925,62.26559659090909,67.32816666666666,58.606537356321844,49.45928571428572,56.73777777777778,56.3825,66.77553571428572,56.434741071428576,60.006
2022-07-19,63.379374999999996,65.04217142857142,68.15366666666667,58.911766666666665,56.75084761904762,56.9296875,52.3525,47.595,55.43136666666667,64.93875
2022-07-20,45.258854166666666,51.6029880952381,63.549035714285715,56.05949999999999,63.82021818181818,60.11580357142857,60.76645833333334,60.78,60.088142857142856,59.29625000000001
2022-07-21,60.209849999999996,58.47500952380953,56.864966666666675,61.102812500000006,52.07395833333334,51.98638888888889,58.12321428571428,64.83,60.02321428571429,54.843333333333334
2022-07-22,58.53845833333333,59.678464285714284,65.50456818181817,53.680683333333334,63.902100000000004,56.448125000000005,49.16083333333333,73.14500000000001,59.913488888888885,61.31675
2022-07-23,50.0,72.90875,86.03333333333335,61.6325,20.705000000000002,56.448125000000005,49.16083333333333,64.675,68.26444444444445,71.075
2022-07-24,59.776666666666664,60.775,72.98375,61.6325,67.0,68.06,60.114999999999995,64.675,59.600833333333334,73.3275
2022-07-25,55.9045,51.852064393939386,70.785425,55.276199999999996,58.60525,52.9725,59.56288235294118,63.6525,51.57225,58.13333333333334
2022-07-26,54.656666666666666,54.68552820512821,56.29485714285715,51.3825,63.417750000000005,58.99070958646616,52.52625,61.6175,53.87763888888889,61.6189
2022-07-27,58.37378333333333,57.89673611111111,59.72788484848485,63.8925,56.688,59.03,61.232142857142854,65.38393333333333,56.96048051948052,65.56450000000001
2022-07-28,48.49435185185185,55.992977777777774,63.43801818181818,47.22253333333333,63.01795,53.88039682539683,65.1575,62.7903125,52.31531628787879,64.62307142857142
2022-07-29,57.375,61.17489285714286,70.83196560846561,53.345083333333335,56.96274999999999,64.5625,50.0,64.834,65.67031111111112,67.95133333333334
2022-07-30,50.0,65.55416666666667,57.655,53.345083333333335,75.52250000000001,73.83500000000001,50.0,58.894999999999996,80.62,71.79500000000002
2022-07-31,59.891666666666666,61.844722222222224,65.8725,75.53,67.54333333333334,77.38499999999999,50.0,72.265,59.64625,71.79500000000002
2022-08-01,60.550625000000004,60.388221428571434,62.579499999999996,62.660000000000004,54.27444444444445,54.39630555555556,50.0,61.450833333333335,65.07973214285714,66.83638888888889
2022-08-02,51.89652777777778,54.0829,61.569933035714286,55.16875,60.32625,52.33741071428572,55.76116666666666,59.683125000000004,50.695473484848485,68.668125
2022-08-03,50.77,57.81866950757576,65.270464171123,55.536874999999995,64.34791666666666,56.32666666666667,58.79833333333333,52.131458333333335,62.65298214285715,60.7464
2022-08-04,57.71208333333333,62.935833333333335,60.69676190476191,53.618125000000006,54.04569444444445,54.515,60.7455,69.035,52.98504166666667,72.54407142857143
2022-08-05,66.334375,56.610416666666666,67.469875,65.10305555555556,67.37989583333334,61.78,61.917500000000004,68.925,56.64333333333333,65.72226190476191
2022-08-06,31.261666666666667,65.1125,64.89383333333333,59.3225,74.695,61.78,61.917500000000004,50.0,56.64333333333333,65.72226190476191
2022-08-07,64.2975,53.681,67.0,67.8225,53.18666666666667,73.3275,75.53,68.401875,71.48083333333334,65.72226190476191
2022-08-08,44.453541666666666,65.74816666666668,66.97761904761906,54.71341666666667,67.216875,72.06916666666666,65.91,68.04166666666667,55.75129273504273,64.37025000000001
2022-08-09,55.774375,55.85440476190476,55.4591798941799,68.51833333333333,54.81428571428572,53.535624999999996,50.0,62.260000000000005,54.003673992673995,58.987875
2022-08-10,62.19949999999999,59.234446969696975,59.75084761904762,72.88222222222223,67.46625,67.6451388888889,60.0475,62.040000000000006,57.178403174603176,65.24433333333334
2022-08-11,55.93483333333333,53.04139814814815,59.42726666666667,49.099375,52.482600000000005,51.5575,60.0475,68.57854166666667,56.41343831168831,56.750416666666666
2022-08-12,64.72375,62.727642857142854,64.217625,63.059625,50.27766666666666,67.82555555555555,60.0475,63.98625,67.73044999999999,86.63250000000001
2022-08-13,66.4075,45.536388888888894,55.435,63.059625,50.27766666666666,67.82555555555555,60.0475,53.26499999999999,57.766875,63.660000000000004
2022-08-14,44.333333333333336,65.58708333333333,79.77208333333334,63.385000000000005,68.06,64.62875,60.0475,67.67999999999999,37.115833333333335,85.48
2022-08-15,54.17904166666667,55.761087499999995,54.32865833333334,56.26716666666667,55.065,75.11125000000001,54.51916666666666,68.06,72.75383333333333,60.067499999999995
2022-08-16,58.71819444444445,59.63804069767442,63.83645833333333,54.254999999999995,54.5025,50.322500000000005,56.7725,70.875,61.910399999999996,58.18729166666666
2022-08-17,45.55958333333333,53.81227333333334,72.61947916666666,55.825,51.59083333333333,51.464166666666664,64.535,68.27656250000001,56.432916666666664,78.01499999999999
2022-08-18,52.63250000000001,60.90069999999999,56.65441666666666,60.24113333333333,57.0406,52.525,55.929375,52.5675,58.96,71.255
2022-08-19,38.1978125,54.93211282051283,64.14038888888889,52.76166666666666,54.006,52.1975,55.929375,71.01124999999999,59.329,54.723333333333336
2022-08-20,62.925,72.54305555555555,72.08,56.25,85.015,73.70875,55.929375,79.4775,70.579375,73.83500000000001
2022-08-21,59.03,68.70944444444444,77.86999999999999,56.25,89.53,73.10722222222222,60.114999999999995,66.3375,72.17666666666666,74.3375
2022-08-22,71.78625,56.21103333333334,61.939875,53.8435625,60.22925,62.47166666666667,62.00750000000001,66.63083333333333,62.20555384615385,63.018750000000004
2022-08-23,60.867083333333326,59.18817142857142,61.82255555555556,71.66933333333333,67.93283333333333,65.05833333333332,54.64833333333333,59.36916666666667,58.922,52.54375
2022-08-24,56.57021428571428,50.157,53.8991,55.354000000000006,62.8440625,56.61875,50.0,73.163,59.185420168067225,69.44875
2022-08-25,48.863194444444446,58.795750000000005,61.82094642857143,55.269800000000004,58.219166666666666,70.65750000000001,50.16125,70.168125,65.25083333333333,62.306
2022-08-26,46.43225833333333,49.99971428571428,59.25094444444444,64.06770833333333,61.02104166666666,46.72277777777778,57.943333333333335,67.575,58.11504761904762,60.245000000000005
2022-08-27,50.0,68.545,56.84,64.06770833333333,50.0,46.72277777777778,57.943333333333335,87.53,77.94000000000001,60.245000000000005
2022-08-28,63.888333333333335,56.60375,69.05,61.964444444444446,51.29,59.03,32.99999999999999,85.015,63.95611111111111,60.245000000000005
2022-08-29,61.950583333333334,56.388906250000005,67.82772321428571,55.15958333333333,72.27225,52.217999999999996,53.74916666666667,53.0375,46.314325000000004,70.37625000000001
2022-08-30,36.8325,60.41808333333334,58.46085714285715,55.481875,58.818125,60.9765625,51.89833333333333,74.98750000000001,58.28822222222222,54.9803125
2022-08-31,57.953500000000005,53.506888888888895,69.04443181818182,55.23216666666667,40.97475000000001,59.56722222222221,44.333333333333336,64.7795,55.93182291666666,61.053333333333335
2022-09-01,52.38291666666667,60.472550000000005,53.83472222222222,64.05404999999999,60.36808333333333,66.5840625,60.74375,67.0,51.257269540229885,55.72200000000001
2022-09-02,57.96125,55.98142857142857,61.97591666666666,58.16063333333334,62.55833333333334,56.99041666666667,61.440000000000005,58.84583333333333,63.762128571428576,58.32722222222222
2022-09-03,71.14666666666668,53.565625,61.97591666666666,58.16063333333334,92.21,70.3675,61.440000000000005,70.3675,64.2975,80.62
2022-09-04,71.14666666666668,85.08,61.97591666666666,58.16063333333334,75.53,70.3675,61.440000000000005,79.38166666666666,60.39666666666667,80.62
2022-09-05,53.2,58.110277777777775,78.39875,51.505,73.17625,58.46583333333333,61.440000000000005,79.38166666666666,48.8834375,80.62
2022-09-06,64.57083333333333,59.584516666666666,52.6503125,55.983354166666665,59.31666666666666,58.764375,50.0,67.53,60.43250833333333,64.225
2022-09-07,55.884345238095236,62.01203125,59.7175,52.769999999999996,55.29291666666667,56.528749999999995,59.51625000000001,55.656666666666666,58.43216666666666,60.27033333333334
2022-09-08,63.451452380952375,62.79525,65.64352380952381,74.48225,64.24380000000001,48.98354166666667,65.716875,71.97833333333334,51.9045,57.19116666666667
2022-09-09,50.3895,62.068875,53.60293333333333,68.904,51.71,52.37638888888889,63.1675,84.764375,61.39448333333334,65.534375
2022-09-10,29.905000000000005,68.54166666666667,53.60293333333333,41.5,81.845,52.37638888888889,63.1675,71.79500000000002,56.7725,65.534375
2022-09-11,68.06,72.175,69.010625,72.02,68.42,50.0,63.1675,81.245,57.92375,81.245
2022-09-12,59.53645833333333,62.49400000000001,65.27479166666666,50.40520833333333,64.91973787878788,61.48791666666666,48.54625,70.91277777777778,49.6908,61.281875
2022-09-13,50.36091666666667,64.18381666666666,65.866725,55.91015625,60.717,66.18843749999999,56.400000000000006,58.72604166666666,51.978583333333326,50.43
2022-09-14,63.72625000000001,62.547583333333336,58.85244791666666,55.59735,53.073125,56.28197916666666,52.241388888888885,63.221666666666664,56.83479166666666,73.80583333333334
2022-09-15,60.47275,56.016845238095236,63.877837301587306,64.55033928571429,54.96275000000001,50.19104166666667,50.897777777777776,65.83125,50.980275362318835,64.49058333333333
2022-09-16,60.27097222222222,53.62586666666667,77.090375,56.909166666666664,59.16170833333333,58.355000000000004,50.0,67.7315,55.3023,69.00716666666666
2022-09-17,60.27097222222222,70.183125,77.090375,44.823750000000004,50.0,41.5,50.0,77.03125,50.0,70.28166666666667
2022-09-18,73.23124999999999,63.306666666666665,81.845,44.823750000000004,62.763333333333335,65.6225,67.98500000000001,59.03,72.62791666666666,75.53
2022-09-19,50.201597222222226,64.98620833333332,54.779916666666665,57.51516666666667,47.05161904761905,66.88222222222223,37.19125,55.057500000000005,50.57373333333334,69.85666666666667
2022-09-20,59.5946875,50.97871428571429,61.693,51.757333333333335,53.512499999999996,66.61,37.19125,71.03354166666666,55.407220238095235,55.774375
2022-09-21,63.332,62.142208333333336,66.64825,50.25295,52.913,53.95166666666667,49.231249999999996,58.24229166666667,53.52558571428572,78.11250000000001
2022-09-22,55.437749999999994,62.271885714285716,58.50989583333334,47.32208333333333,63.055499999999995,48.052458333333334,63.04791666666667,55.6885,57.25300714285715,57.87677083333334
2022-09-23,58.762,53.29289523809524,44.8470625,54.66133333333333,55.86687500000001,62.06638888888889,65.80916666666667,63.69277777777778,54.742728571428565,59.90916666666667
2022-09-24,75.52250000000001,62.108333333333334,80.8175,65.71833333333333,62.040000000000006,62.06638888888889,65.80916666666667,54.515,67.94875,53.86
2022-09-25,56.74333333333333,66.24305555555556,70.04,62.61750000000001,62.040000000000006,61.75333333333334,79.97000000000001,75.885,60.62395833333334,92.00999999999999
2022-09-26,56.339062500000004,62.70986666666667,55.05921874999999,57.988249999999994,56.364999999999995,54.409062500000005,57.362500000000004,60.028749999999995,54.00483333333334,77.88416666666666
2022-09-27,62.40052083333333,52.71725000000001,47.099375,52.643249999999995,61.30175,59.37708333333334,68.06,80.89666666666666,62.337442857142854,62.821666666666665
2022-09-28,65.74766666666667,56.57640476190476,63.135416666666664,60.41411111111111,60.34225,46.06055555555555,49.36916666666667,51.02729166666666,47.33173863636363,47.524166666666666
2022-09-29,52.044374999999995,58.75105714285714,62.60904166666666,55.49836111111111,69.29125,59.6325,50.0,50.0,58.27253560606061,88.25
2022-09-30,57.294583333333335,63.065893939393945,70.55873015873016,68.37055555555555,61.036666666666676,60.995,56.02,70.1725,44.27283333333333,52.964999999999996
2022-10-01,64.8,49.2153125,70.55873015873016,63.934999999999995,71.89999999999999,50.0,56.02,70.095,44.27283333333333,79.295
2022-10-02,50.0,68.70666666666668,70.55873015873016,63.934999999999995,68.925,68.20916666666666,56.02,81.845,70.81555555555555,79.295
2022-10-03,67.47291666666666,62.944066666666664,57.38061904761905,65.53729166666666,58.61683333333334,58.778333333333336,55.90416666666667,74.4225,69.03075000000001,53.98125
2022-10-04,61.11,47.76875,63.77229166666667,70.59248511904762,49.3825,60.18125,69.125,72.918,61.70464285714286,55.9365625
2022-10-05,67.41416666666666,54.72553333333333,64.9319888888889,57.084375,65.16111111111111,65.35333333333332,62.958333333333336,60.48166666666667,58.3894,61.95333333333334
2022-10-06,61.3803125,63.15233333333333,59.083719230769226,58.575695238095236,34.03,57.9025,49.355,54.515,43.11304166666667,53.894375000000004
2022-10-07,61.86888888888888,59.789,64.82835238095238,48.54173333333333,51.208125,54.865937499999994,53.3725,56.809062499999996,48.35781818181818,69.94616666666667
2022-10-08,50.0,59.318749999999994,46.027499999999996,73.0,84.59625,54.865937499999994,73.04,50.0,50.0,69.94616666666667
2022-10-09,68.06,66.30916666666667,71.503125,50.0,72.7975,54.865937499999994,73.04,59.06166666666667,64.171,64.685
2022-10-10,50.0,59.83091666666667,58.486111111111114,51.8439,68.20725,61.41875,55.666666666666664,60.087500000000006,51.86349696969697,77.115
2022-10-11,63.26922222222222,68.05972222222222,60.83816666666667,42.02429166666667,62.988749999999996,63.05916666666667,59.03,43.405,50.648125,63.611666666666665
2022-10-12,69.07,61.959714285714284,67.11409615384616,52.70883333333334,57.46640625,71.67,67.0,62.32625,53.64468055555556,51.13833333333333
2022-10-13,37.80591666666667,51.659425000000006,55.38217777777778,54.84386666666666,42.846250000000005,56.77875,47.996875,50.0,51.9545,56.830000000000005
2022-10-14,60.20666666666666,53.064,56.59963333333333,53.913396774193544,59.665333333333336,60.214999999999996,50.0,75.4,56.998000000000005,63.76500000000001
2022-10-15,85.015,58.525625000000005,60.89249999999999,47.42,68.06,50.0,82.985,66.25,58.82666666666667,63.660000000000004
2022-10-16,68.06,78.63916666666665,76.54666666666668,50.0,80.11375000000001,50.0,68.06,66.25,61.83111111111111,63.660000000000004
2022-10-17,68.12958333333333,57.9191,52.39422619047619,62.321225000000005,61.93770833333333,43.806666666666665,36.195,67.53722222222223,49.33125,44.64
2022-10-18,62.4995,54.35652380952381,53.536249999999995,61.72516666666667,52.60075,55.938750000000006,54.590555555555554,50.84291666666667,54.856704761904766,73.32833333333333
2022-10-19,48.069962121212114,59.72225,63.8887,59.297325,51.46679411764706,51.48583333333333,51.53055555555556,57.212678571428576,48.055416666666666,53.93125
2022-10-20,59.41774853801169,61.72318333333333,56.547349999999994,60.1296875,50.57936666666667,70.15395833333334,58.702916666666674,62.599166666666676,63.420874999999995,61.90566666666667
2022-10-21,55.01611111111111,55.446666666666665,59.9786090225564,48.18308333333333,61.159299999999995,62.5775,70.0075,70.355,53.0278,60.7545
2022-10-22,68.06,63.48374999999999,54.58,55.920833333333334,60.582499999999996,83.33,50.0,78.24,55.92,60.7545
2022-10-23,85.235,74.10916666666667,68.06,34.69,50.0,83.33,64.08749999999999,89.225,55.92,60.7545
2022-10-24,57.09964285714286,59.2047,55.773583333333335,56.87861111111111,54.01899999999999,59.42739583333333,55.379999999999995,59.080625,49.938716666666664,62.30100000000001
2022-10-25,54.12983333333333,58.6202,57.713499999999996,57.41406249999999,57.76616666666666,53.44261160714285,53.613888888888894,61.8,58.283166666666666,63.40125
2022-10-26,51.2725,57.477583333333335,56.142125,58.88041666666667,63.67097222222222,51.59581250000001,50.0,58.478750000000005,73.76683333333334,59.54541666666666
2022-10-27,69.02136904761905,55.96395833333333,57.850204545454545,59.5628,58.3185422077922,72.96631944444445,59.70833333333333,51.642849999999996,49.24764705882353,58.130523809523815
2022-10-28,63.48303571428572,55.5756,62.23577644110275,49.692,62.08694444444445,61.148125,50.0,50.0,57.10390151515151,58.56472222222222
2022-10-29,85.92,65.5696875,50.0,56.02,68.06,59.03,50.0,28.925,73.86874999999999,72.02
2022-10-30,57.955,61.29375,68.69055555555555,67.7475,68.06,79.82000000000001,50.0,77.99499999999999,56.36333333333333,72.02
2022-10-31,67.76124999999999,60.03923611111111,56.17546495726495,64.83093749999999,69.825,62.541666666666664,80.62,53.80464285714286,53.811035714285715,71.883125
2022-11-01,57.08125,56.48023571428571,59.50614448051949,53.66104166666666,69.5415,74.55000000000001,43.508125,62.840312499999996,59.27547083333333,82.1075
2022-11-02,52.369791666666664,67.32041666666666,66.48967380952381,58.447916666666664,59.09916666666667,59.545,39.807500000000005,57.17894444444445,57.36998888888889,65.99125000000001
2022-11-03,53.5655,61.485797619047624,70.72658333333334,45.4684375,44.355875,54.08566666666667,49.641666666666666,60.73916666666667,55.59744791666667,65.46906249999999
2022-11-04,53.1353125,56.40952777777778,53.8855,61.89208333333334,64.25075,62.91375,49.641666666666666,36.34,57.572500000000005,70.39075
2022-11-05,68.06,62.06333333333334,68.71083333333333,80.05,72.24666666666667,62.91375,59.504999999999995,62.66499999999999,68.55972222222222,70.39075
2022-11-06,66.0575,64.13291666666667,36.435,75.53,61.307500000000005,68.06,59.504999999999995,71.6525,51.47833333333334,68.06
2022-11-07,49.041312500000004,58.5116875,56.03987500000001,50.1105,45.79866666666666,54.515,50.0,55.4084375,56.889,53.205333333333336
2022-11-08,57.44232142857143,55.1588,61.00921875,56.108888888888885,61.250933333333336,57.794374999999995,56.189375,73.30250000000001,60.10861190476191,59.486666666666665
2022-11-09,54.122499999999995,63.489270833333336,48.24604166666667,53.075,59.844500000000004,60.035,62.040000000000006,59.572500000000005,58.3215625,61.8675
2022-11-10,53.82900000000001,54.08981428571429,57.111333333333334,53.086,64.533,60.79194444444445,59.03,56.191250000000004,58.986148717948716,75.64625000000001
2022-11-11,55.418,64.22816666666667,59.06147142857143,57.424,70.18777777777778,69.78375,59.56249999999999,78.56666666666668,60.43128571428571,57.043
2022-11-12,70.5,52.864999999999995,62.822500000000005,50.0,71.79500000000002,69.78375,59.56249999999999,60.70416666666667,56.96729166666666,55.415000000000006
2022-11-13,61.68666666666667,72.19833333333334,61.577749999999995,54.553333333333335,68.58500000000001,51.29,59.56249999999999,60.70416666666667,59.55833333333334,57.96125
2022-11-14,69.86375,62.5896654040404,66.07728809523809,61.61716666666667,56.56825,63.959374999999994,58.51,50.0,51.918125,51.366
2022-11-15,47.643750000000004,56.141600000000004,68.22892857142857,61.695,60.46583333333333,50.39916666666666,70.175,90.10000000000001,59.073875,63.775000000000006
2022-11-16,59.61555555555555,56.886809523809525,65.65815,57.0245,60.477916666666665,58.66166666666667,70.175,67.01222222222222,51.68210833333333,61.079375
2022-11-17,49.36208333333333,73.44205000000001,60.177437499999996,61.36975,50.83333333333333,60.70041666666667,85.48,67.01222222222222,54.3868,61.079375
2022-11-18,50.0,52.78301785714285,56.08166666666666,62.34708333333333,63.02791666666667,54.166666666666664,68.78666666666666,66.46333333333332,62.99343749999999,54.622812499999995
2022-11-19,92.405,68.42041666666667,82.045,59.60583333333334,81.245,50.0,68.78666666666666,62.5,59.4275,59.03
2022-11-20,67.27,59.03,76.25999999999999,64.60249999999999,50.0,50.0,60.114999999999995,66.1725,85.56875,77.2025
2022-11-21,59.791666666666664,66.2632,53.583000000000006,54.5009375,68.11597222222223,59.15972222222222,55.835833333333326,66.84375,52.70875,60.59833333333333
2022-11-22,75.9325,57.91852307692308,50.94691666666667,61.444750000000006,61.601099999999995,62.14758333333334,50.0,29.415000000000003,54.28375,53.010000000000005
2022-11-23,50.322500000000005,70.9115357142857,65.01909523809523,54.66722222222222,64.07361607142857,50.0,66.43,66.49249999999999,61.00060416666666,69.8225
2022-11-24,78.70375,57.27766666666667,60.43000000000001,58.877500000000005,59.20104166666667,50.0,50.0,71.91,58.5,56.830000000000005
2022-11-25,72.785,65.63044270833333,58.34611111111111,58.805416666666666,71.28166666666667,50.0,50.0,67.0,40.538333333333334,82.43
2022-11-26,74.695,55.470937500000005,60.439166666666665,64.915,71.79124999999999,36.4725,50.0,67.0,62.401875000000004,82.43
2022-11-27,74.695,72.565,67.17916666666667,50.0,82.26722222222223,56.36833333333333,50.0,95.00500000000001,57.489374999999995,82.43
2022-11-28,61.51333333333333,57.609,49.96183894230769,53.90166666666667,65.75041666666667,71.37458333333333,75.53,63.1675,51.57222222222222,62.765
2022-11-29,68.84555555555556,60.26988636363636,52.663556818181824,73.3313888888889,62.88778333333334,66.53875000000001,53.010000000000005,63.1675,53.09355,63.905
2022-11-30,53.81333333333333,59.28337500000001,63.626642857142855,53.24722222222222,70.0552,59.53391666666666,65.16199999999999,63.77916666666666,58.67979166666667,60.64333333333334
2022-12-01,55.15233333333334,64.529,63.328166666666675,48.43175,58.900333333333336,64.33,57.567499999999995,63.25625,66.017925,62.32875
2022-12-02,66.2455,60.989299242424245,74.45875,59.823875,48.7155,53.01066666666666,50.644999999999996,63.44333333333333,56.61007738095238,78.98
2022-12-03,34.089999999999996,59.9187,49.03333333333333,68.95374999999999,61.129999999999995,83.7975,80.62,50.0,66.68499999999999,78.98
2022-12-04,34.089999999999996,65.20966666666666,76.73333333333335,68.95374999999999,50.0,83.7975,80.62,88.58500000000001,61.98722222222223,70.1975
2022-12-05,58.020333333333326,51.10528333333333,67.376625,61.75222222222222,58.62927083333334,46.47375,50.0,50.0,57.391666666666666,54.29083333333333
2022-12-06,59.5255,60.28758333333333,64.4907,43.35982323232324,57.853,40.27777777777778,59.20833333333333,62.722500000000004,53.33016666666667,57.34375000000001
2022-12-07,56.73625,59.91041666666666,55.90591666666667,44.36072222222222,48.801607142857144,61.47,59.20833333333333,73.205,63.034238095238095,68.07666666666667
2022-12-08,59.94833333333334,59.723349999999996,64.25069523809523,55.681000000000004,57.51566666666667,58.92881249999999,49.355,59.03,60.57311111111111,44.3425
2022-12-09,44.219750000000005,68.8805,54.144146825396824,50.300999999999995,67.77166666666666,66.46125,59.64625,81.15833333333333,61.9009375,54.812916666666666
2022-12-10,63.660000000000004,52.86083333333333,47.42,78.8675,65.31,68.06,59.64625,75.53,50.0,82.985
2022-12-11,81.845,61.371874999999996,64.58944444444444,75.53,56.8925,59.545,59.64625,75.53,50.0,80.62
2022-12-12,50.458333333333336,67.45410000000001,66.78,51.688611111111115,55.652280701754385,48.11,40.71,50.0,59.66551666666666,66.36166666666666
2022-12-13,39.49933333333333,59.30702976190476,57.488749999999996,57.445833333333326,61.14484226190476,67.15229166666667,65.41749999999999,60.0475,63.62039682539682,61.61375
2022-12-14,60.735277777777775,62.465052083333326,47.5755,46.97233333333333,65.92208333333333,67.435,59.20166666666666,59.85666666666667,58.740166666666674,50.0
2022-12-15,58.5581,62.57642857142858,53.20828888888889,64.56770833333334,61.125908333333335,63.412,54.515,56.94916666666667,47.96027380952381,71.47812499999999
2022-12-16,45.94325,60.9101,57.1295,41.896875,65.64841666666666,52.37083333333333,18.755,81.25,59.36777083333333,69.110625
2022-12-17,51.29,65.396,78.075,62.72666666666667,50.0,62.765,18.755,55.010000000000005,42.88125,69.110625
2022-12-18,62.614999999999995,54.608124999999994,44.16875,15.960000000000003,64.28333333333333,62.765,18.755,73.185,55.083125,75.53
2022-12-19,60.69774999999999,58.64396428571429,54.67999999999999,53.717000000000006,52.570499999999996,65.2296875,55.75666666666667,64.95625000000001,59.2675,63.62583333333334
2022-12-20,70.93416666666667,61.44332792207792,66.668375,64.68918181818182,66.74008333333333,61.026041666666664,62.560208333333335,52.519375000000004,63.532187500000006,68.68583333333333
2022-12-21,52.95944444444445,53.77149285714285,62.06979166666666,57.614732142857136,57.845083333333335,75.50101190476191,58.486666666666665,49.83444444444444,61.39237142857142,78.0325
2022-12-22,51.86555555555555,57.05708333333334,66.83326666666667,68.78999999999999,57.58541666666667,59.23916666666666,50.0,49.83444444444444,45.74814166666666,50.0
2022-12-23,65.41250000000001,63.12916666666667,57.16875,65.11975,43.177083333333336,54.731874999999995,50.0,49.83444444444444,55.848166666666664,78.42125
2022-12-24,65.41250000000001,54.785833333333336,63.80250000000001,37.6525,71.6525,69.08999999999999,50.0,77.64666666666666,55.848166666666664,62.3475
2022-12-25,65.41250000000001,70.00666666666667,68.06,81.845,80.62,80.62,50.0,77.64666666666666,48.1575,62.3475
2022-12-26,47.4325,71.71141666666668,63.036666666666676,73.83500000000001,65.31,62.040000000000006,50.0,50.0,55.71583333333333,71.47250000000001
2022-12-27,71.79583333333333,59.789375,62.9672380952381,60.15875,57.469833333333334,60.6260625,71.265,65.45416666666667,51.718833333333336,63.5575
2022-12-28,56.45558333333334,56.07062499999999,59.25531746031746,56.0075,59.5268,58.11722222222222,52.27666666666667,81.6925,58.717875,56.830000000000005
2022-12-29,51.58083333333333,59.86899999999999,52.92290178571428,53.8285,69.313625,60.01354166666667,63.6475,55.057500000000005,62.659,56.63249999999999
2022-12-30,61.06516666666667,59.85545238095238,59.084,56.3825,57.97566666666667,65.88083333333333,51.29,61.83875,54.197625,62.129999999999995
2022-12-31,43.6,58.425625000000004,59.084,50.0,91.155,72.94,51.29,61.83875,66.32369047619048,50.0
2023-01-01,50.431111111111115,53.37166666666666,50.0,50.0,91.155,72.94,51.29,75.53,63.9725,50.0
2023-01-02,54.12416666666666,68.75041666666667,65.69416666666666,65.20833333333333,70.404375,64.7675,50.0,36.34,63.33861904761905,50.0
2023-01-03,68.14333333333333,55.6819,65.25171428571429,54.951499999999996,67.495625,60.57979166666667,58.51,67.7,62.866666666666674,59.038333333333334
2023-01-04,55.75888888888889,61.59834285714286,64.59328333333335,61.34070833333334,59.9714375,58.05875,55.505,65.31,51.97535,63.370625000000004
2023-01-05,67.50283333333333,69.94278571428572,63.968761904761905,56.01683333333334,62.95425,60.750625,58.455999999999996,74.77166666666668,65.66775833333334,60.312083333333334
2023-01-06,62.08933333333333,63.65354166666667,62.31293333333333,54.57222222222222,56.968333333333334,55.779374999999995,53.010000000000005,67.0875,68.01613095238095,52.25
2023-01-07,72.94,63.65354166666667,77.67999999999999,54.515,80.62,59.03,53.010000000000005,70.9475,50.0,69.50375
2023-01-08,66.215,87.41749999999999,50.0,50.431666666666665,55.096666666666664,55.657500000000006,65.31,45.72416666666667,67.185,69.50375
2023-01-09,62.520624999999995,56.43304365079365,67.63909523809524,53.64281666666667,67.1659375,64.65291666666667,55.825,57.955,53.16586666666666,54.510625000000005
2023-01-10,74.62916666666666,58.22271428571428,50.14090476190476,56.38081845238096,51.56428571428572,62.488214285714285,60.614999999999995,56.45,63.23990476190476,43.75
2023-01-11,64.85875,57.267849999999996,55.89691666666666,58.74813541666667,59.71383333333333,56.375,58.92677083333333,68.23166666666667,55.22191666666667,59.08333333333333
2023-01-12,58.74475,58.76129999999999,53.64560267857142,56.019528571428566,58.62437499999999,60.65208333333333,61.690625,52.26625,53.60366666666667,54.962500000000006
2023-01-13,71.9775,61.65866666666666,68.388125,53.214791708291706,62.04083333333333,49.29058333333333,67.10983333333334,54.254999999999995,54.029,60.11
2023-01-14,71.9775,63.74444444444445,68.388125,68.30166666666668,75.53,49.29058333333333,68.06,54.254999999999995,69.75583333333333,88.25
2023-01-15,71.9775,77.305,70.28777777777778,62.515,55.58583333333333,62.765,60.114999999999995,57.60125000000001,68.97708333333334,80.15
2023-01-16,60.67083333333333,62.337864583333335,58.97660714285714,58.21516666666666,82.6252380952381,73.3275,60.114999999999995,88.58500000000001,64.58308333333333,52.82875
2023-01-17,62.200833333333335,62.06850000000001,56.005547619047626,59.54673878205128,62.480000000000004,69.01604166666667,66.68791666666667,62.040000000000006,63.563250000000004,72.94
2023-01-18,60.20666666666666,64.50766666666668,64.29930555555556,61.567253968253965,52.969375,47.3690625,59.658750000000005,62.01138888888889,65.27598571428571,71.22166666666666
2023-01-19,57.38819444444445,51.90060952380953,56.69562500000001,57.615091666666665,47.196041666666666,57.80437499999999,55.889583333333334,59.378750000000004,51.09,58.196000000000005
2023-01-20,52.02349206349206,54.69006666666667,64.79493303571428,57.530649999999994,54.822266666666664,49.736666666666665,58.33555555555555,59.41930555555556,56.09476103896104,53.47222222222222
2023-01-21,67.14333333333333,62.37291666666667,74.05125,60.04333333333334,48.74625,64.8,58.33555555555555,72.71833333333333,59.03,77.3175
2023-01-22,67.14333333333333,70.4325,69.30722222222222,40.06,69.015,69.05,60.114999999999995,59.03,67.23,77.3175
2023-01-23,61.406388888888884,70.11467261904762,60.901205357142864,55.100899999999996,65.48458333333333,69.29458333333334,61.48222222222223,52.294,61.710138888888885,56.42700000000001
2023-01-24,51.945750000000004,60.46905952380952,64.2667380952381,60.09375,58.02374999999999,55.46173324275362,54.67208333333333,69.11625000000001,59.782500000000006,66.01541666666667
2023-01-25,50.210787878787876,57.82945,65.2355,56.31954166666666,49.15575490196078,62.083333333333336,46.2072,65.04777777777778,58.652482142857146,69.37362499999999
2023-01-26,66.81560606060606,59.59576666666667,66.05974358974359,60.70868596491228,60.74666666666667,56.743946428571434,54.006946428571425,55.974999999999994,52.52748730158731,59.30708333333333
2023-01-27,58.30953333333333,57.425380952380955,59.61526428571429,59.2528125,61.417500000000004,62.48611111111111,72.8925,56.184999999999995,51.892096380471386,63.501666666666665
2023-01-28,58.30953333333333,55.694374999999994,57.785833333333336,64.2975,86.91375000000001,59.03,72.8925,57.4825,25.305,63.501666666666665
2023-01-29,74.1525,79.20666666666666,91.14083333333333,75.53,50.0,68.06,68.06,86.58250000000001,65.383,68.06
2023-01-30,51.967777777777776,52.66385714285714,56.58096428571429,63.042535714285705,60.75820833333333,56.55833333333333,72.40062499999999,86.58250000000001,57.79688214285714,58.4975
2023-01-31,53.469777777777786,57.647511904761906,58.3608282051282,56.360416666666666,54.29483333333334,61.552428104575164,49.47166666666667,59.974375,51.985079545454546,62.734375
2023-02-01,49.60124242424243,57.03791666666667,45.59971111111111,50.0,64.06958333333334,56.479375,50.0,68.55375000000001,49.37521666666667,48.967499999999994
2023-02-02,61.916733333333326,59.29478181818182,65.569,60.59458888888889,68.36743627450981,63.479375000000005,54.98499999999999,65.793125,63.93345833333333,61.50083333333334
2023-02-03,60.124500000000005,59.56693333333334,56.00625,51.75179464285714,50.28391666666666,63.764062499999994,51.747,69.78666666666668,52.255874999999996,70.943125
2023-02-04,60.124500000000005,59.56693333333334,61.01,28.925,65.494375,59.03,51.747,81.2325,75.08333333333333,23.665000000000003
2023-02-05,60.124500000000005,65.68208333333334,57.099999999999994,50.0,68.06,73.3275,59.53166666666667,71.03833333333334,68.63625,23.665000000000003
2023-02-06,50.027175,57.93805588235295,57.513619047619045,53.38245833333334,52.000666666666675,54.65083333333334,54.57010416666667,60.523950000000006,64.71100000000001,60.406333333333336
2023-02-07,60.08584999999999,60.848749999999995,52.18745714285714,65.79275,67.48683333333334,47.775625,46.698403846153845,57.29611111111112,59.801899999999996,61.4421875
2023-02-08,58.201875,59.41213333333334,56.8105,54.565,60.1142,68.81416666666667,50.678333333333335,57.655,56.056309523809524,65.28939393939393
2023-02-09,62.75833333333334,62.2637,56.993141666666666,48.3425,60.242312500000004,66.16055555555556,49.240625,64.78104166666667,64.77873333333332,61.959374999999994
2023-02-10,66.674375,61.14668333333333,61.57358333333334,52.838750000000005,61.29666666666667,53.010000000000005,55.505,74.41583333333334,52.21588293650794,51.29833333333333
2023-02-11,40.625,75.69833333333334,66.48,65.6225,59.03,65.31,68.06,87.485,64.64708333333333,81.845
2023-02-12,50.0,56.223124999999996,76.10843750000001,65.6225,50.0,65.31,80.62,79.35583333333334,62.34466666666667,91.58
2023-02-13,57.93874999999999,59.69713636363636,57.90666666666666,61.10958333333334,61.92283333333334,57.581250000000004,54.888333333333335,66.145,65.36705,59.92541666666666
2023-02-14,46.989999999999995,63.734569696969686,47.947,52.36096666666666,65.60275,57.943444444444445,53.77166666666666,61.026,65.22208333333333,63.6599
2023-02-15,69.01650000000001,56.82870833333333,56.04555555555556,42.5171875,55.909444444444446,62.28583333333333,59.54555555555555,67.78388888888888,51.3098,62.864999999999995
2023-02-16,58.407,52.8362,60.52717777777777,52.43266666666667,60.35428888888889,63.103229166666665,62.558125,57.48861111111111,64.4920012987013,64.76828125
2023-02-17,72.31583333333333,63.59214285714285,62.60276785714286,62.294850000000004,60.03313333333333,51.14291666666667,50.31250000000001,50.0,56.96454545454546,64.06583333333333
2023-02-18,80.73875000000001,54.15833333333333,82.27875,40.21,63.660000000000004,68.06,50.31250000000001,63.660000000000004,50.0,67.44333333333333
2023-02-19,62.040000000000006,56.065,59.40916666666667,58.51,52.906875,68.06,50.31250000000001,77.205,50.12614285714285,60.1075
2023-02-20,55.207499999999996,62.01648888888889,61.07666666666667,56.3825,64.32533333333333,73.700625,50.0,69.095,63.30616666666666,63.626666666666665
2023-02-21,61.58749999999999,59.216412878787885,46.27203333333333,50.598125,50.307500000000005,63.6290625,50.904666666666664,60.37770833333334,67.47647727272728,63.57517857142857
2023-02-22,61.316944444444445,59.247764069264065,56.25653333333334,55.397,60.8781,59.03,58.7275,56.7109375,57.2572,60.18833333333333
2023-02-23,54.72125,55.903000000000006,63.02821428571428,59.291083333333326,60.795,58.45333333333333,52.91604166666667,53.766000000000005,54.2144724713056,63.50899999999999
2023-02-24,48.18208333333334,52.338125000000005,52.54333333333333,55.824233333333325,58.965833333333336,52.25388888888889,61.03937499999999,53.386250000000004,52.894862499999995,60.23825000000001
2023-02-25,50.0,54.93900000000001,42.85125,51.707499999999996,56.02,50.0,76.595,88.7675,53.5295,91.58
2023-02-26,50.0,59.660000000000004,53.68266666666667,72.15,52.39,53.16833333333333,76.595,74.2925,79.855,66.49249999999999
2023-02-27,74.14083333333333,65.27314285714286,53.541291666666666,48.827999999999996,68.9177,62.75638888888889,62.013125,56.084999999999994,56.49391964285715,64.4865
2023-02-28,57.294999999999995,57.14191666666667,64.64342592592592,62.996111111111105,54.85944444444445,65.18844444444444,75.53,67.25750000000001,68.51612499999999,64.01625
2023-03-01,49.750125,60.58250555555556,55.735749999999996,55.35316666666667,53.29643333333334,53.49160714285715,63.77233333333333,59.76625,61.967420634920636,69.00333333333334
2023-03-02,67.02758333333334,64.09411147186147,66.57188888888889,56.5213,52.48033333333333,79.97916666666667,46.308749999999996,66.6511111111111,54.99794047619048,54.553333333333335
2023-03-03,49.74,49.35583333333333,58.07864583333333,51.69049999999999,71.3175,59.721041666666665,50.93,59.53874999999999,62.91311111111111,51.73166666666666
2023-03-04,50.0,59.98791666666666,58.5075,50.0,68.23194444444445,50.0,50.93,86.175,51.3945,79.92
2023-03-05,62.765,51.84583333333334,57.233333333333334,58.985,50.0,68.27166666666666,50.93,44.5175,66.88522222222221,57.342499999999994
2023-03-06,64.00333333333333,48.363,55.81680208333333,66.86766666666666,63.62854166666667,64.92291666666667,56.61125,53.400000000000006,57.37991666666667,58.368750000000006
2023-03-07,63.1075,61.56356666666667,56.58209047619047,63.49366666666667,62.961875,67.51458333333333,52.979375,60.19375,57.91563095238095,54.2945
2023-03-08,48.3325,62.57033333333333,57.571666666666665,50.981968253968255,54.59121666666667,61.08416666666666,58.12791666666667,68.330625,56.824149999999996,59.729375
2023-03-09,48.58416666666667,58.490833333333335,68.80414999999999,54.48051666666667,66.8764,53.14068181818181,51.73416666666667,61.787499999999994,60.301159090909096,58.785
2023-03-10,56.90133333333334,58.559000000000005,59.17308333333333,52.65936666666666,60.77020833333333,54.269017857142856,55.25,70.58533333333334,53.90359375,63.78895833333333
2023-03-11,50.0,59.62125,50.0,41.07666666666667,53.82750000000001,50.0,55.25,61.03833333333334,53.65111111111111,56.830000000000005
2023-03-12,56.400000000000006,68.140625,73.95458333333333,69.7975,53.82750000000001,86.1175,55.25,61.03833333333334,57.73166666666667,56.830000000000005
2023-03-13,58.265833333333326,50.86091666666667,57.26455238095238,45.016391666666664,60.73506666666667,58.6043125,57.492,51.888888888888886,53.645583333333335,77.26875
2023-03-14,50.0,51.270916666666665,60.22428571428572,63.147928571428565,54.7764,68.94520833333333,56.5453125,70.58566666666667,60.27463541666667,49.79777777777778
2023-03-15,61.785000000000004,56.317249999999994,58.18492857142857,48.64752222222222,52.009499999999996,50.906666666666666,59.10054545454545,70.115125,51.4226619047619,62.04260416666667
2023-03-16,59.016000000000005,54.965833333333336,50.438083333333324,46.87983333333333,56.314,76.83500000000001,54.355555555555554,70.3775,59.968960227272724,54.0045
2023-03-17,65.775,51.8435,55.859166666666674,49.59608095238096,55.748333333333335,59.134166666666665,53.17738095238095,62.07812500000001,57.0120375,65.35958333333333
2023-03-18,60.614999999999995,48.36055555555556,46.015,55.135,57.4925,50.0,77.7925,69.61666666666667,77.755,61.917500000000004
2023-03-19,72.02,70.57249999999999,72.65125,56.031666666666666,57.4925,64.1275,77.7925,52.2,69.96291666666666,50.0
2023-03-20,68.0075,53.071374999999996,68.89642261904763,57.072478571428576,56.538533333333326,57.990624999999994,57.51083333333333,56.02,57.841369047619054,59.41499999999999
2023-03-21,53.40636666666667,62.10819444444444,55.02841666666667,62.169666666666664,60.78308333333333,74.3725,61.3414375,64.71249999999999,56.233283333333326,55.720000000000006
2023-03-22,61.84138888888889,49.01929038461538,58.921216666666666,56.51914285714285,49.876,69.85916666666667,54.88791666666667,66.73833333333333,53.597357142857135,53.78166666666667
2023-03-23,65.61958333333334,54.65636666666667,59.49425,49.75775,63.64347222222222,62.3425,54.4296875,60.478750000000005,61.18758571428571,49.596875000000004
2023-03-24,65.9225,65.80628333333334,60.2239,45.21515151515151,54.606750000000005,55.25479166666667,50.0,64.985,53.67089285714286,67.5075
2023-03-25,58.0675,65.32233333333333,50.0,54.43,58.246249999999996,60.995,50.0,79.69166666666668,65.22749999999999,50.0
2023-03-26,58.0675,47.6275,71.68583333333333,79.50999999999999,50.0,61.20875,80.62,73.83500000000001,51.99722222222222,79.245
2023-03-27,61.16305555555556,63.464999999999996,53.600458333333336,54.05504285714285,61.91805,63.0225,48.975833333333334,60.20666666666666,59.84901515151515,71.92
2023-03-28,60.87145833333333,60.85292142857143,61.893166666666666,60.24216666666666,67.50416666666666,57.16749999999999,68.55125,57.4,56.849444444444444,71.34
2023-03-29,55.33291666666666,57.754266666666666,55.592949999999995,54.355516666666674,53.5755,55.86322916666666,65.44,71.17611111111111,59.99883333333334,55.70604166666667
2023-03-30,65.4875,60.50777564102564,54.891433333333325,66.00815476190476,59.40239583333333,69.88944444444445,64.71416666666667,66.49638888888889,63.5533380952381,64.33562500000001
2023-03-31,69.2071111111111,58.916875000000005,59.195299999999996,58.34436666666667,58.66020833333333,47.53777777777778,58.01416666666667,70.525,59.03018333333333,57.13055555555555
2023-04-01,50.0,64.299375,50.0,74.75,50.0,50.0,58.01416666666667,74.69250000000001,59.09979166666667,77.86999999999999
2023-04-02,70.5475,55.4925,74.695,52.90166666666667,68.42250000000001,86.75500000000001,36.8325,87.895,74.735125,77.86999999999999
2023-04-03,66.9205,62.15172619047619,51.604162499999994,56.16693333333333,55.96666666666666,61.16604166666667,50.0,61.22,59.82065656565656,56.94041666666667
2023-04-04,53.23615,61.86116666666667,68.3883761904762,48.82473888888889,64.14340277777778,57.55116071428572,57.81722222222222,63.136875,58.1073373015873,59.05604166666667
2023-04-05,56.66875,56.16025,56.38295887445888,49.17194047619048,55.33818333333333,54.53107142857143,64.2,64.33142857142857,56.073187499999996,59.78875
2023-04-06,62.19466666666666,57.60340000000001,60.44633928571428,59.23083333333333,60.84065,52.776250000000005,59.100624999999994,69.083125,66.38407692307693,71.98
2023-04-07,50.0,62.60066666666667,60.73291666666667,65.02125,63.067249999999994,62.695,59.03,63.246875,60.44663095238095,91.355
2023-04-08,55.657500000000006,48.07,50.0,59.545,50.0,50.0,59.03,50.0,53.010000000000005,69.125
2023-04-09,55.657500000000006,61.01,50.0,63.8725,90.68,50.0,50.0,66.24875,51.520833333333336,80.15
2023-04-10,53.803999999999995,62.53155,58.96667222222223,51.62551587301587,50.44140625,67.79125,63.76925,60.6325,64.83223214285714,56.894999999999996
2023-04-11,54.8359375,68.11175,59.434979166666665,53.28042857142857,57.4375,53.666666666666664,53.51535714285715,72.028125,53.5477,56.940000000000005
2023-04-12,56.30349999999999,57.2245119047619,54.98916666666667,56.42782857142857,53.13081666666667,59.002291666666665,59.03,67.2,61.697,65.47555555555556
2023-04-13,51.07971428571428,49.82925108225108,65.8975,55.267380952380954,42.52125,67.56833333333333,56.157500000000006,57.93000000000001,57.030255555555556,59.001125
2023-04-14,54.50166666666667,60.7633,63.030125000000005,57.813590909090905,58.32261666666667,62.9853125,63.00749999999999,59.14666666666667,63.09490952380953,58.45016666666667
2023-04-15,50.0,53.04388888888889,60.0475,59.765,65.31,70.095,63.00749999999999,59.14666666666667,57.24083333333333,58.45016666666667
2023-04-16,50.87666666666667,44.095,73.716875,56.77875,53.761250000000004,75.53,90.63,50.0,63.740624999999994,77.86999999999999
2023-04-17,56.78208333333333,53.15438636363636,47.4003,59.00703104575163,65.3033125,57.667812500000004,50.0,54.23166666666667,58.246750000000006,61.78135416666667
2023-04-18,54.191696428571426,54.891628571428576,53.94563838383838,58.62337619047619,56.031,54.313750000000006,59.48875,59.831500000000005,62.68454761904761,58.84303333333334
2023-04-19,56.530055555555556,57.82608333333334,61.73811111111112,63.49952927170869,59.644711111111114,58.75479166666666,53.32222222222222,60.5988125,55.29083333333333,68.75416666666668
2023-04-20,50.57913580246913,57.78500396825397,54.9535,56.18946428571429,61.505500000000005,54.06125000000001,55.95685,56.9503125,52.35430854700854,56.22293333333334
2023-04-21,61.641999999999996,60.40355833333333,64.87423772893773,54.38979166666667,60.6237,73.19716666666667,59.985,69.08916666666667,55.56551428571429,53.40222222222222
2023-04-22,53.250625,50.0,50.0,57.32375,58.753750000000004,50.0,59.985,75.53,72.1975,55.16
2023-04-23,58.894999999999996,72.94,50.0,69.08166666666666,81.845,78.595,60.114999999999995,94.78500000000001,70.29650000000001,55.80833333333334
2023-04-24,50.60177083333334,60.1022904040404,58.62737878787879,52.9246,59.102466666666665,59.562916666666666,50.0,47.10375,58.875166666666665,55.963125000000005
2023-04-25,48.67708333333333,57.96315,61.46178571428571,47.59638636363636,67.93080357142858,52.106510266049746,57.40461904761904,57.20066666666666,64.87840476190476,57.314428571428564
2023-04-26,55.23777777777777,60.99893506493507,59.51412499999999,66.22781111111111,55.6145,58.508984375000004,50.91187500000001,53.64402777777778,55.6751,69.97907738095238
2023-04-27,57.258900000000004,52.45292857142857,56.016216666666665,67.04875,57.081196428571424,60.24220238095238,53.32866666666667,56.747499999999995,55.837250000000004,60.12086666666667
2023-04-28,54.79707407407407,66.39363333333334,67.36790477807972,54.166511904761904,56.6927619047619,57.70427083333334,59.51,75.55000000000001,57.126694444444446,58.33033333333333
2023-04-29,50.0,64.35666666666665,59.473333333333336,59.99,52.22375,59.03,59.51,87.14999999999999,76.03500000000001,81.245
2023-04-30,30.015000000000004,66.555625,73.66,37.67375,59.391666666666666,69.74374999999999,59.51,81.845,62.19866666666667,68.06
2023-05-01,53.602916666666665,55.2355,57.74640934065934,46.50941666666667,63.93260000000001,69.00958333333334,58.5075,32.47,59.22541666666666,50.834
2023-05-02,57.71976666666667,53.929116666666665,55.933079365079365,52.64339999999999,50.67493333333333,60.50541666666667,62.21333333333333,59.682066666666664,56.981875,59.17583333333334
2023-05-03,55.00479166666666,59.084578125,52.22248958333333,54.02,49.4671875,57.68354166666667,37.3495,55.346666666666664,56.08739285714286,65.21333333333334
2023-05-04,55.605000000000004,50.62770833333333,61.27677380952381,56.69928571428572,58.631,73.10395833333332,50.090625,60.009583333333325,54.67843503718504,55.32733333333333
2023-05-05,73.62833333333333,54.66716666666667,59.311,73.91302083333333,66.018,39.746249999999996,50.0,60.440666666666665,54.52085714285714,63.707708333333336
2023-05-06,68.06,71.95,53.693472222222226,55.385,69.14333333333333,50.0,64.8,88.58500000000001,66.985,77.86999999999999
2023-05-07,68.06,67.15916666666666,55.913333333333334,71.79500000000002,60.114999999999995,50.0,68.06,68.06,61.355000000000004,77.86999999999999
2023-05-08,58.017583333333334,53.153055555555554,58.696666666666665,54.31341666666667,58.539791666666666,54.613125,68.96124999999999,55.848,58.46053809523809,70.56625
2023-05-09,55.1045,59.64091666666667,65.93466666666666,43.892611111111115,56.31916666666667,69.955,68.06,75.53,49.984983974358975,60.376845238095235
2023-05-10,55.41411111111111,50.79748205128205,63.399458333333335,53.531166666666664,56.701416666666674,57.477500000000006,60.114999999999995,65.45708333333333,55.527375,61.68666666666667
2023-05-11,70.37671428571429,58.89070833333333,70.38169047619047,48.684333333333335,64.25027777777778,59.22722222222222,59.722833333333334,55.676,53.78458806818182,67.7075
2023-05-12,61.189062500000006,55.05620681818182,54.84225000000001,52.10223809523809,55.459,54.620000000000005,57.4,88.5725,56.57541666666667,61.860312500000006
2023-05-13,50.0,54.918,58.161249999999995,62.3475,50.0,56.806250000000006,57.4,75.53,78.595,50.0
2023-05-14,68.06,51.815625,71.92625,22.13,50.0,82.2225,48.71,89.225,69.11749999999999,68.06
2023-05-15,53.250750000000004,60.78395833333333,55.909285714285716,47.147375000000004,55.88583333333334,61.63458333333334,56.7835,67.77,58.157492063492064,70.64
2023-05-16,54.71937500000001,53.026348484848484,54.167500000000004,53.2531619047619,50.83605882352942,56.05055555555556,57.58888888888889,64.6875,56.7312,64.47562500000001
2023-05-17,53.06166666666666,56.97524509803922,52.118722222222225,54.474500000000006,45.97675,57.229375000000005,68.3775,72.03,59.41975909090908,56.355500000000006
2023-05-18,52.549458333333334,68.17659943181818,53.68985416666666,55.3221,56.444083333333325,59.79847222222222,53.244375,55.67197916666666,56.765763888888884,58.778333333333336
2023-05-19,68.07508333333332,55.323179914529916,57.151833333333336,55.15577380952381,54.48595,59.870000000000005,62.040000000000006,50.0,64.79841176470589,68.16499999999999
2023-05-20,43.63666666666667,45.2275,60.31999999999999,80.62,60.98625,60.995,62.040000000000006,74.35000000000001,64.79841176470589,71.005
2023-05-21,53.346875000000004,50.0,77.2225,66.602,60.98625,69.58416666666668,77.60000000000001,71.79500000000002,69.86928571428571,71.005
2023-05-22,58.385555555555555,55.67149545454545,63.69408333333333,54.6673,56.05466666666666,58.456875,55.457166666666666,55.637499999999996,46.897154761904766,55.65533333333333
2023-05-23,54.233125,49.35171428571429,50.202437499999995,59.691,58.62270833333334,60.5375,57.29866666666666,58.135000000000005,65.93480000000001,50.0
2023-05-24,59.33958333333334,52.651022222222224,49.67866071428572,52.83593333333333,51.11266666666666,53.66980158730159,50.815,64.485,53.40991666666667,58.64
2023-05-25,68.163,59.8759375,54.59583888888889,55.53991666666667,58.125499999999995,60.64375,54.160799999999995,60.572500000000005,65.24669715007215,52.46666666666666
2023-05-26,71.03158333333333,56.2289375,63.63333333333333,54.11041666666667,56.05825,61.067499999999995,50.24111111111112,59.03,58.33097619047619,64.26166666666666
2023-05-27,50.0,65.357,54.553333333333335,69.2925,50.0,53.574374999999996,50.24111111111112,50.0,65.99416666666667,50.0
2023-05-28,50.0,56.05916666666667,63.660000000000004,68.06,86.75500000000001,35.199999999999996,48.71,50.0,62.511874999999996,80.9075
2023-05-29,58.5,59.825625,57.405499999999996,57.83083333333333,68.5990625,50.0,68.9675,61.94333333333333,60.080958333333335,60.95333333333334
2023-05-30,47.613749999999996,57.2735,65.49317857142857,51.666000000000004,63.40458333333333,58.84,62.38333333333333,61.4875,56.541226814988285,53.832499999999996
2023-05-31,57.55312500000001,56.89229761904762,61.8925,53.97354285714285,56.03066666666666,58.17416666666667,57.735,61.53999999999999,56.05200932103611,71.04833333333333
2023-06-01,60.24454166666666,62.8662619047619,60.58266666666666,51.87866233766234,47.653261904761905,58.72725,49.38465,61.28208333333334,65.06873026315789,56.84766666666666
2023-06-02,48.51745192307692,53.77195833333334,50.13670454545455,47.106625,61.144285714285715,62.500625,62.77339285714285,62.0625,55.88825714285714,65.34833333333333
2023-06-03,58.5,52.452083333333334,52.52875,50.0,61.695,50.0,62.77339285714285,87.14999999999999,56.499857954545455,65.34833333333333
2023-06-04,56.20916666666667,54.045,76.79666666666667,51.806,49.35666666666666,42.045,62.77339285714285,75.53,55.97157142857143,77.86999999999999
2023-06-05,56.041666666666664,53.75365714285715,53.617250000000006,53.6664,56.5345,53.91283333333333,59.73888888888889,55.835833333333326,55.94620833333334,59.49466666666666
2023-06-06,62.673625,56.84825,51.60982222222222,68.49176666666666,64.43254761904763,68.23666666666666,60.12,64.63666666666667,52.92863809523809,59.49466666666666
2023-06-07,63.76141666666667,58.346,57.560625,62.9337,63.32091666666666,65.9725,62.127500000000005,88.915,60.556861403508776,73.18583333333333
2023-06-08,47.64347222222222,61.22976111111112,53.20690476190476,54.24308333333333,67.8304,51.55354166666667,53.40416666666666,53.83508333333333,58.845750965250964,67.26225
2023-06-09,67.09270833333333,55.415040476190484,52.84026190476191,51.09467045454545,56.032266666666665,50.712777777777774,49.355,64.20666666666666,58.44138859649123,66.115
2023-06-10,50.0,55.99166666666666,50.0,56.356249999999996,58.246249999999996,50.712777777777774,68.06,64.20666666666666,55.279333333333334,66.115
2023-06-11,65.19416666666666,52.234,54.29229166666667,59.25833333333333,71.69250000000001,50.0,55.135,64.20666666666666,51.21233333333334,66.115
2023-06-12,54.515,59.93683333333334,60.38044444444445,57.261266666666664,60.00833333333333,62.60604166666667,58.5,56.6275,61.586285714285715,51.98708333333333
2023-06-13,58.025000000000006,58.433749999999996,54.64833333333333,62.98710606060606,58.62791666666667,56.79,64.31375,53.010000000000005,59.41354481792717,48.41583333333334
2023-06-14,71.03125,54.09613888888889,56.27683333333333,55.171866666666666,62.989444444444445,62.13525,70.595,67.2175,59.68453376623377,71.54166666666666
2023-06-15,57.19,57.713253968253966,54.3388,62.85816666666667,46.58611111111111,59.78083333333333,54.8105,64.010625,60.77997879136991,50.92666666666666
2023-06-16,63.464333333333336,54.341499999999996,59.452000000000005,56.80019047619047,53.599,63.441696428571426,61.78,49.23916666666667,59.79563194444445,71.40166666666666
2023-06-17,50.0,55.303333333333335,59.03,50.322500000000005,50.0,40.97,61.78,80.62,55.73833333333334,48.71
2023-06-18,50.0,52.837500000000006,53.010000000000005,53.7625,61.148,45.715833333333336,61.78,68.06,63.071999999999996,80.62
2023-06-19,50.0,62.919250000000005,65.41802083333333,62.141999999999996,61.73500000000001,53.101041666666674,61.78,50.0,64.81334821428571,80.62
2023-06-20,60.735166666666665,57.06379166666666,53.44,60.79,50.04975,62.55912202380952,53.55,59.03,57.74982651515151,48.875
2023-06-21,63.02166666666666,58.71546666666667,57.66595454545455,59.612291666666664,59.40306666666667,47.04230208333333,60.660625,50.0,55.85814401709401,62.22277777777778
2023-06-22,62.63799999999999,54.74738095238095,53.85386616161616,56.66565476190476,60.76815,51.835,53.77916666666667,57.271499999999996,58.98663492063492,65.0775
2023-06-23,53.96125000000001,51.536095238095236,55.8495,49.2712380952381,64.02416666666666,55.18087499999999,52.38291666666667,59.258833333333335,61.54898412698413,62.842083333333335
2023-06-24,59.80624999999999,45.06666666666666,18.755,73.715,54.8825,55.18087499999999,52.38291666666667,59.258833333333335,78.43416666666667,62.842083333333335
2023-06-25,59.681000000000004,59.34,50.0,51.874062499999994,65.31,50.0,52.38291666666667,59.258833333333335,59.25208333333334,75.860625
2023-06-26,57.09587499999999,62.80632142857143,59.33235,55.95996666666667,57.59483333333333,71.05611111111111,57.655,61.303125,59.96805714285715,71.62666666666667
2023-06-27,63.181200000000004,58.23542222222222,52.88188888888888,63.906416666666665,57.83114583333333,54.8725,56.086000000000006,70.7821875,57.910515315315315,54.84
2023-06-28,55.84322916666666,60.53885,60.0275,43.53422121212122,57.02700000000001,64.92583333333334,62.830625000000005,68.53200000000001,52.12466774891775,60.57333333333334
2023-06-29,57.04083333333333,50.50320000000001,52.666250000000005,60.872816666666665,68.886875,52.979375,51.75366666666667,72.645625,57.91911964285714,58.950625
2023-06-30,53.184444444444445,57.73586391625616,52.6186,56.48646428571429,50.74037500000001,68.966875,40.71,59.2975,58.031610416666666,62.93299999999999
2023-07-01,60.822500000000005,65.19166666666666,50.0,54.80666666666667,50.0,50.0,50.0,73.6775,66.2425,60.114999999999995
2023-07-02,62.040000000000006,52.2575,66.93666666666667,51.93,57.573750000000004,46.14,68.06,80.62,59.762499999999996,85.75999999999999
2023-07-03,58.54222222222223,54.62436666666667,64.32128571428571,63.81726984126984,58.34925,64.18177083333335,55.843333333333334,67.19375000000001,72.65007894736843,48.93333333333334
2023-07-04,48.5625,54.2165,61.26833333333334,57.97366666666667,55.2725,65.81916666666666,75.53,67.19375000000001,57.81937500000001,68.06
2023-07-05,68.03854166666667,56.54645000000001,51.23740740740741,59.795292857142854,69.91158333333334,68.9934375,65.3975,69.19722222222222,62.0926253968254,66.72875
2023-07-06,59.9125,58.37023809523809,60.67632142857142,51.26076785714285,68.41930555555555,55.417,54.82875000000001,58.50066666666667,51.249338383838385,66.51546666666667
2023-07-07,63.73466666666667,58.524166666666666,51.442047619047614,51.294399999999996,57.95675,46.81475,63.988666666666674,59.963750000000005,55.135124999999995,68.45777777777778
2023-07-08,58.246249999999996,50.0,50.0,62.25166666666666,54.515,46.81475,63.988666666666674,68.06,58.703571428571436,68.06
2023-07-09,50.0,54.553333333333335,40.655,35.659555555555556,62.122083333333336,62.06375,63.988666666666674,82.4925,58.57866666666667,81.845
2023-07-10,56.50375,59.3982,62.06316666666667,55.58033333333333,59.14820833333333,54.09374999999999,66.405,65.31,61.255319444444446,68.918125
2023-07-11,54.95975,59.374916666666664,52.63340476190477,59.83336153846154,48.1205,66.33262500000001,54.0875,50.515,59.824391941391944,63.337583333333335
2023-07-12,59.66718333333333,61.31301136363636,55.97588333333333,53.654599999999995,65.22508333333333,51.66916666666667,55.4315,67.625,59.15299761904762,54.553333333333335
2023-07-13,56.220416666666665,62.49240714285714,60.99171428571428,52.589152777777784,56.397166666666664,55.920625,50.0,60.520208333333336,58.336041666666674,55.798333333333325
2023-07-14,56.429754901960784,64.48242727272728,61.381699999999995,53.044177777777776,56.94213333333333,61.23566666666667,50.0,53.72125,58.889172527472525,59.66083333333333
2023-07-15,51.12416666666667,47.236875,82.93833333333333,57.838750000000005,56.94213333333333,50.0,50.0,73.83500000000001,55.699333333333335,61.917500000000004
2023-07-16,53.86,55.835833333333326,54.376875000000005,67.00027777777778,60.17125,50.0,50.0,70.46222222222222,55.18266666666667,77.86999999999999
2023-07-17,53.35943333333333,58.85570714285714,56.48314583333334,54.15778921568628,52.73866666666667,53.942083333333336,45.058749999999996,60.996874999999996,59.804848484848485,50.0
2023-07-18,61.43401666666667,51.250547619047616,52.728033333333336,60.22354166666667,57.78925,60.68395833333333,45.855000000000004,59.767875000000004,64.73209492753624,68.33200000000001
2023-07-19,62.93034722222222,63.350366666666666,53.126,60.436263230023194,53.01983333333333,65.57361607142857,47.7425,68.430375,63.44104166666666,49.285000000000004
2023-07-20,51.705375,57.987728571428576,59.99433333333334,63.415415151515155,53.178723684210524,45.263333333333335,54.24986111111111,54.03406666666667,56.24716287625417,70.67944444444444
2023-07-21,58.114,52.48410952380952,51.15564166666666,58.31985833333333,53.02478787878788,53.3453125,50.3135,61.595,55.372061616161616,62.0146875
2023-07-22,55.057500000000005,69.19000000000001,51.15564166666666,61.787499999999994,68.06,66.19500000000001,50.3135,61.595,77.585,69.61874999999999
2023-07-23,50.0,46.22375,59.363125000000004,59.762499999999996,50.0,44.9425,60.114999999999995,61.595,55.334833333333336,68.06
2023-07-24,54.66875064935065,56.23626904761905,61.783026388888885,52.7571,58.77908333333334,71.1365,56.884666666666675,70.23116666666667,59.774881944444445,55.38916666666667
2023-07-25,50.84856666666666,58.21237142857143,58.432941176470585,57.422922222222226,53.447449999999996,57.41907180059523,57.95179653679654,60.994499999999995,55.01719047619048,58.416133333333335
2023-07-26,63.99518749999999,60.648707017543856,55.1352,55.981899999999996,50.0451,48.74676609848485,50.302749999999996,56.34133333333333,58.27328131313131,78.9025
2023-07-27,59.84286111111111,62.132083333333334,57.67166666666667,64.60647619047619,64.34636607142858,64.8665,51.2559375,58.666666666666664,59.25405,53.33692857142858
2023-07-28,66.72958333333334,59.090312499999996,67.50206149193548,58.089955357142856,52.844666666666676,51.839955357142856,63.660000000000004,72.89333333333333,67.99439555555556,62.67375
2023-07-29,59.70805555555556,48.28,67.50206149193548,53.125,66.7425,50.0,63.660000000000004,73.705,61.49249999999999,90.10000000000001
2023-07-30,68.64166666666667,62.83650000000001,55.312000000000005,53.010000000000005,59.00333333333333,63.89,63.660000000000004,63.391666666666666,57.784190476190474,72.02
2023-07-31,59.05552083333333,60.95848181818182,69.32502435897436,49.764944444444446,61.15735714285714,56.20173611111111,63.660000000000004,50.0,63.32599542920847,69.74166666666667
2023-08-01,70.19882857142858,58.55121666666666,61.4633,54.33625,71.82970486111111,59.21004629629629,68.185,63.82866666666666,62.60479411764705,59.8225
2023-08-02,60.97525,54.7487619047619,55.07825,53.056749999999994,62.101517857142866,60.22191228070175,51.999204545454546,65.02691666666666,50.573654169554175,50.788500000000006
2023-08-03,53.62673809523809,56.831766666666674,54.68338571428571,55.05266666666666,62.786372222222234,60.78516666666667,48.6,53.30933333333333,55.627227260287604,56.020916666666665
2023-08-04,57.79091666666667,57.274190476190476,56.04479166666667,53.68466666666667,58.916333333333334,68.23741071428572,48.6,50.19975,59.631008333333334,47.510733333333334
2023-08-05,66.81666666666666,59.53791666666667,50.26166666666667,50.0,70.315,50.0,48.6,50.0,62.503750000000004,66.19500000000001
2023-08-06,75.53,53.43541666666667,71.23333333333333,58.014374999999994,75.53,53.15875,48.6,69.56750000000001,53.54591666666667,70.095
2023-08-07,59.15525,56.87553333333333,57.857749999999996,41.8172,60.3053125,49.699,80.62,52.690000000000005,51.04612631578947,67.692
2023-08-08,66.14505952380952,61.08417857142857,69.94583333333333,43.15888333333333,69.78829166666667,60.71796875,51.29,56.02,58.296821428571434,56.57444444444444
2023-08-09,53.64458333333333,56.707830769230775,49.976333333333336,53.62410833333333,71.03116666666666,58.18011111111111,61.155,63.627,58.16620999999999,68.7075
2023-08-10,51.110625,59.307828571428566,60.75775,60.411633333333334,66.87950000000001,54.013333333333335,55.814,76.358,50.885685714285714,56.44225
2023-08-11,60.782604166666665,58.9395641025641,58.16824285714286,59.715833333333336,54.839150000000004,55.646562499999995,68.515,78.4325,57.88114814814816,60.179166666666674
2023-08-12,68.06,53.18875,58.16824285714286,50.0,74.695,55.646562499999995,68.515,78.12666666666667,56.879999999999995,86.1
2023-08-13,74.095,53.880125,49.68138888888889,52.607499999999995,50.0,55.646562499999995,88.58500000000001,73.6775,61.918285714285716,86.1
2023-08-14,55.091875,58.93416811594203,65.9659761904762,57.97713888888889,71.5228125,61.1225,61.0475,56.830000000000005,62.7683658456486,56.830000000000005
2023-08-15,59.77729166666666,56.9021654040404,52.55483333333333,47.194273809523814,50.95966666666667,59.775875,52.228249999999996,71.3775,61.76036428571429,53.85055555555556
2023-08-16,62.12800000000001,65.18364060150375,60.82052083333333,55.12233333333333,48.494375,64.5896875,52.228249999999996,68.15625,58.53236111111111,64.06
2023-08-17,57.68225,54.48181785714286,60.295679761904765,52.86745833333333,52.020500000000006,60.54738095238095,56.86475,69.37091666666666,60.30335653235653,66.62583333333333
2023-08-18,55.025625,52.32369166666667,58.46675714285714,62.62988333333334,59.021875,48.22875,57.782500000000006,62.20916666666667,62.277249999999995,59.702083333333334
2023-08-19,57.265,60.827,44.14666666666667,57.85111111111111,56.02,59.03,57.782500000000006,71.10499999999999,58.278666666666666,68.06
2023-08-20,68.5475,59.71491666666666,63.410999999999994,71.2878125,50.0,55.057500000000005,31.94,74.34,51.239999999999995,68.06
2023-08-21,52.740750000000006,61.07073333333334,73.28455357142857,50.92393181818182,62.34003333333333,63.95708333333333,49.984,57.4,56.7114355742297,44.959833333333336
2023-08-22,51.939,58.64880952380952,50.9615,55.5785,50.221875000000004,66.66208333333333,50.94291666666667,76.12833333333333,53.66151119854722,57.655
2023-08-23,60.962083333333325,61.95389583333333,64.39049603174603,59.42046388888889,59.65468571428572,57.688874999999996,59.03,65.31,63.03761451569264,57.77808333333333
2023-08-24,57.06480555555555,56.121996503496504,54.72213333333333,53.491166666666665,59.467999999999996,59.10875,57.03,56.957499999999996,60.42082548216419,55.32677083333334
2023-08-25,52.83458333333333,57.21533333333333,55.90765625,53.4662,58.1066,52.896687500000006,66.22944444444444,69.98791666666666,54.92848510638297,72.22222222222221
2023-08-26,50.0,50.0,50.0,59.477222222222224,54.752500000000005,43.64083333333333,66.22944444444444,74.05999999999999,66.135,59.03
2023-08-27,67.27499999999999,70.63333333333334,76.515,56.46333333333333,74.34,26.165,66.22944444444444,58.2175,71.46736111111112,50.0
2023-08-28,62.95819444444445,59.485035714285715,61.99616883116883,58.76705,55.83366987179487,52.407777777777774,67.71666666666667,65.16,62.832669318181814,53.467666666666666
2023-08-29,63.51322916666666,62.29989583333333,49.648295454545455,48.70666666666666,56.41975,58.0477380952381,50.0,73.07458333333334,62.21694047619047,66.5821875
2023-08-30,59.10155555555555,58.79401666666667,65.55825396825396,52.53703571428572,56.1178125,53.18875,67.02388888888889,58.919999999999995,57.32676705276706,63.429583333333326
2023-08-31,59.37466666666666,70.04149047619049,55.531875,55.853476190476194,59.16197916666667,59.728825757575756,61.2425,68.12375,58.93148281853282,61.33975
2023-09-01,58.4359375,65.73119230769231,68.0075,56.980374999999995,56.9517,65.52947916666668,78.025,65.7116,62.81318472906404,65.48375
2023-09-02,58.4359375,54.245,68.0075,56.980374999999995,62.834999999999994,64.685,78.025,64.33250000000001,66.98039999999999,65.48375
2023-09-03,88.58500000000001,66.04638888888888,47.42,52.46666666666666,72.88,72.88,50.0,64.33250000000001,67.22916666666667,80.62
2023-09-04,83.504,60.33020833333333,51.00125,57.352000000000004,78.12166666666667,70.33083333333333,56.3825,35.01499999999999,68.79035714285715,51.29
2023-09-05,55.974999999999994,58.255,51.76051666666667,57.03458333333333,44.54383333333333,57.997125000000004,57.14875000000001,69.979875,62.74242592592593,73.7
2023-09-06,59.799,54.697571428571436,63.834738095238095,70.51072916666666,63.24266666666667,57.767916666666665,56.348,76.29166666666667,57.00767692307692,63.968545454545456
2023-09-07,58.87100000000001,57.409553571428575,61.68159375,66.09930952380952,41.553000000000004,66.67166666666667,61.67916666666666,51.13333333333333,57.78514128959276,68.77250000000001
2023-09-08,62.09486666666667,64.22595833333334,58.80333333333333,57.707619047619055,65.91199999999999,54.58972222222223,57.553333333333335,56.847500000000004,54.7294052059052,63.88283333333333
2023-09-09,82.29583333333333,60.92937499999999,65.11625,59.03,79.3675,50.0,57.553333333333335,84.53999999999999,56.23708333333334,79.78333333333335
2023-09-10,68.3525,74.205,68.23,60.69958333333334,33.23166666666667,50.0,57.553333333333335,84.08277777777778,65.34585833333333,35.199999999999996
2023-09-11,64.54733333333334,54.78909523809524,55.57808333333334,61.4252987012987,64.26325,58.1436875,58.038000000000004,60.860625,66.0581422955189,72.75375
2023-09-12,61.55625,59.45749107142857,51.027100000000004,60.699491666666674,54.95175,59.341166666666666,52.511874999999996,43.47833333333334,55.461565,45.056666666666665
2023-09-13,57.54379464285715,57.63557765151515,57.49458333333334,55.63041666666667,61.3,54.55139285714286,54.25,63.221250000000005,68.79474404761905,60.55200000000001
2023-09-14,62.18234126984127,52.48407142857143,57.885866666666665,63.55785416666666,58.45341666666667,57.209062499999995,49.28875,55.97770833333333,62.63806018518518,68.2815
2023-09-15,51.546875,68.04348333333333,49.212272727272726,50.12542857142858,51.99550000000001,61.55354166666667,46.8834375,72.44850000000001,51.76968444055944,73.86555555555555
2023-09-16,84.53999999999999,72.46083333333333,41.38222222222222,68.54166666666667,51.99550000000001,68.06,46.8834375,81.245,72.63458333333334,73.86555555555555
2023-09-17,57.4,51.757083333333334,63.301249999999996,48.98625,68.06,56.505,46.8834375,70.3675,63.71423611111111,65.95500000000001
2023-09-18,56.13020833333333,54.50375714285715,57.212641880341884,60.170967261904764,55.04558333333334,63.86668154761905,55.61625,55.59,58.03649047619047,78.4675
2023-09-19,60.0,54.35682638888889,51.37457857142857,47.097053571428575,55.47,58.73431547619048,50.0,72.75875,54.468125,72.28999999999999
2023-09-20,69.47333333333333,48.336016666666666,52.97881493506493,57.6771,47.727799999999995,54.05138888888889,51.68583333333333,79.035625,53.37594801587302,58.66458333333333
2023-09-21,54.53066666666667,56.886428571428574,62.272172619047616,55.349199999999996,59.911,64.39300297619049,59.0375,65.14385416666666,60.363739583333334,50.92266666666666
2023-09-22,59.455124999999995,66.78691111111111,62.8967,56.889599999999994,48.96734375,64.56541666666666,56.3825,61.07,55.265678571428566,53.231249999999996
2023-09-23,74.34,64.25425,53.739375,62.498333333333335,50.0,64.56541666666666,56.3825,65.90750000000001,60.39908333333334,53.231249999999996
2023-09-24,56.09125,65.5153125,68.4875,50.0,88.58500000000001,62.80583333333334,56.3825,65.90750000000001,60.3134375,59.99375
2023-09-25,49.56375,50.63433333333334,62.16028846153846,47.405791666666666,58.47229166666666,58.33479166666666,55.428958333333334,56.0815,53.305572463768115,64.17
2023-09-26,59.17866666666667,60.4845,61.66183333333334,58.03579004329005,62.03970238095238,67.61614583333333,56.830000000000005,66.00166666666667,53.56671428571429,58.60125000000001
2023-09-27,55.303333333333335,54.48230000000001,59.5564,48.57660714285714,53.880833333333335,63.280833333333334,55.78366666666666,62.711000000000006,53.95942307692307,59.51030000000001
2023-09-28,58.30541071428571,64.54987133699633,60.80383333333334,54.876642857142855,59.274,60.0625,60.768125,79.27625,56.21823571428571,56.500972222222224
2023-09-29,75.19645833333333,62.90973003663003,63.366,60.44258333333333,62.8985,62.47125,50.0,76.995,54.18834523809524,75.4093
2023-09-30,66.215,73.90299999999999,63.660000000000004,62.41166666666666,64.965,70.44,50.0,76.995,75.01783333333333,75.4093
2023-10-01,66.215,72.41166666666666,78.03,64.5625,71.275,70.44,64.8,71.035,60.158750000000005,76.49625
2023-10-02,65.15775000000001,52.29430128205128,60.36953333333334,59.755541666666666,55.52695238095238,61.621809523809524,57.962500000000006,69.71666666666667,62.16171031746032,63.25958333333334
2023-10-03,54.842499999999994,74.2715,68.5972,61.60537847222223,66.850625,59.317933333333336,64.64571428571429,64.04666666666668,63.48739743589744,67.30225
2023-10-04,64.54678571428572,56.73224444444445,63.35601666666666,56.197380952380946,67.14854166666666,55.34927083333333,58.788333333333334,59.755625,55.41327846153846,59.33533333333333
2023-10-05,58.34916666666666,65.93370833333334,64.33339102564103,56.01598571428571,52.246,57.19658333333333,59.454791666666665,61.84499999999999,65.22109829059829,59.492333333333335
2023-10-06,60.54479166666666,58.84987121212121,56.20072222222222,60.07841666666667,62.88633333333333,50.36229166666667,70.18375,65.065625,55.62565934065934,59.58862499999999
2023-10-07,60.54479166666666,60.626999999999995,77.06625,73.04,68.06,50.0,70.18375,39.800000000000004,71.23,34.089999999999996
2023-10-08,71.36958333333332,67.82145833333333,52.85916666666667,59.03,68.06,42.2925,76.335,39.800000000000004,62.74708333333333,57.58624999999999
2023-10-09,64.56883333333333,48.15495,41.59904166666667,61.40066666666667,77.43354166666667,49.1645,39.4625,69.53666666666666,54.71174403481823,44.9775
2023-10-10,64.218125,60.82090714285714,57.35386666666666,54.55001488095238,55.726866666666666,56.46446031746032,54.515,60.09625,56.53260740740741,67.60366666666667
2023-10-11,67.964375,54.818975,55.83004830917875,50.92961428571429,55.984092857142855,59.90676666666667,60.138888888888886,59.03,60.533846464646466,53.60333333333334
2023-10-12,50.81666666666666,57.182904761904766,67.1218,54.47022474747475,61.32035714285714,59.13328125,61.471875,69.36800000000001,57.147870833333336,54.8053125
2023-10-13,62.95125,63.857797619047616,48.67345833333333,51.352830952380955,58.96458333333333,55.425336538461536,63.67472222222222,67.74,60.29669761904762,75.47433333333333
2023-10-14,50.0,64.0775,48.67345833333333,68.415,88.25,47.42,63.67472222222222,50.0,52.2475,81.4425
2023-10-15,46.59166666666666,66.89925,55.708749999999995,53.906666666666666,63.70333333333333,75.53,63.67472222222222,80.62,63.268750000000004,56.400000000000006
2023-10-16,68.262,56.44304999999999,62.06583333333333,57.39756818181818,58.08,53.616066666666676,63.81041666666667,65.578,58.69735079365079,57.649375000000006
2023-10-17,53.88666666666667,56.33588888888889,61.687642857142855,61.875458730158726,61.34966666666667,49.202777777777776,63.40541666666667,54.731562499999995,55.15638333333334,60.545833333333334
2023-10-18,56.92694444444445,63.76159848484848,48.06074487179487,51.99346956168831,54.875113636363636,52.63851785714285,48.32683333333333,61.23553571428572,53.93765726495726,61.009375
2023-10-19,63.99511574074074,62.82940079365079,61.6685,61.1056,62.856457142857145,58.05502976190476,59.489000000000004,55.583749999999995,61.81230128205129,64.64666666666666
2023-10-20,56.100151515151516,58.29291666666667,55.74197786131997,56.241600000000005,56.313607142857144,54.003883333333334,43.47125,63.666500000000006,55.931731159420295,54.675
2023-10-21,50.0,62.971,66.47625000000001,64.03750000000001,89.225,62.765,75.53,63.075,70.095,49.57
2023-10-22,70.095,66.46444444444445,57.85444444444444,50.0,53.9825,85.48,68.2375,63.075,52.11866666666667,49.57
2023-10-23,52.735,59.06001428571428,49.655352941176474,54.97395833333334,52.15989285714285,53.09694871794872,54.10391666666666,76.13888888888889,61.13292328042328,44.696666666666665
2023-10-24,59.00825396825397,58.0256125,61.60169285714285,61.09783333333333,60.9187,68.78285833333334,62.1904761904762,68.6465,60.00129690679691,56.466249999999995
2023-10-25,60.7203054945055,52.13316666666666,65.27625,64.59852272727274,55.76592857142857,60.73028333333333,57.655,63.5801388888889,58.04667222222222,55.29303571428571
2023-10-26,59.24155448717949,60.25451666666667,58.31686996336997,60.492999999999995,61.863733333333336,58.53973174603174,57.184999999999995,66.1590625,57.486094117647056,71.20568571428572
2023-10-27,55.397777777777776,67.08814285714286,56.94125,54.943125,58.38741363636364,48.5576,50.64333333333333,64.71124999999999,62.1172139016897,66.75603174603174
2023-10-28,50.0,68.64250000000001,50.0,54.943125,50.0,31.94,50.64333333333333,50.0,56.02,66.75603174603174
2023-10-29,60.995,67.95562500000001,64.69666666666667,66.06625,56.68333333333333,57.16375,50.64333333333333,79.38875,60.56391666666667,60.0475
2023-10-30,60.91,58.313,55.60884672619048,56.48133333333334,58.92225,65.89020833333333,68.659,58.1195,52.88632936507936,65.86000000000001
2023-10-31,68.07809999999999,61.25691666666666,61.421460714285715,57.077395833333334,61.49145,57.932515151515155,50.0,69.80222222222223,58.31575367647059,55.93575
2023-11-01,57.825333333333326,65.16541746031746,62.44770454545454,55.693083333333334,51.12316666666666,59.73,64.2269,54.66777777777778,58.004012422360255,58.46666666666667
2023-11-02,57.12008333333334,60.41773015873015,57.72240505050505,59.806400000000004,65.2956891025641,63.001333333333335,54.898125,67.17266666666667,64.67855365079365,64.77599166666667
2023-11-03,63.56816666666667,56.456538095238095,59.419062499999995,63.72375,63.542857142857144,47.58041666666667,68.30833333333334,67.7385,62.38616666666667,58.654821428571424
2023-11-04,56.02,48.72416666666667,53.337,68.77,61.284499999999994,50.0,68.06,84.78,73.41083333333333,50.0
2023-11-05,65.31,56.08541666666667,61.764583333333334,50.0,69.825,57.4,68.06,61.07,57.714,86.1175
2023-11-06,55.611999999999995,55.299182894736845,66.02,53.013333333333335,60.199999999999996,60.95801212121212,73.47,70.1704375,62.75088888888889,63.315
2023-11-07,61.14125,63.675916666666666,64.26547222222223,59.151944444444446,57.41358333333333,57.51883333333333,53.656666666666666,66.26666666666667,70.53117053140096,66.03125
2023-11-08,59.92595833333333,54.79417307692308,58.891031250000005,52.65267857142857,53.01765,58.072500000000005,41.5,49.775999999999996,53.31612738095238,59.118333333333325
2023-11-09,67.95509523809524,61.18083333333334,55.92118333333333,53.88992063492064,60.22373333333333,69.48729166666668,51.209375,71.5665625,63.264533333333326,69.11458333333333
2023-11-10,55.916999999999994,57.73008333333334,61.89635714285714,56.25541666666667,59.95685416666667,55.00805555555556,55.13666666666667,50.0,64.72684166666667,71.135625
2023-11-11,68.71666666666667,57.011250000000004,52.634375,55.969166666666666,86.75500000000001,64.6875,50.0,71.795,68.1425,71.135625
2023-11-12,50.0,60.98770833333334,48.4,44.83875,50.0,50.644999999999996,51.29,93.6,62.68516666666667,50.0
2023-11-13,61.98166666666667,59.51501666666667,68.08445833333333,43.1078,59.033100000000005,51.03749242424242,67.89,52.959999999999994,62.82188043478261,58.54979166666667
2023-11-14,53.010000000000005,64.89296666666667,69.64708333333334,58.41556428571428,60.361875,59.80506249999999,62.75055555555555,67.14333333333333,67.36850757575758,72.275625
2023-11-15,60.600624999999994,61.81115288220551,55.100625,60.19972222222222,57.857,58.10005952380952,65.36041666666667,79.785,54.84819337474121,59.03
2023-11-16,51.812222222222225,51.86195,46.71322916666667,55.17725,53.28816666666667,61.23225,52.511874999999996,60.39,56.134906746031746,68.95100000000001
2023-11-17,50.0,55.08244444444445,61.96931547619048,57.2909,54.979375,61.010525,65.92125,51.48375000000001,58.585620000000006,66.75854166666667
2023-11-18,44.3425,70.8925,68.06,55.098749999999995,54.979375,61.010525,92.405,73.88375,79.12791666666668,50.0
2023-11-19,68.06,57.64972222222222,57.377500000000005,52.32916666666667,54.979375,59.391666666666666,92.405,68.06,55.88733333333333,50.0
2023-11-20,64.81833333333333,53.954233333333335,50.0,50.95325,61.760250000000006,57.948750000000004,62.953333333333326,55.26166666666666,66.581,63.660000000000004
2023-11-21,59.504861111111104,52.775843137254896,59.911071428571425,56.371125,55.821374999999996,58.77126666666667,52.2575,71.50750000000001,59.78511590038315,57.425000000000004
2023-11-22,50.342666666666666,59.45456818181818,59.869464285714294,48.40011111111111,58.11500000000001,63.63858333333333,63.87083333333333,54.41444444444444,58.79448202614379,72.27833333333334
2023-11-23,59.418124999999996,47.079,75.17,54.561562499999994,66.1075,68.72265873015873,50.0,62.793888888888894,59.65356140350877,57.983333333333334
2023-11-24,56.9025,55.97607142857143,57.29358333333333,56.064,54.736666666666665,54.49666666666667,54.38916666666667,68.06,57.03263571428572,63.205
2023-11-25,61.315,61.079375,59.53874999999999,48.71,50.0,59.53874999999999,54.38916666666667,50.0,65.11,63.205
2023-11-26,50.0,62.676,65.85624999999999,50.0,70.5625,50.0,64.8,52.11666666666667,54.78466666666667,61.917500000000004
2023-11-27,60.01760416666666,55.28984444444445,55.25,63.21460952380953,66.728125,53.275666666666666,56.66,62.797777777777775,65.96577023809525,63.2425
2023-11-28,59.0455,57.159222222222226,49.887,56.37783333333333,61.29375,51.184921875,64.55555555555556,65.44541666666667,61.61767261904762,53.415
2023-11-29,55.03306666666666,56.079449999999994,54.984125000000006,57.799749999999996,57.06725,55.97866666666667,63.51916666666667,60.63708333333333,63.51284523809524,60.419583333333335
2023-11-30,66.32283333333334,53.814166666666665,60.907291666666666,62.29906666666667,60.201249999999995,62.64244444444444,55.02375000000001,57.045,57.56035714285714,66.46833333333333
2023-12-01,62.777499999999996,65.98203124999999,50.0,50.53878125,51.806,53.855125,53.211875,63.147,55.06034509803922,74.30416666666667
2023-12-02,57.635000000000005,54.76583333333333,66.304,62.17,65.90125,53.855125,53.211875,79.08,59.034,50.0
2023-12-03,69.08999999999999,70.269,52.52875,73.08583333333334,62.5,68.31625,53.211875,60.285,65.60794444444444,79.3025
2023-12-04,54.62609375,54.5612,48.58166666666667,57.390468750000004,54.773666666666664,55.169999999999995,50.0,68.526875,64.51476282051283,66.49249999999999
2023-12-05,56.04722956730769,58.62016666666666,50.88261111111111,59.603208333333335,65.39180555555555,48.227,50.0,66.70937500000001,58.64862619047619,59.47375
2023-12-06,57.790125,58.46845714285715,64.28441208791209,50.69520833333333,59.49479166666667,55.613875,55.02375000000001,59.685,62.052311111111116,64.93722222222222
2023-12-07,58.946,66.03125,49.75853333333333,56.63222222222222,61.44868181818182,52.098041666666674,52.07075,60.74916666666667,59.200335714285714,59.0845
2023-12-08,52.918,51.15754999999999,56.582142857142856,62.4885,54.04599999999999,52.32989583333333,69.87666666666667,53.7,61.64568301214914,57.99875
2023-12-09,75.53,57.74,68.2325,61.25333333333334,91.355,82.985,69.87666666666667,50.0,45.128,82.985
2023-12-10,50.0,51.684375,78.83541666666667,51.580000000000005,83.05166666666666,68.58,69.87666666666667,85.015,57.038999999999994,75.79416666666667
2023-12-11,57.867916666666666,64.9726,58.652918531468536,56.846947916666664,58.06222366522367,54.81015,58.07333333333333,58.37104166666667,60.34478974358974,58.08266666666667
2023-12-12,64.8571626984127,52.32894761904762,56.43971153846154,65.7842090909091,54.951550000000005,68.61508333333333,52.14666666666666,58.11466666666667,58.282922222222226,62.639500000000005
2023-12-13,61.635,56.61365000000001,61.763,60.31677777777777,57.369083333333336,60.92760952380952,72.10395833333334,68.42263333333334,59.83412254901961,66.11180555555556
2023-12-14,67.61361111111111,54.831649999999996,58.78520833333334,50.854888888888894,59.185833333333335,58.662083333333335,50.0,54.72175,58.53317500000001,60.54388888888889
2023-12-15,61.27666666666667,62.909583333333345,58.345,61.84428571428572,50.0,66.17875,36.34,60.20625,58.519653535353534,61.67
2023-12-16,69.10897142857144,59.433,59.64276785714285,61.68022321428571,62.36642948717949,65.48951190476191,43.603125,62.113055555555555,59.238629901960785,67.2925
2023-12-17,69.10897142857144,59.433,59.64276785714285,61.68022321428571,62.36642948717949,65.48951190476191,43.603125,62.113055555555555,55.505,67.2925
2023-12-18,69.10897142857144,59.433,59.64276785714285,61.68022321428571,62.36642948717949,65.48951190476191,43.603125,62.113055555555555,60.589999999999996,67.2925
2023-12-19,69.10897142857144,59.433,59.64276785714285,61.68022321428571,62.36642948717949,65.48951190476191,43.603125,62.113055555555555,60.95,67.2925
2023-12-20,69.10897142857144,59.433,59.64276785714285,61.68022321428571,62.36642948717949,65.48951190476191,43.603125,62.113055555555555,59.089000000000006,67.2925
2023-12-21,69.10897142857144,59.433,59.64276785714285,61.68022321428571,62.36642948717949,65.48951190476191,43.603125,62.113055555555555,61.856875,67.2925
2023-12-22,69.10897142857144,59.433,59.64276785714285,61.68022321428571,62.36642948717949,65.48951190476191,43.603125,62.113055555555555,60.891000000000005,67.2925
2023-12-23,69.10897142857144,59.433,59.64276785714285,61.68022321428571,62.36642948717949,65.48951190476191,43.603125,62.113055555555555,81.845,67.2925
2023-12-24,69.10897142857144,59.433,59.64276785714285,61.68022321428571,62.36642948717949,65.48951190476191,43.603125,62.113055555555555,63.54500000000001,67.2925
2023-12-25,69.10897142857144,59.433,59.64276785714285,61.68022321428571,62.36642948717949,65.48951190476191,43.603125,62.113055555555555,50.0,67.2925
2023-12-26,69.10897142857144,59.433,59.64276785714285,61.68022321428571,62.36642948717949,65.48951190476191,43.603125,62.113055555555555,68.99374999999999,67.2925
2023-12-27,69.10897142857144,59.433,59.64276785714285,61.68022321428571,62.36642948717949,65.48951190476191,43.603125,62.113055555555555,61.635,67.2925
2023-12-28,69.10897142857144,59.433,59.64276785714285,61.68022321428571,62.36642948717949,65.48951190476191,43.603125,62.113055555555555,56.009,67.2925
2023-12-29,69.10897142857144,59.433,59.64276785714285,61.68022321428571,62.36642948717949,65.48951190476191,43.603125,62.113055555555555,56.06,67.2925
2023-12-30,69.10897142857144,59.433,59.64276785714285,61.68022321428571,62.36642948717949,65.48951190476191,43.603125,62.113055555555555,76.52166666666666,67.2925
2023-12-31,69.10897142857144,59.433,59.64276785714285,61.68022321428571,62.36642948717949,65.48951190476191,43.603125,62.113055555555555,58.23166666666667,67.2925
