date,ticker,weight,method
2021-01-04,ABBV,0.02,equal_weight
2021-02-01,ABBV,0.02,equal_weight
2021-03-01,ABBV,0.02,equal_weight
2021-04-01,ABBV,0.02,equal_weight
2021-05-03,ABBV,0.02,equal_weight
2021-06-01,ABBV,0.02,equal_weight
2021-07-01,ABBV,0.02,equal_weight
2021-08-02,ABBV,0.02,equal_weight
2021-09-01,ABBV,0.02,equal_weight
2021-10-01,ABBV,0.02,equal_weight
2021-11-01,ABBV,0.02,equal_weight
2021-12-01,ABBV,0.02,equal_weight
2022-01-03,ABBV,0.02,equal_weight
2022-02-01,ABBV,0.02,equal_weight
2022-03-01,ABBV,0.02,equal_weight
2022-04-01,ABBV,0.02,equal_weight
2022-05-02,ABBV,0.02,equal_weight
2022-06-01,ABBV,0.02,equal_weight
2022-07-01,ABBV,0.02,equal_weight
2022-08-01,ABBV,0.02,equal_weight
2022-09-01,ABBV,0.02,equal_weight
2022-10-03,ABBV,0.02,equal_weight
2022-11-01,ABBV,0.02,equal_weight
2022-12-01,ABBV,0.02,equal_weight
2023-01-03,ABBV,0.02,equal_weight
2023-02-01,ABBV,0.02,equal_weight
2023-03-01,ABBV,0.02,equal_weight
2023-04-03,ABBV,0.02,equal_weight
2023-05-01,ABBV,0.02,equal_weight
2023-06-01,ABBV,0.02,equal_weight
2023-07-03,ABBV,0.02,equal_weight
2023-08-01,ABBV,0.02,equal_weight
2023-09-01,ABBV,0.02,equal_weight
2023-10-02,ABBV,0.02,equal_weight
2023-11-01,ABBV,0.02,equal_weight
2023-12-01,ABBV,0.02,equal_weight
2021-01-04,ABT,0.02,equal_weight
2021-02-01,ABT,0.02,equal_weight
2021-03-01,ABT,0.02,equal_weight
2021-04-01,ABT,0.02,equal_weight
2021-05-03,ABT,0.02,equal_weight
2021-06-01,ABT,0.02,equal_weight
2021-07-01,ABT,0.02,equal_weight
2021-08-02,ABT,0.02,equal_weight
2021-09-01,ABT,0.02,equal_weight
2021-10-01,ABT,0.02,equal_weight
2021-11-01,ABT,0.02,equal_weight
2021-12-01,ABT,0.02,equal_weight
2022-01-03,ABT,0.02,equal_weight
2022-02-01,ABT,0.02,equal_weight
2022-03-01,ABT,0.02,equal_weight
2022-04-01,ABT,0.02,equal_weight
2022-05-02,ABT,0.02,equal_weight
2022-06-01,ABT,0.02,equal_weight
2022-07-01,ABT,0.02,equal_weight
2022-08-01,ABT,0.02,equal_weight
2022-09-01,ABT,0.02,equal_weight
2022-10-03,ABT,0.02,equal_weight
2022-11-01,ABT,0.02,equal_weight
2022-12-01,ABT,0.02,equal_weight
2023-01-03,ABT,0.02,equal_weight
2023-02-01,ABT,0.02,equal_weight
2023-03-01,ABT,0.02,equal_weight
2023-04-03,ABT,0.02,equal_weight
2023-05-01,ABT,0.02,equal_weight
2023-06-01,ABT,0.02,equal_weight
2023-07-03,ABT,0.02,equal_weight
2023-08-01,ABT,0.02,equal_weight
2023-09-01,ABT,0.02,equal_weight
2023-10-02,ABT,0.02,equal_weight
2023-11-01,ABT,0.02,equal_weight
2023-12-01,ABT,0.02,equal_weight
2021-01-04,ADBE,0.02,equal_weight
2021-02-01,ADBE,0.02,equal_weight
2021-03-01,ADBE,0.02,equal_weight
2021-04-01,ADBE,0.02,equal_weight
2021-05-03,ADBE,0.02,equal_weight
2021-06-01,ADBE,0.02,equal_weight
2021-07-01,ADBE,0.02,equal_weight
2021-08-02,ADBE,0.02,equal_weight
2021-09-01,ADBE,0.02,equal_weight
2021-10-01,ADBE,0.02,equal_weight
2021-11-01,ADBE,0.02,equal_weight
2021-12-01,ADBE,0.02,equal_weight
2022-01-03,ADBE,0.02,equal_weight
2022-02-01,ADBE,0.02,equal_weight
2022-03-01,ADBE,0.02,equal_weight
2022-04-01,ADBE,0.02,equal_weight
2022-05-02,ADBE,0.02,equal_weight
2022-06-01,ADBE,0.02,equal_weight
2022-07-01,ADBE,0.02,equal_weight
2022-08-01,ADBE,0.02,equal_weight
2022-09-01,ADBE,0.02,equal_weight
2022-10-03,ADBE,0.02,equal_weight
2022-11-01,ADBE,0.02,equal_weight
2022-12-01,ADBE,0.02,equal_weight
2023-01-03,ADBE,0.02,equal_weight
2023-02-01,ADBE,0.02,equal_weight
2023-03-01,ADBE,0.02,equal_weight
2023-04-03,ADBE,0.02,equal_weight
2023-05-01,ADBE,0.02,equal_weight
2023-06-01,ADBE,0.02,equal_weight
2023-07-03,ADBE,0.02,equal_weight
2023-08-01,ADBE,0.02,equal_weight
2023-09-01,ADBE,0.02,equal_weight
2023-10-02,ADBE,0.02,equal_weight
2023-11-01,ADBE,0.02,equal_weight
2023-12-01,ADBE,0.02,equal_weight
2021-01-04,AEP,0.02,equal_weight
2021-02-01,AEP,0.02,equal_weight
2021-03-01,AEP,0.02,equal_weight
2021-04-01,AEP,0.02,equal_weight
2021-05-03,AEP,0.02,equal_weight
2021-06-01,AEP,0.02,equal_weight
2021-07-01,AEP,0.02,equal_weight
2021-08-02,AEP,0.02,equal_weight
2021-09-01,AEP,0.02,equal_weight
2021-10-01,AEP,0.02,equal_weight
2021-11-01,AEP,0.02,equal_weight
2021-12-01,AEP,0.02,equal_weight
2022-01-03,AEP,0.02,equal_weight
2022-02-01,AEP,0.02,equal_weight
2022-03-01,AEP,0.02,equal_weight
2022-04-01,AEP,0.02,equal_weight
2022-05-02,AEP,0.02,equal_weight
2022-06-01,AEP,0.02,equal_weight
2022-07-01,AEP,0.02,equal_weight
2022-08-01,AEP,0.02,equal_weight
2022-09-01,AEP,0.02,equal_weight
2022-10-03,AEP,0.02,equal_weight
2022-11-01,AEP,0.02,equal_weight
2022-12-01,AEP,0.02,equal_weight
2023-01-03,AEP,0.02,equal_weight
2023-02-01,AEP,0.02,equal_weight
2023-03-01,AEP,0.02,equal_weight
2023-04-03,AEP,0.02,equal_weight
2023-05-01,AEP,0.02,equal_weight
2023-06-01,AEP,0.02,equal_weight
2023-07-03,AEP,0.02,equal_weight
2023-08-01,AEP,0.02,equal_weight
2023-09-01,AEP,0.02,equal_weight
2023-10-02,AEP,0.02,equal_weight
2023-11-01,AEP,0.02,equal_weight
2023-12-01,AEP,0.02,equal_weight
2021-01-04,AMD,0.02,equal_weight
2021-02-01,AMD,0.02,equal_weight
2021-03-01,AMD,0.02,equal_weight
2021-04-01,AMD,0.02,equal_weight
2021-05-03,AMD,0.02,equal_weight
2021-06-01,AMD,0.02,equal_weight
2021-07-01,AMD,0.02,equal_weight
2021-08-02,AMD,0.02,equal_weight
2021-09-01,AMD,0.02,equal_weight
2021-10-01,AMD,0.02,equal_weight
2021-11-01,AMD,0.02,equal_weight
2021-12-01,AMD,0.02,equal_weight
2022-01-03,AMD,0.02,equal_weight
2022-02-01,AMD,0.02,equal_weight
2022-03-01,AMD,0.02,equal_weight
2022-04-01,AMD,0.02,equal_weight
2022-05-02,AMD,0.02,equal_weight
2022-06-01,AMD,0.02,equal_weight
2022-07-01,AMD,0.02,equal_weight
2022-08-01,AMD,0.02,equal_weight
2022-09-01,AMD,0.02,equal_weight
2022-10-03,AMD,0.02,equal_weight
2022-11-01,AMD,0.02,equal_weight
2022-12-01,AMD,0.02,equal_weight
2023-01-03,AMD,0.02,equal_weight
2023-02-01,AMD,0.02,equal_weight
2023-03-01,AMD,0.02,equal_weight
2023-04-03,AMD,0.02,equal_weight
2023-05-01,AMD,0.02,equal_weight
2023-06-01,AMD,0.02,equal_weight
2023-07-03,AMD,0.02,equal_weight
2023-08-01,AMD,0.02,equal_weight
2023-09-01,AMD,0.02,equal_weight
2023-10-02,AMD,0.02,equal_weight
2023-11-01,AMD,0.02,equal_weight
2023-12-01,AMD,0.02,equal_weight
2021-01-04,AMGN,0.02,equal_weight
2021-02-01,AMGN,0.02,equal_weight
2021-03-01,AMGN,0.02,equal_weight
2021-04-01,AMGN,0.02,equal_weight
2021-05-03,AMGN,0.02,equal_weight
2021-06-01,AMGN,0.02,equal_weight
2021-07-01,AMGN,0.02,equal_weight
2021-08-02,AMGN,0.02,equal_weight
2021-09-01,AMGN,0.02,equal_weight
2021-10-01,AMGN,0.02,equal_weight
2021-11-01,AMGN,0.02,equal_weight
2021-12-01,AMGN,0.02,equal_weight
2022-01-03,AMGN,0.02,equal_weight
2022-02-01,AMGN,0.02,equal_weight
2022-03-01,AMGN,0.02,equal_weight
2022-04-01,AMGN,0.02,equal_weight
2022-05-02,AMGN,0.02,equal_weight
2022-06-01,AMGN,0.02,equal_weight
2022-07-01,AMGN,0.02,equal_weight
2022-08-01,AMGN,0.02,equal_weight
2022-09-01,AMGN,0.02,equal_weight
2022-10-03,AMGN,0.02,equal_weight
2022-11-01,AMGN,0.02,equal_weight
2022-12-01,AMGN,0.02,equal_weight
2023-01-03,AMGN,0.02,equal_weight
2023-02-01,AMGN,0.02,equal_weight
2023-03-01,AMGN,0.02,equal_weight
2023-04-03,AMGN,0.02,equal_weight
2023-05-01,AMGN,0.02,equal_weight
2023-06-01,AMGN,0.02,equal_weight
2023-07-03,AMGN,0.02,equal_weight
2023-08-01,AMGN,0.02,equal_weight
2023-09-01,AMGN,0.02,equal_weight
2023-10-02,AMGN,0.02,equal_weight
2023-11-01,AMGN,0.02,equal_weight
2023-12-01,AMGN,0.02,equal_weight
2021-01-04,AMT,0.02,equal_weight
2021-02-01,AMT,0.02,equal_weight
2021-03-01,AMT,0.02,equal_weight
2021-04-01,AMT,0.02,equal_weight
2021-05-03,AMT,0.02,equal_weight
2021-06-01,AMT,0.02,equal_weight
2021-07-01,AMT,0.02,equal_weight
2021-08-02,AMT,0.02,equal_weight
2021-09-01,AMT,0.02,equal_weight
2021-10-01,AMT,0.02,equal_weight
2021-11-01,AMT,0.02,equal_weight
2021-12-01,AMT,0.02,equal_weight
2022-01-03,AMT,0.02,equal_weight
2022-02-01,AMT,0.02,equal_weight
2022-03-01,AMT,0.02,equal_weight
2022-04-01,AMT,0.02,equal_weight
2022-05-02,AMT,0.02,equal_weight
2022-06-01,AMT,0.02,equal_weight
2022-07-01,AMT,0.02,equal_weight
2022-08-01,AMT,0.02,equal_weight
2022-09-01,AMT,0.02,equal_weight
2022-10-03,AMT,0.02,equal_weight
2022-11-01,AMT,0.02,equal_weight
2022-12-01,AMT,0.02,equal_weight
2023-01-03,AMT,0.02,equal_weight
2023-02-01,AMT,0.02,equal_weight
2023-03-01,AMT,0.02,equal_weight
2023-04-03,AMT,0.02,equal_weight
2023-05-01,AMT,0.02,equal_weight
2023-06-01,AMT,0.02,equal_weight
2023-07-03,AMT,0.02,equal_weight
2023-08-01,AMT,0.02,equal_weight
2023-09-01,AMT,0.02,equal_weight
2023-10-02,AMT,0.02,equal_weight
2023-11-01,AMT,0.02,equal_weight
2023-12-01,AMT,0.02,equal_weight
2021-01-04,BA,0.02,equal_weight
2021-02-01,BA,0.02,equal_weight
2021-03-01,BA,0.02,equal_weight
2021-04-01,BA,0.02,equal_weight
2021-05-03,BA,0.02,equal_weight
2021-06-01,BA,0.02,equal_weight
2021-07-01,BA,0.02,equal_weight
2021-08-02,BA,0.02,equal_weight
2021-09-01,BA,0.02,equal_weight
2021-10-01,BA,0.02,equal_weight
2021-11-01,BA,0.02,equal_weight
2021-12-01,BA,0.02,equal_weight
2022-01-03,BA,0.02,equal_weight
2022-02-01,BA,0.02,equal_weight
2022-03-01,BA,0.02,equal_weight
2022-04-01,BA,0.02,equal_weight
2022-05-02,BA,0.02,equal_weight
2022-06-01,BA,0.02,equal_weight
2022-07-01,BA,0.02,equal_weight
2022-08-01,BA,0.02,equal_weight
2022-09-01,BA,0.02,equal_weight
2022-10-03,BA,0.02,equal_weight
2022-11-01,BA,0.02,equal_weight
2022-12-01,BA,0.02,equal_weight
2023-01-03,BA,0.02,equal_weight
2023-02-01,BA,0.02,equal_weight
2023-03-01,BA,0.02,equal_weight
2023-04-03,BA,0.02,equal_weight
2023-05-01,BA,0.02,equal_weight
2023-06-01,BA,0.02,equal_weight
2023-07-03,BA,0.02,equal_weight
2023-08-01,BA,0.02,equal_weight
2023-09-01,BA,0.02,equal_weight
2023-10-02,BA,0.02,equal_weight
2023-11-01,BA,0.02,equal_weight
2023-12-01,BA,0.02,equal_weight
2021-01-04,CAT,0.02,equal_weight
2021-02-01,CAT,0.02,equal_weight
2021-03-01,CAT,0.02,equal_weight
2021-04-01,CAT,0.02,equal_weight
2021-05-03,CAT,0.02,equal_weight
2021-06-01,CAT,0.02,equal_weight
2021-07-01,CAT,0.02,equal_weight
2021-08-02,CAT,0.02,equal_weight
2021-09-01,CAT,0.02,equal_weight
2021-10-01,CAT,0.02,equal_weight
2021-11-01,CAT,0.02,equal_weight
2021-12-01,CAT,0.02,equal_weight
2022-01-03,CAT,0.02,equal_weight
2022-02-01,CAT,0.02,equal_weight
2022-03-01,CAT,0.02,equal_weight
2022-04-01,CAT,0.02,equal_weight
2022-05-02,CAT,0.02,equal_weight
2022-06-01,CAT,0.02,equal_weight
2022-07-01,CAT,0.02,equal_weight
2022-08-01,CAT,0.02,equal_weight
2022-09-01,CAT,0.02,equal_weight
2022-10-03,CAT,0.02,equal_weight
2022-11-01,CAT,0.02,equal_weight
2022-12-01,CAT,0.02,equal_weight
2023-01-03,CAT,0.02,equal_weight
2023-02-01,CAT,0.02,equal_weight
2023-03-01,CAT,0.02,equal_weight
2023-04-03,CAT,0.02,equal_weight
2023-05-01,CAT,0.02,equal_weight
2023-06-01,CAT,0.02,equal_weight
2023-07-03,CAT,0.02,equal_weight
2023-08-01,CAT,0.02,equal_weight
2023-09-01,CAT,0.02,equal_weight
2023-10-02,CAT,0.02,equal_weight
2023-11-01,CAT,0.02,equal_weight
2023-12-01,CAT,0.02,equal_weight
2021-01-04,CCI,0.02,equal_weight
2021-02-01,CCI,0.02,equal_weight
2021-03-01,CCI,0.02,equal_weight
2021-04-01,CCI,0.02,equal_weight
2021-05-03,CCI,0.02,equal_weight
2021-06-01,CCI,0.02,equal_weight
2021-07-01,CCI,0.02,equal_weight
2021-08-02,CCI,0.02,equal_weight
2021-09-01,CCI,0.02,equal_weight
2021-10-01,CCI,0.02,equal_weight
2021-11-01,CCI,0.02,equal_weight
2021-12-01,CCI,0.02,equal_weight
2022-01-03,CCI,0.02,equal_weight
2022-02-01,CCI,0.02,equal_weight
2022-03-01,CCI,0.02,equal_weight
2022-04-01,CCI,0.02,equal_weight
2022-05-02,CCI,0.02,equal_weight
2022-06-01,CCI,0.02,equal_weight
2022-07-01,CCI,0.02,equal_weight
2022-08-01,CCI,0.02,equal_weight
2022-09-01,CCI,0.02,equal_weight
2022-10-03,CCI,0.02,equal_weight
2022-11-01,CCI,0.02,equal_weight
2022-12-01,CCI,0.02,equal_weight
2023-01-03,CCI,0.02,equal_weight
2023-02-01,CCI,0.02,equal_weight
2023-03-01,CCI,0.02,equal_weight
2023-04-03,CCI,0.02,equal_weight
2023-05-01,CCI,0.02,equal_weight
2023-06-01,CCI,0.02,equal_weight
2023-07-03,CCI,0.02,equal_weight
2023-08-01,CCI,0.02,equal_weight
2023-09-01,CCI,0.02,equal_weight
2023-10-02,CCI,0.02,equal_weight
2023-11-01,CCI,0.02,equal_weight
2023-12-01,CCI,0.02,equal_weight
2021-01-04,CMCSA,0.02,equal_weight
2021-02-01,CMCSA,0.02,equal_weight
2021-03-01,CMCSA,0.02,equal_weight
2021-04-01,CMCSA,0.02,equal_weight
2021-05-03,CMCSA,0.02,equal_weight
2021-06-01,CMCSA,0.02,equal_weight
2021-07-01,CMCSA,0.02,equal_weight
2021-08-02,CMCSA,0.02,equal_weight
2021-09-01,CMCSA,0.02,equal_weight
2021-10-01,CMCSA,0.02,equal_weight
2021-11-01,CMCSA,0.02,equal_weight
2021-12-01,CMCSA,0.02,equal_weight
2022-01-03,CMCSA,0.02,equal_weight
2022-02-01,CMCSA,0.02,equal_weight
2022-03-01,CMCSA,0.02,equal_weight
2022-04-01,CMCSA,0.02,equal_weight
2022-05-02,CMCSA,0.02,equal_weight
2022-06-01,CMCSA,0.02,equal_weight
2022-07-01,CMCSA,0.02,equal_weight
2022-08-01,CMCSA,0.02,equal_weight
2022-09-01,CMCSA,0.02,equal_weight
2022-10-03,CMCSA,0.02,equal_weight
2022-11-01,CMCSA,0.02,equal_weight
2022-12-01,CMCSA,0.02,equal_weight
2023-01-03,CMCSA,0.02,equal_weight
2023-02-01,CMCSA,0.02,equal_weight
2023-03-01,CMCSA,0.02,equal_weight
2023-04-03,CMCSA,0.02,equal_weight
2023-05-01,CMCSA,0.02,equal_weight
2023-06-01,CMCSA,0.02,equal_weight
2023-07-03,CMCSA,0.02,equal_weight
2023-08-01,CMCSA,0.02,equal_weight
2023-09-01,CMCSA,0.02,equal_weight
2023-10-02,CMCSA,0.02,equal_weight
2023-11-01,CMCSA,0.02,equal_weight
2023-12-01,CMCSA,0.02,equal_weight
2021-01-04,COP,0.02,equal_weight
2021-02-01,COP,0.02,equal_weight
2021-03-01,COP,0.02,equal_weight
2021-04-01,COP,0.02,equal_weight
2021-05-03,COP,0.02,equal_weight
2021-06-01,COP,0.02,equal_weight
2021-07-01,COP,0.02,equal_weight
2021-08-02,COP,0.02,equal_weight
2021-09-01,COP,0.02,equal_weight
2021-10-01,COP,0.02,equal_weight
2021-11-01,COP,0.02,equal_weight
2021-12-01,COP,0.02,equal_weight
2022-01-03,COP,0.02,equal_weight
2022-02-01,COP,0.02,equal_weight
2022-03-01,COP,0.02,equal_weight
2022-04-01,COP,0.02,equal_weight
2022-05-02,COP,0.02,equal_weight
2022-06-01,COP,0.02,equal_weight
2022-07-01,COP,0.02,equal_weight
2022-08-01,COP,0.02,equal_weight
2022-09-01,COP,0.02,equal_weight
2022-10-03,COP,0.02,equal_weight
2022-11-01,COP,0.02,equal_weight
2022-12-01,COP,0.02,equal_weight
2023-01-03,COP,0.02,equal_weight
2023-02-01,COP,0.02,equal_weight
2023-03-01,COP,0.02,equal_weight
2023-04-03,COP,0.02,equal_weight
2023-05-01,COP,0.02,equal_weight
2023-06-01,COP,0.02,equal_weight
2023-07-03,COP,0.02,equal_weight
2023-08-01,COP,0.02,equal_weight
2023-09-01,COP,0.02,equal_weight
2023-10-02,COP,0.02,equal_weight
2023-11-01,COP,0.02,equal_weight
2023-12-01,COP,0.02,equal_weight
2021-01-04,CVX,0.02,equal_weight
2021-02-01,CVX,0.02,equal_weight
2021-03-01,CVX,0.02,equal_weight
2021-04-01,CVX,0.02,equal_weight
2021-05-03,CVX,0.02,equal_weight
2021-06-01,CVX,0.02,equal_weight
2021-07-01,CVX,0.02,equal_weight
2021-08-02,CVX,0.02,equal_weight
2021-09-01,CVX,0.02,equal_weight
2021-10-01,CVX,0.02,equal_weight
2021-11-01,CVX,0.02,equal_weight
2021-12-01,CVX,0.02,equal_weight
2022-01-03,CVX,0.02,equal_weight
2022-02-01,CVX,0.02,equal_weight
2022-03-01,CVX,0.02,equal_weight
2022-04-01,CVX,0.02,equal_weight
2022-05-02,CVX,0.02,equal_weight
2022-06-01,CVX,0.02,equal_weight
2022-07-01,CVX,0.02,equal_weight
2022-08-01,CVX,0.02,equal_weight
2022-09-01,CVX,0.02,equal_weight
2022-10-03,CVX,0.02,equal_weight
2022-11-01,CVX,0.02,equal_weight
2022-12-01,CVX,0.02,equal_weight
2023-01-03,CVX,0.02,equal_weight
2023-02-01,CVX,0.02,equal_weight
2023-03-01,CVX,0.02,equal_weight
2023-04-03,CVX,0.02,equal_weight
2023-05-01,CVX,0.02,equal_weight
2023-06-01,CVX,0.02,equal_weight
2023-07-03,CVX,0.02,equal_weight
2023-08-01,CVX,0.02,equal_weight
2023-09-01,CVX,0.02,equal_weight
2023-10-02,CVX,0.02,equal_weight
2023-11-01,CVX,0.02,equal_weight
2023-12-01,CVX,0.02,equal_weight
2021-01-04,D,0.02,equal_weight
2021-02-01,D,0.02,equal_weight
2021-03-01,D,0.02,equal_weight
2021-04-01,D,0.02,equal_weight
2021-05-03,D,0.02,equal_weight
2021-06-01,D,0.02,equal_weight
2021-07-01,D,0.02,equal_weight
2021-08-02,D,0.02,equal_weight
2021-09-01,D,0.02,equal_weight
2021-10-01,D,0.02,equal_weight
2021-11-01,D,0.02,equal_weight
2021-12-01,D,0.02,equal_weight
2022-01-03,D,0.02,equal_weight
2022-02-01,D,0.02,equal_weight
2022-03-01,D,0.02,equal_weight
2022-04-01,D,0.02,equal_weight
2022-05-02,D,0.02,equal_weight
2022-06-01,D,0.02,equal_weight
2022-07-01,D,0.02,equal_weight
2022-08-01,D,0.02,equal_weight
2022-09-01,D,0.02,equal_weight
2022-10-03,D,0.02,equal_weight
2022-11-01,D,0.02,equal_weight
2022-12-01,D,0.02,equal_weight
2023-01-03,D,0.02,equal_weight
2023-02-01,D,0.02,equal_weight
2023-03-01,D,0.02,equal_weight
2023-04-03,D,0.02,equal_weight
2023-05-01,D,0.02,equal_weight
2023-06-01,D,0.02,equal_weight
2023-07-03,D,0.02,equal_weight
2023-08-01,D,0.02,equal_weight
2023-09-01,D,0.02,equal_weight
2023-10-02,D,0.02,equal_weight
2023-11-01,D,0.02,equal_weight
2023-12-01,D,0.02,equal_weight
2021-01-04,DD,0.02,equal_weight
2021-02-01,DD,0.02,equal_weight
2021-03-01,DD,0.02,equal_weight
2021-04-01,DD,0.02,equal_weight
2021-05-03,DD,0.02,equal_weight
2021-06-01,DD,0.02,equal_weight
2021-07-01,DD,0.02,equal_weight
2021-08-02,DD,0.02,equal_weight
2021-09-01,DD,0.02,equal_weight
2021-10-01,DD,0.02,equal_weight
2021-11-01,DD,0.02,equal_weight
2021-12-01,DD,0.02,equal_weight
2022-01-03,DD,0.02,equal_weight
2022-02-01,DD,0.02,equal_weight
2022-03-01,DD,0.02,equal_weight
2022-04-01,DD,0.02,equal_weight
2022-05-02,DD,0.02,equal_weight
2022-06-01,DD,0.02,equal_weight
2022-07-01,DD,0.02,equal_weight
2022-08-01,DD,0.02,equal_weight
2022-09-01,DD,0.02,equal_weight
2022-10-03,DD,0.02,equal_weight
2022-11-01,DD,0.02,equal_weight
2022-12-01,DD,0.02,equal_weight
2023-01-03,DD,0.02,equal_weight
2023-02-01,DD,0.02,equal_weight
2023-03-01,DD,0.02,equal_weight
2023-04-03,DD,0.02,equal_weight
2023-05-01,DD,0.02,equal_weight
2023-06-01,DD,0.02,equal_weight
2023-07-03,DD,0.02,equal_weight
2023-08-01,DD,0.02,equal_weight
2023-09-01,DD,0.02,equal_weight
2023-10-02,DD,0.02,equal_weight
2023-11-01,DD,0.02,equal_weight
2023-12-01,DD,0.02,equal_weight
2021-01-04,DIS,0.02,equal_weight
2021-02-01,DIS,0.02,equal_weight
2021-03-01,DIS,0.02,equal_weight
2021-04-01,DIS,0.02,equal_weight
2021-05-03,DIS,0.02,equal_weight
2021-06-01,DIS,0.02,equal_weight
2021-07-01,DIS,0.02,equal_weight
2021-08-02,DIS,0.02,equal_weight
2021-09-01,DIS,0.02,equal_weight
2021-10-01,DIS,0.02,equal_weight
2021-11-01,DIS,0.02,equal_weight
2021-12-01,DIS,0.02,equal_weight
2022-01-03,DIS,0.02,equal_weight
2022-02-01,DIS,0.02,equal_weight
2022-03-01,DIS,0.02,equal_weight
2022-04-01,DIS,0.02,equal_weight
2022-05-02,DIS,0.02,equal_weight
2022-06-01,DIS,0.02,equal_weight
2022-07-01,DIS,0.02,equal_weight
2022-08-01,DIS,0.02,equal_weight
2022-09-01,DIS,0.02,equal_weight
2022-10-03,DIS,0.02,equal_weight
2022-11-01,DIS,0.02,equal_weight
2022-12-01,DIS,0.02,equal_weight
2023-01-03,DIS,0.02,equal_weight
2023-02-01,DIS,0.02,equal_weight
2023-03-01,DIS,0.02,equal_weight
2023-04-03,DIS,0.02,equal_weight
2023-05-01,DIS,0.02,equal_weight
2023-06-01,DIS,0.02,equal_weight
2023-07-03,DIS,0.02,equal_weight
2023-08-01,DIS,0.02,equal_weight
2023-09-01,DIS,0.02,equal_weight
2023-10-02,DIS,0.02,equal_weight
2023-11-01,DIS,0.02,equal_weight
2023-12-01,DIS,0.02,equal_weight
2021-01-04,DOW,0.02,equal_weight
2021-02-01,DOW,0.02,equal_weight
2021-03-01,DOW,0.02,equal_weight
2021-04-01,DOW,0.02,equal_weight
2021-05-03,DOW,0.02,equal_weight
2021-06-01,DOW,0.02,equal_weight
2021-07-01,DOW,0.02,equal_weight
2021-08-02,DOW,0.02,equal_weight
2021-09-01,DOW,0.02,equal_weight
2021-10-01,DOW,0.02,equal_weight
2021-11-01,DOW,0.02,equal_weight
2021-12-01,DOW,0.02,equal_weight
2022-01-03,DOW,0.02,equal_weight
2022-02-01,DOW,0.02,equal_weight
2022-03-01,DOW,0.02,equal_weight
2022-04-01,DOW,0.02,equal_weight
2022-05-02,DOW,0.02,equal_weight
2022-06-01,DOW,0.02,equal_weight
2022-07-01,DOW,0.02,equal_weight
2022-08-01,DOW,0.02,equal_weight
2022-09-01,DOW,0.02,equal_weight
2022-10-03,DOW,0.02,equal_weight
2022-11-01,DOW,0.02,equal_weight
2022-12-01,DOW,0.02,equal_weight
2023-01-03,DOW,0.02,equal_weight
2023-02-01,DOW,0.02,equal_weight
2023-03-01,DOW,0.02,equal_weight
2023-04-03,DOW,0.02,equal_weight
2023-05-01,DOW,0.02,equal_weight
2023-06-01,DOW,0.02,equal_weight
2023-07-03,DOW,0.02,equal_weight
2023-08-01,DOW,0.02,equal_weight
2023-09-01,DOW,0.02,equal_weight
2023-10-02,DOW,0.02,equal_weight
2023-11-01,DOW,0.02,equal_weight
2023-12-01,DOW,0.02,equal_weight
2021-01-04,DUK,0.02,equal_weight
2021-02-01,DUK,0.02,equal_weight
2021-03-01,DUK,0.02,equal_weight
2021-04-01,DUK,0.02,equal_weight
2021-05-03,DUK,0.02,equal_weight
2021-06-01,DUK,0.02,equal_weight
2021-07-01,DUK,0.02,equal_weight
2021-08-02,DUK,0.02,equal_weight
2021-09-01,DUK,0.02,equal_weight
2021-10-01,DUK,0.02,equal_weight
2021-11-01,DUK,0.02,equal_weight
2021-12-01,DUK,0.02,equal_weight
2022-01-03,DUK,0.02,equal_weight
2022-02-01,DUK,0.02,equal_weight
2022-03-01,DUK,0.02,equal_weight
2022-04-01,DUK,0.02,equal_weight
2022-05-02,DUK,0.02,equal_weight
2022-06-01,DUK,0.02,equal_weight
2022-07-01,DUK,0.02,equal_weight
2022-08-01,DUK,0.02,equal_weight
2022-09-01,DUK,0.02,equal_weight
2022-10-03,DUK,0.02,equal_weight
2022-11-01,DUK,0.02,equal_weight
2022-12-01,DUK,0.02,equal_weight
2023-01-03,DUK,0.02,equal_weight
2023-02-01,DUK,0.02,equal_weight
2023-03-01,DUK,0.02,equal_weight
2023-04-03,DUK,0.02,equal_weight
2023-05-01,DUK,0.02,equal_weight
2023-06-01,DUK,0.02,equal_weight
2023-07-03,DUK,0.02,equal_weight
2023-08-01,DUK,0.02,equal_weight
2023-09-01,DUK,0.02,equal_weight
2023-10-02,DUK,0.02,equal_weight
2023-11-01,DUK,0.02,equal_weight
2023-12-01,DUK,0.02,equal_weight
2021-01-04,EA,0.02,equal_weight
2021-02-01,EA,0.02,equal_weight
2021-03-01,EA,0.02,equal_weight
2021-04-01,EA,0.02,equal_weight
2021-05-03,EA,0.02,equal_weight
2021-06-01,EA,0.02,equal_weight
2021-07-01,EA,0.02,equal_weight
2021-08-02,EA,0.02,equal_weight
2021-09-01,EA,0.02,equal_weight
2021-10-01,EA,0.02,equal_weight
2021-11-01,EA,0.02,equal_weight
2021-12-01,EA,0.02,equal_weight
2022-01-03,EA,0.02,equal_weight
2022-02-01,EA,0.02,equal_weight
2022-03-01,EA,0.02,equal_weight
2022-04-01,EA,0.02,equal_weight
2022-05-02,EA,0.02,equal_weight
2022-06-01,EA,0.02,equal_weight
2022-07-01,EA,0.02,equal_weight
2022-08-01,EA,0.02,equal_weight
2022-09-01,EA,0.02,equal_weight
2022-10-03,EA,0.02,equal_weight
2022-11-01,EA,0.02,equal_weight
2022-12-01,EA,0.02,equal_weight
2023-01-03,EA,0.02,equal_weight
2023-02-01,EA,0.02,equal_weight
2023-03-01,EA,0.02,equal_weight
2023-04-03,EA,0.02,equal_weight
2023-05-01,EA,0.02,equal_weight
2023-06-01,EA,0.02,equal_weight
2023-07-03,EA,0.02,equal_weight
2023-08-01,EA,0.02,equal_weight
2023-09-01,EA,0.02,equal_weight
2023-10-02,EA,0.02,equal_weight
2023-11-01,EA,0.02,equal_weight
2023-12-01,EA,0.02,equal_weight
2021-01-04,GE,0.02,equal_weight
2021-02-01,GE,0.02,equal_weight
2021-03-01,GE,0.02,equal_weight
2021-04-01,GE,0.02,equal_weight
2021-05-03,GE,0.02,equal_weight
2021-06-01,GE,0.02,equal_weight
2021-07-01,GE,0.02,equal_weight
2021-08-02,GE,0.02,equal_weight
2021-09-01,GE,0.02,equal_weight
2021-10-01,GE,0.02,equal_weight
2021-11-01,GE,0.02,equal_weight
2021-12-01,GE,0.02,equal_weight
2022-01-03,GE,0.02,equal_weight
2022-02-01,GE,0.02,equal_weight
2022-03-01,GE,0.02,equal_weight
2022-04-01,GE,0.02,equal_weight
2022-05-02,GE,0.02,equal_weight
2022-06-01,GE,0.02,equal_weight
2022-07-01,GE,0.02,equal_weight
2022-08-01,GE,0.02,equal_weight
2022-09-01,GE,0.02,equal_weight
2022-10-03,GE,0.02,equal_weight
2022-11-01,GE,0.02,equal_weight
2022-12-01,GE,0.02,equal_weight
2023-01-03,GE,0.02,equal_weight
2023-02-01,GE,0.02,equal_weight
2023-03-01,GE,0.02,equal_weight
2023-04-03,GE,0.02,equal_weight
2023-05-01,GE,0.02,equal_weight
2023-06-01,GE,0.02,equal_weight
2023-07-03,GE,0.02,equal_weight
2023-08-01,GE,0.02,equal_weight
2023-09-01,GE,0.02,equal_weight
2023-10-02,GE,0.02,equal_weight
2023-11-01,GE,0.02,equal_weight
2023-12-01,GE,0.02,equal_weight
2021-01-04,GILD,0.02,equal_weight
2021-02-01,GILD,0.02,equal_weight
2021-03-01,GILD,0.02,equal_weight
2021-04-01,GILD,0.02,equal_weight
2021-05-03,GILD,0.02,equal_weight
2021-06-01,GILD,0.02,equal_weight
2021-07-01,GILD,0.02,equal_weight
2021-08-02,GILD,0.02,equal_weight
2021-09-01,GILD,0.02,equal_weight
2021-10-01,GILD,0.02,equal_weight
2021-11-01,GILD,0.02,equal_weight
2021-12-01,GILD,0.02,equal_weight
2022-01-03,GILD,0.02,equal_weight
2022-02-01,GILD,0.02,equal_weight
2022-03-01,GILD,0.02,equal_weight
2022-04-01,GILD,0.02,equal_weight
2022-05-02,GILD,0.02,equal_weight
2022-06-01,GILD,0.02,equal_weight
2022-07-01,GILD,0.02,equal_weight
2022-08-01,GILD,0.02,equal_weight
2022-09-01,GILD,0.02,equal_weight
2022-10-03,GILD,0.02,equal_weight
2022-11-01,GILD,0.02,equal_weight
2022-12-01,GILD,0.02,equal_weight
2023-01-03,GILD,0.02,equal_weight
2023-02-01,GILD,0.02,equal_weight
2023-03-01,GILD,0.02,equal_weight
2023-04-03,GILD,0.02,equal_weight
2023-05-01,GILD,0.02,equal_weight
2023-06-01,GILD,0.02,equal_weight
2023-07-03,GILD,0.02,equal_weight
2023-08-01,GILD,0.02,equal_weight
2023-09-01,GILD,0.02,equal_weight
2023-10-02,GILD,0.02,equal_weight
2023-11-01,GILD,0.02,equal_weight
2023-12-01,GILD,0.02,equal_weight
2021-01-04,GS,0.02,equal_weight
2021-02-01,GS,0.02,equal_weight
2021-03-01,GS,0.02,equal_weight
2021-04-01,GS,0.02,equal_weight
2021-05-03,GS,0.02,equal_weight
2021-06-01,GS,0.02,equal_weight
2021-07-01,GS,0.02,equal_weight
2021-08-02,GS,0.02,equal_weight
2021-09-01,GS,0.02,equal_weight
2021-10-01,GS,0.02,equal_weight
2021-11-01,GS,0.02,equal_weight
2021-12-01,GS,0.02,equal_weight
2022-01-03,GS,0.02,equal_weight
2022-02-01,GS,0.02,equal_weight
2022-03-01,GS,0.02,equal_weight
2022-04-01,GS,0.02,equal_weight
2022-05-02,GS,0.02,equal_weight
2022-06-01,GS,0.02,equal_weight
2022-07-01,GS,0.02,equal_weight
2022-08-01,GS,0.02,equal_weight
2022-09-01,GS,0.02,equal_weight
2022-10-03,GS,0.02,equal_weight
2022-11-01,GS,0.02,equal_weight
2022-12-01,GS,0.02,equal_weight
2023-01-03,GS,0.02,equal_weight
2023-02-01,GS,0.02,equal_weight
2023-03-01,GS,0.02,equal_weight
2023-04-03,GS,0.02,equal_weight
2023-05-01,GS,0.02,equal_weight
2023-06-01,GS,0.02,equal_weight
2023-07-03,GS,0.02,equal_weight
2023-08-01,GS,0.02,equal_weight
2023-09-01,GS,0.02,equal_weight
2023-10-02,GS,0.02,equal_weight
2023-11-01,GS,0.02,equal_weight
2023-12-01,GS,0.02,equal_weight
2021-01-04,INTC,0.02,equal_weight
2021-02-01,INTC,0.02,equal_weight
2021-03-01,INTC,0.02,equal_weight
2021-04-01,INTC,0.02,equal_weight
2021-05-03,INTC,0.02,equal_weight
2021-06-01,INTC,0.02,equal_weight
2021-07-01,INTC,0.02,equal_weight
2021-08-02,INTC,0.02,equal_weight
2021-09-01,INTC,0.02,equal_weight
2021-10-01,INTC,0.02,equal_weight
2021-11-01,INTC,0.02,equal_weight
2021-12-01,INTC,0.02,equal_weight
2022-01-03,INTC,0.02,equal_weight
2022-02-01,INTC,0.02,equal_weight
2022-03-01,INTC,0.02,equal_weight
2022-04-01,INTC,0.02,equal_weight
2022-05-02,INTC,0.02,equal_weight
2022-06-01,INTC,0.02,equal_weight
2022-07-01,INTC,0.02,equal_weight
2022-08-01,INTC,0.02,equal_weight
2022-09-01,INTC,0.02,equal_weight
2022-10-03,INTC,0.02,equal_weight
2022-11-01,INTC,0.02,equal_weight
2022-12-01,INTC,0.02,equal_weight
2023-01-03,INTC,0.02,equal_weight
2023-02-01,INTC,0.02,equal_weight
2023-03-01,INTC,0.02,equal_weight
2023-04-03,INTC,0.02,equal_weight
2023-05-01,INTC,0.02,equal_weight
2023-06-01,INTC,0.02,equal_weight
2023-07-03,INTC,0.02,equal_weight
2023-08-01,INTC,0.02,equal_weight
2023-09-01,INTC,0.02,equal_weight
2023-10-02,INTC,0.02,equal_weight
2023-11-01,INTC,0.02,equal_weight
2023-12-01,INTC,0.02,equal_weight
2021-01-04,KO,0.02,equal_weight
2021-02-01,KO,0.02,equal_weight
2021-03-01,KO,0.02,equal_weight
2021-04-01,KO,0.02,equal_weight
2021-05-03,KO,0.02,equal_weight
2021-06-01,KO,0.02,equal_weight
2021-07-01,KO,0.02,equal_weight
2021-08-02,KO,0.02,equal_weight
2021-09-01,KO,0.02,equal_weight
2021-10-01,KO,0.02,equal_weight
2021-11-01,KO,0.02,equal_weight
2021-12-01,KO,0.02,equal_weight
2022-01-03,KO,0.02,equal_weight
2022-02-01,KO,0.02,equal_weight
2022-03-01,KO,0.02,equal_weight
2022-04-01,KO,0.02,equal_weight
2022-05-02,KO,0.02,equal_weight
2022-06-01,KO,0.02,equal_weight
2022-07-01,KO,0.02,equal_weight
2022-08-01,KO,0.02,equal_weight
2022-09-01,KO,0.02,equal_weight
2022-10-03,KO,0.02,equal_weight
2022-11-01,KO,0.02,equal_weight
2022-12-01,KO,0.02,equal_weight
2023-01-03,KO,0.02,equal_weight
2023-02-01,KO,0.02,equal_weight
2023-03-01,KO,0.02,equal_weight
2023-04-03,KO,0.02,equal_weight
2023-05-01,KO,0.02,equal_weight
2023-06-01,KO,0.02,equal_weight
2023-07-03,KO,0.02,equal_weight
2023-08-01,KO,0.02,equal_weight
2023-09-01,KO,0.02,equal_weight
2023-10-02,KO,0.02,equal_weight
2023-11-01,KO,0.02,equal_weight
2023-12-01,KO,0.02,equal_weight
2021-01-04,MMM,0.02,equal_weight
2021-02-01,MMM,0.02,equal_weight
2021-03-01,MMM,0.02,equal_weight
2021-04-01,MMM,0.02,equal_weight
2021-05-03,MMM,0.02,equal_weight
2021-06-01,MMM,0.02,equal_weight
2021-07-01,MMM,0.02,equal_weight
2021-08-02,MMM,0.02,equal_weight
2021-09-01,MMM,0.02,equal_weight
2021-10-01,MMM,0.02,equal_weight
2021-11-01,MMM,0.02,equal_weight
2021-12-01,MMM,0.02,equal_weight
2022-01-03,MMM,0.02,equal_weight
2022-02-01,MMM,0.02,equal_weight
2022-03-01,MMM,0.02,equal_weight
2022-04-01,MMM,0.02,equal_weight
2022-05-02,MMM,0.02,equal_weight
2022-06-01,MMM,0.02,equal_weight
2022-07-01,MMM,0.02,equal_weight
2022-08-01,MMM,0.02,equal_weight
2022-09-01,MMM,0.02,equal_weight
2022-10-03,MMM,0.02,equal_weight
2022-11-01,MMM,0.02,equal_weight
2022-12-01,MMM,0.02,equal_weight
2023-01-03,MMM,0.02,equal_weight
2023-02-01,MMM,0.02,equal_weight
2023-03-01,MMM,0.02,equal_weight
2023-04-03,MMM,0.02,equal_weight
2023-05-01,MMM,0.02,equal_weight
2023-06-01,MMM,0.02,equal_weight
2023-07-03,MMM,0.02,equal_weight
2023-08-01,MMM,0.02,equal_weight
2023-09-01,MMM,0.02,equal_weight
2023-10-02,MMM,0.02,equal_weight
2023-11-01,MMM,0.02,equal_weight
2023-12-01,MMM,0.02,equal_weight
2021-01-04,MRK,0.02,equal_weight
2021-02-01,MRK,0.02,equal_weight
2021-03-01,MRK,0.02,equal_weight
2021-04-01,MRK,0.02,equal_weight
2021-05-03,MRK,0.02,equal_weight
2021-06-01,MRK,0.02,equal_weight
2021-07-01,MRK,0.02,equal_weight
2021-08-02,MRK,0.02,equal_weight
2021-09-01,MRK,0.02,equal_weight
2021-10-01,MRK,0.02,equal_weight
2021-11-01,MRK,0.02,equal_weight
2021-12-01,MRK,0.02,equal_weight
2022-01-03,MRK,0.02,equal_weight
2022-02-01,MRK,0.02,equal_weight
2022-03-01,MRK,0.02,equal_weight
2022-04-01,MRK,0.02,equal_weight
2022-05-02,MRK,0.02,equal_weight
2022-06-01,MRK,0.02,equal_weight
2022-07-01,MRK,0.02,equal_weight
2022-08-01,MRK,0.02,equal_weight
2022-09-01,MRK,0.02,equal_weight
2022-10-03,MRK,0.02,equal_weight
2022-11-01,MRK,0.02,equal_weight
2022-12-01,MRK,0.02,equal_weight
2023-01-03,MRK,0.02,equal_weight
2023-02-01,MRK,0.02,equal_weight
2023-03-01,MRK,0.02,equal_weight
2023-04-03,MRK,0.02,equal_weight
2023-05-01,MRK,0.02,equal_weight
2023-06-01,MRK,0.02,equal_weight
2023-07-03,MRK,0.02,equal_weight
2023-08-01,MRK,0.02,equal_weight
2023-09-01,MRK,0.02,equal_weight
2023-10-02,MRK,0.02,equal_weight
2023-11-01,MRK,0.02,equal_weight
2023-12-01,MRK,0.02,equal_weight
2021-01-04,MS,0.02,equal_weight
2021-02-01,MS,0.02,equal_weight
2021-03-01,MS,0.02,equal_weight
2021-04-01,MS,0.02,equal_weight
2021-05-03,MS,0.02,equal_weight
2021-06-01,MS,0.02,equal_weight
2021-07-01,MS,0.02,equal_weight
2021-08-02,MS,0.02,equal_weight
2021-09-01,MS,0.02,equal_weight
2021-10-01,MS,0.02,equal_weight
2021-11-01,MS,0.02,equal_weight
2021-12-01,MS,0.02,equal_weight
2022-01-03,MS,0.02,equal_weight
2022-02-01,MS,0.02,equal_weight
2022-03-01,MS,0.02,equal_weight
2022-04-01,MS,0.02,equal_weight
2022-05-02,MS,0.02,equal_weight
2022-06-01,MS,0.02,equal_weight
2022-07-01,MS,0.02,equal_weight
2022-08-01,MS,0.02,equal_weight
2022-09-01,MS,0.02,equal_weight
2022-10-03,MS,0.02,equal_weight
2022-11-01,MS,0.02,equal_weight
2022-12-01,MS,0.02,equal_weight
2023-01-03,MS,0.02,equal_weight
2023-02-01,MS,0.02,equal_weight
2023-03-01,MS,0.02,equal_weight
2023-04-03,MS,0.02,equal_weight
2023-05-01,MS,0.02,equal_weight
2023-06-01,MS,0.02,equal_weight
2023-07-03,MS,0.02,equal_weight
2023-08-01,MS,0.02,equal_weight
2023-09-01,MS,0.02,equal_weight
2023-10-02,MS,0.02,equal_weight
2023-11-01,MS,0.02,equal_weight
2023-12-01,MS,0.02,equal_weight
2021-01-04,NEE,0.02,equal_weight
2021-02-01,NEE,0.02,equal_weight
2021-03-01,NEE,0.02,equal_weight
2021-04-01,NEE,0.02,equal_weight
2021-05-03,NEE,0.02,equal_weight
2021-06-01,NEE,0.02,equal_weight
2021-07-01,NEE,0.02,equal_weight
2021-08-02,NEE,0.02,equal_weight
2021-09-01,NEE,0.02,equal_weight
2021-10-01,NEE,0.02,equal_weight
2021-11-01,NEE,0.02,equal_weight
2021-12-01,NEE,0.02,equal_weight
2022-01-03,NEE,0.02,equal_weight
2022-02-01,NEE,0.02,equal_weight
2022-03-01,NEE,0.02,equal_weight
2022-04-01,NEE,0.02,equal_weight
2022-05-02,NEE,0.02,equal_weight
2022-06-01,NEE,0.02,equal_weight
2022-07-01,NEE,0.02,equal_weight
2022-08-01,NEE,0.02,equal_weight
2022-09-01,NEE,0.02,equal_weight
2022-10-03,NEE,0.02,equal_weight
2022-11-01,NEE,0.02,equal_weight
2022-12-01,NEE,0.02,equal_weight
2023-01-03,NEE,0.02,equal_weight
2023-02-01,NEE,0.02,equal_weight
2023-03-01,NEE,0.02,equal_weight
2023-04-03,NEE,0.02,equal_weight
2023-05-01,NEE,0.02,equal_weight
2023-06-01,NEE,0.02,equal_weight
2023-07-03,NEE,0.02,equal_weight
2023-08-01,NEE,0.02,equal_weight
2023-09-01,NEE,0.02,equal_weight
2023-10-02,NEE,0.02,equal_weight
2023-11-01,NEE,0.02,equal_weight
2023-12-01,NEE,0.02,equal_weight
2021-01-04,NEM,0.02,equal_weight
2021-02-01,NEM,0.02,equal_weight
2021-03-01,NEM,0.02,equal_weight
2021-04-01,NEM,0.02,equal_weight
2021-05-03,NEM,0.02,equal_weight
2021-06-01,NEM,0.02,equal_weight
2021-07-01,NEM,0.02,equal_weight
2021-08-02,NEM,0.02,equal_weight
2021-09-01,NEM,0.02,equal_weight
2021-10-01,NEM,0.02,equal_weight
2021-11-01,NEM,0.02,equal_weight
2021-12-01,NEM,0.02,equal_weight
2022-01-03,NEM,0.02,equal_weight
2022-02-01,NEM,0.02,equal_weight
2022-03-01,NEM,0.02,equal_weight
2022-04-01,NEM,0.02,equal_weight
2022-05-02,NEM,0.02,equal_weight
2022-06-01,NEM,0.02,equal_weight
2022-07-01,NEM,0.02,equal_weight
2022-08-01,NEM,0.02,equal_weight
2022-09-01,NEM,0.02,equal_weight
2022-10-03,NEM,0.02,equal_weight
2022-11-01,NEM,0.02,equal_weight
2022-12-01,NEM,0.02,equal_weight
2023-01-03,NEM,0.02,equal_weight
2023-02-01,NEM,0.02,equal_weight
2023-03-01,NEM,0.02,equal_weight
2023-04-03,NEM,0.02,equal_weight
2023-05-01,NEM,0.02,equal_weight
2023-06-01,NEM,0.02,equal_weight
2023-07-03,NEM,0.02,equal_weight
2023-08-01,NEM,0.02,equal_weight
2023-09-01,NEM,0.02,equal_weight
2023-10-02,NEM,0.02,equal_weight
2023-11-01,NEM,0.02,equal_weight
2023-12-01,NEM,0.02,equal_weight
2021-01-04,NKE,0.02,equal_weight
2021-02-01,NKE,0.02,equal_weight
2021-03-01,NKE,0.02,equal_weight
2021-04-01,NKE,0.02,equal_weight
2021-05-03,NKE,0.02,equal_weight
2021-06-01,NKE,0.02,equal_weight
2021-07-01,NKE,0.02,equal_weight
2021-08-02,NKE,0.02,equal_weight
2021-09-01,NKE,0.02,equal_weight
2021-10-01,NKE,0.02,equal_weight
2021-11-01,NKE,0.02,equal_weight
2021-12-01,NKE,0.02,equal_weight
2022-01-03,NKE,0.02,equal_weight
2022-02-01,NKE,0.02,equal_weight
2022-03-01,NKE,0.02,equal_weight
2022-04-01,NKE,0.02,equal_weight
2022-05-02,NKE,0.02,equal_weight
2022-06-01,NKE,0.02,equal_weight
2022-07-01,NKE,0.02,equal_weight
2022-08-01,NKE,0.02,equal_weight
2022-09-01,NKE,0.02,equal_weight
2022-10-03,NKE,0.02,equal_weight
2022-11-01,NKE,0.02,equal_weight
2022-12-01,NKE,0.02,equal_weight
2023-01-03,NKE,0.02,equal_weight
2023-02-01,NKE,0.02,equal_weight
2023-03-01,NKE,0.02,equal_weight
2023-04-03,NKE,0.02,equal_weight
2023-05-01,NKE,0.02,equal_weight
2023-06-01,NKE,0.02,equal_weight
2023-07-03,NKE,0.02,equal_weight
2023-08-01,NKE,0.02,equal_weight
2023-09-01,NKE,0.02,equal_weight
2023-10-02,NKE,0.02,equal_weight
2023-11-01,NKE,0.02,equal_weight
2023-12-01,NKE,0.02,equal_weight
2021-01-04,NUE,0.02,equal_weight
2021-02-01,NUE,0.02,equal_weight
2021-03-01,NUE,0.02,equal_weight
2021-04-01,NUE,0.02,equal_weight
2021-05-03,NUE,0.02,equal_weight
2021-06-01,NUE,0.02,equal_weight
2021-07-01,NUE,0.02,equal_weight
2021-08-02,NUE,0.02,equal_weight
2021-09-01,NUE,0.02,equal_weight
2021-10-01,NUE,0.02,equal_weight
2021-11-01,NUE,0.02,equal_weight
2021-12-01,NUE,0.02,equal_weight
2022-01-03,NUE,0.02,equal_weight
2022-02-01,NUE,0.02,equal_weight
2022-03-01,NUE,0.02,equal_weight
2022-04-01,NUE,0.02,equal_weight
2022-05-02,NUE,0.02,equal_weight
2022-06-01,NUE,0.02,equal_weight
2022-07-01,NUE,0.02,equal_weight
2022-08-01,NUE,0.02,equal_weight
2022-09-01,NUE,0.02,equal_weight
2022-10-03,NUE,0.02,equal_weight
2022-11-01,NUE,0.02,equal_weight
2022-12-01,NUE,0.02,equal_weight
2023-01-03,NUE,0.02,equal_weight
2023-02-01,NUE,0.02,equal_weight
2023-03-01,NUE,0.02,equal_weight
2023-04-03,NUE,0.02,equal_weight
2023-05-01,NUE,0.02,equal_weight
2023-06-01,NUE,0.02,equal_weight
2023-07-03,NUE,0.02,equal_weight
2023-08-01,NUE,0.02,equal_weight
2023-09-01,NUE,0.02,equal_weight
2023-10-02,NUE,0.02,equal_weight
2023-11-01,NUE,0.02,equal_weight
2023-12-01,NUE,0.02,equal_weight
2021-01-04,NVDA,0.02,equal_weight
2021-02-01,NVDA,0.02,equal_weight
2021-03-01,NVDA,0.02,equal_weight
2021-04-01,NVDA,0.02,equal_weight
2021-05-03,NVDA,0.02,equal_weight
2021-06-01,NVDA,0.02,equal_weight
2021-07-01,NVDA,0.02,equal_weight
2021-08-02,NVDA,0.02,equal_weight
2021-09-01,NVDA,0.02,equal_weight
2021-10-01,NVDA,0.02,equal_weight
2021-11-01,NVDA,0.02,equal_weight
2021-12-01,NVDA,0.02,equal_weight
2022-01-03,NVDA,0.02,equal_weight
2022-02-01,NVDA,0.02,equal_weight
2022-03-01,NVDA,0.02,equal_weight
2022-04-01,NVDA,0.02,equal_weight
2022-05-02,NVDA,0.02,equal_weight
2022-06-01,NVDA,0.02,equal_weight
2022-07-01,NVDA,0.02,equal_weight
2022-08-01,NVDA,0.02,equal_weight
2022-09-01,NVDA,0.02,equal_weight
2022-10-03,NVDA,0.02,equal_weight
2022-11-01,NVDA,0.02,equal_weight
2022-12-01,NVDA,0.02,equal_weight
2023-01-03,NVDA,0.02,equal_weight
2023-02-01,NVDA,0.02,equal_weight
2023-03-01,NVDA,0.02,equal_weight
2023-04-03,NVDA,0.02,equal_weight
2023-05-01,NVDA,0.02,equal_weight
2023-06-01,NVDA,0.02,equal_weight
2023-07-03,NVDA,0.02,equal_weight
2023-08-01,NVDA,0.02,equal_weight
2023-09-01,NVDA,0.02,equal_weight
2023-10-02,NVDA,0.02,equal_weight
2023-11-01,NVDA,0.02,equal_weight
2023-12-01,NVDA,0.02,equal_weight
2021-01-04,O,0.02,equal_weight
2021-02-01,O,0.02,equal_weight
2021-03-01,O,0.02,equal_weight
2021-04-01,O,0.02,equal_weight
2021-05-03,O,0.02,equal_weight
2021-06-01,O,0.02,equal_weight
2021-07-01,O,0.02,equal_weight
2021-08-02,O,0.02,equal_weight
2021-09-01,O,0.02,equal_weight
2021-10-01,O,0.02,equal_weight
2021-11-01,O,0.02,equal_weight
2021-12-01,O,0.02,equal_weight
2022-01-03,O,0.02,equal_weight
2022-02-01,O,0.02,equal_weight
2022-03-01,O,0.02,equal_weight
2022-04-01,O,0.02,equal_weight
2022-05-02,O,0.02,equal_weight
2022-06-01,O,0.02,equal_weight
2022-07-01,O,0.02,equal_weight
2022-08-01,O,0.02,equal_weight
2022-09-01,O,0.02,equal_weight
2022-10-03,O,0.02,equal_weight
2022-11-01,O,0.02,equal_weight
2022-12-01,O,0.02,equal_weight
2023-01-03,O,0.02,equal_weight
2023-02-01,O,0.02,equal_weight
2023-03-01,O,0.02,equal_weight
2023-04-03,O,0.02,equal_weight
2023-05-01,O,0.02,equal_weight
2023-06-01,O,0.02,equal_weight
2023-07-03,O,0.02,equal_weight
2023-08-01,O,0.02,equal_weight
2023-09-01,O,0.02,equal_weight
2023-10-02,O,0.02,equal_weight
2023-11-01,O,0.02,equal_weight
2023-12-01,O,0.02,equal_weight
2021-01-04,OXY,0.02,equal_weight
2021-02-01,OXY,0.02,equal_weight
2021-03-01,OXY,0.02,equal_weight
2021-04-01,OXY,0.02,equal_weight
2021-05-03,OXY,0.02,equal_weight
2021-06-01,OXY,0.02,equal_weight
2021-07-01,OXY,0.02,equal_weight
2021-08-02,OXY,0.02,equal_weight
2021-09-01,OXY,0.02,equal_weight
2021-10-01,OXY,0.02,equal_weight
2021-11-01,OXY,0.02,equal_weight
2021-12-01,OXY,0.02,equal_weight
2022-01-03,OXY,0.02,equal_weight
2022-02-01,OXY,0.02,equal_weight
2022-03-01,OXY,0.02,equal_weight
2022-04-01,OXY,0.02,equal_weight
2022-05-02,OXY,0.02,equal_weight
2022-06-01,OXY,0.02,equal_weight
2022-07-01,OXY,0.02,equal_weight
2022-08-01,OXY,0.02,equal_weight
2022-09-01,OXY,0.02,equal_weight
2022-10-03,OXY,0.02,equal_weight
2022-11-01,OXY,0.02,equal_weight
2022-12-01,OXY,0.02,equal_weight
2023-01-03,OXY,0.02,equal_weight
2023-02-01,OXY,0.02,equal_weight
2023-03-01,OXY,0.02,equal_weight
2023-04-03,OXY,0.02,equal_weight
2023-05-01,OXY,0.02,equal_weight
2023-06-01,OXY,0.02,equal_weight
2023-07-03,OXY,0.02,equal_weight
2023-08-01,OXY,0.02,equal_weight
2023-09-01,OXY,0.02,equal_weight
2023-10-02,OXY,0.02,equal_weight
2023-11-01,OXY,0.02,equal_weight
2023-12-01,OXY,0.02,equal_weight
2021-01-04,PLD,0.02,equal_weight
2021-02-01,PLD,0.02,equal_weight
2021-03-01,PLD,0.02,equal_weight
2021-04-01,PLD,0.02,equal_weight
2021-05-03,PLD,0.02,equal_weight
2021-06-01,PLD,0.02,equal_weight
2021-07-01,PLD,0.02,equal_weight
2021-08-02,PLD,0.02,equal_weight
2021-09-01,PLD,0.02,equal_weight
2021-10-01,PLD,0.02,equal_weight
2021-11-01,PLD,0.02,equal_weight
2021-12-01,PLD,0.02,equal_weight
2022-01-03,PLD,0.02,equal_weight
2022-02-01,PLD,0.02,equal_weight
2022-03-01,PLD,0.02,equal_weight
2022-04-01,PLD,0.02,equal_weight
2022-05-02,PLD,0.02,equal_weight
2022-06-01,PLD,0.02,equal_weight
2022-07-01,PLD,0.02,equal_weight
2022-08-01,PLD,0.02,equal_weight
2022-09-01,PLD,0.02,equal_weight
2022-10-03,PLD,0.02,equal_weight
2022-11-01,PLD,0.02,equal_weight
2022-12-01,PLD,0.02,equal_weight
2023-01-03,PLD,0.02,equal_weight
2023-02-01,PLD,0.02,equal_weight
2023-03-01,PLD,0.02,equal_weight
2023-04-03,PLD,0.02,equal_weight
2023-05-01,PLD,0.02,equal_weight
2023-06-01,PLD,0.02,equal_weight
2023-07-03,PLD,0.02,equal_weight
2023-08-01,PLD,0.02,equal_weight
2023-09-01,PLD,0.02,equal_weight
2023-10-02,PLD,0.02,equal_weight
2023-11-01,PLD,0.02,equal_weight
2023-12-01,PLD,0.02,equal_weight
2021-01-04,PSA,0.02,equal_weight
2021-02-01,PSA,0.02,equal_weight
2021-03-01,PSA,0.02,equal_weight
2021-04-01,PSA,0.02,equal_weight
2021-05-03,PSA,0.02,equal_weight
2021-06-01,PSA,0.02,equal_weight
2021-07-01,PSA,0.02,equal_weight
2021-08-02,PSA,0.02,equal_weight
2021-09-01,PSA,0.02,equal_weight
2021-10-01,PSA,0.02,equal_weight
2021-11-01,PSA,0.02,equal_weight
2021-12-01,PSA,0.02,equal_weight
2022-01-03,PSA,0.02,equal_weight
2022-02-01,PSA,0.02,equal_weight
2022-03-01,PSA,0.02,equal_weight
2022-04-01,PSA,0.02,equal_weight
2022-05-02,PSA,0.02,equal_weight
2022-06-01,PSA,0.02,equal_weight
2022-07-01,PSA,0.02,equal_weight
2022-08-01,PSA,0.02,equal_weight
2022-09-01,PSA,0.02,equal_weight
2022-10-03,PSA,0.02,equal_weight
2022-11-01,PSA,0.02,equal_weight
2022-12-01,PSA,0.02,equal_weight
2023-01-03,PSA,0.02,equal_weight
2023-02-01,PSA,0.02,equal_weight
2023-03-01,PSA,0.02,equal_weight
2023-04-03,PSA,0.02,equal_weight
2023-05-01,PSA,0.02,equal_weight
2023-06-01,PSA,0.02,equal_weight
2023-07-03,PSA,0.02,equal_weight
2023-08-01,PSA,0.02,equal_weight
2023-09-01,PSA,0.02,equal_weight
2023-10-02,PSA,0.02,equal_weight
2023-11-01,PSA,0.02,equal_weight
2023-12-01,PSA,0.02,equal_weight
2021-01-04,QCOM,0.02,equal_weight
2021-02-01,QCOM,0.02,equal_weight
2021-03-01,QCOM,0.02,equal_weight
2021-04-01,QCOM,0.02,equal_weight
2021-05-03,QCOM,0.02,equal_weight
2021-06-01,QCOM,0.02,equal_weight
2021-07-01,QCOM,0.02,equal_weight
2021-08-02,QCOM,0.02,equal_weight
2021-09-01,QCOM,0.02,equal_weight
2021-10-01,QCOM,0.02,equal_weight
2021-11-01,QCOM,0.02,equal_weight
2021-12-01,QCOM,0.02,equal_weight
2022-01-03,QCOM,0.02,equal_weight
2022-02-01,QCOM,0.02,equal_weight
2022-03-01,QCOM,0.02,equal_weight
2022-04-01,QCOM,0.02,equal_weight
2022-05-02,QCOM,0.02,equal_weight
2022-06-01,QCOM,0.02,equal_weight
2022-07-01,QCOM,0.02,equal_weight
2022-08-01,QCOM,0.02,equal_weight
2022-09-01,QCOM,0.02,equal_weight
2022-10-03,QCOM,0.02,equal_weight
2022-11-01,QCOM,0.02,equal_weight
2022-12-01,QCOM,0.02,equal_weight
2023-01-03,QCOM,0.02,equal_weight
2023-02-01,QCOM,0.02,equal_weight
2023-03-01,QCOM,0.02,equal_weight
2023-04-03,QCOM,0.02,equal_weight
2023-05-01,QCOM,0.02,equal_weight
2023-06-01,QCOM,0.02,equal_weight
2023-07-03,QCOM,0.02,equal_weight
2023-08-01,QCOM,0.02,equal_weight
2023-09-01,QCOM,0.02,equal_weight
2023-10-02,QCOM,0.02,equal_weight
2023-11-01,QCOM,0.02,equal_weight
2023-12-01,QCOM,0.02,equal_weight
2021-01-04,SBUX,0.02,equal_weight
2021-02-01,SBUX,0.02,equal_weight
2021-03-01,SBUX,0.02,equal_weight
2021-04-01,SBUX,0.02,equal_weight
2021-05-03,SBUX,0.02,equal_weight
2021-06-01,SBUX,0.02,equal_weight
2021-07-01,SBUX,0.02,equal_weight
2021-08-02,SBUX,0.02,equal_weight
2021-09-01,SBUX,0.02,equal_weight
2021-10-01,SBUX,0.02,equal_weight
2021-11-01,SBUX,0.02,equal_weight
2021-12-01,SBUX,0.02,equal_weight
2022-01-03,SBUX,0.02,equal_weight
2022-02-01,SBUX,0.02,equal_weight
2022-03-01,SBUX,0.02,equal_weight
2022-04-01,SBUX,0.02,equal_weight
2022-05-02,SBUX,0.02,equal_weight
2022-06-01,SBUX,0.02,equal_weight
2022-07-01,SBUX,0.02,equal_weight
2022-08-01,SBUX,0.02,equal_weight
2022-09-01,SBUX,0.02,equal_weight
2022-10-03,SBUX,0.02,equal_weight
2022-11-01,SBUX,0.02,equal_weight
2022-12-01,SBUX,0.02,equal_weight
2023-01-03,SBUX,0.02,equal_weight
2023-02-01,SBUX,0.02,equal_weight
2023-03-01,SBUX,0.02,equal_weight
2023-04-03,SBUX,0.02,equal_weight
2023-05-01,SBUX,0.02,equal_weight
2023-06-01,SBUX,0.02,equal_weight
2023-07-03,SBUX,0.02,equal_weight
2023-08-01,SBUX,0.02,equal_weight
2023-09-01,SBUX,0.02,equal_weight
2023-10-02,SBUX,0.02,equal_weight
2023-11-01,SBUX,0.02,equal_weight
2023-12-01,SBUX,0.02,equal_weight
2021-01-04,SHW,0.02,equal_weight
2021-02-01,SHW,0.02,equal_weight
2021-03-01,SHW,0.02,equal_weight
2021-04-01,SHW,0.02,equal_weight
2021-05-03,SHW,0.02,equal_weight
2021-06-01,SHW,0.02,equal_weight
2021-07-01,SHW,0.02,equal_weight
2021-08-02,SHW,0.02,equal_weight
2021-09-01,SHW,0.02,equal_weight
2021-10-01,SHW,0.02,equal_weight
2021-11-01,SHW,0.02,equal_weight
2021-12-01,SHW,0.02,equal_weight
2022-01-03,SHW,0.02,equal_weight
2022-02-01,SHW,0.02,equal_weight
2022-03-01,SHW,0.02,equal_weight
2022-04-01,SHW,0.02,equal_weight
2022-05-02,SHW,0.02,equal_weight
2022-06-01,SHW,0.02,equal_weight
2022-07-01,SHW,0.02,equal_weight
2022-08-01,SHW,0.02,equal_weight
2022-09-01,SHW,0.02,equal_weight
2022-10-03,SHW,0.02,equal_weight
2022-11-01,SHW,0.02,equal_weight
2022-12-01,SHW,0.02,equal_weight
2023-01-03,SHW,0.02,equal_weight
2023-02-01,SHW,0.02,equal_weight
2023-03-01,SHW,0.02,equal_weight
2023-04-03,SHW,0.02,equal_weight
2023-05-01,SHW,0.02,equal_weight
2023-06-01,SHW,0.02,equal_weight
2023-07-03,SHW,0.02,equal_weight
2023-08-01,SHW,0.02,equal_weight
2023-09-01,SHW,0.02,equal_weight
2023-10-02,SHW,0.02,equal_weight
2023-11-01,SHW,0.02,equal_weight
2023-12-01,SHW,0.02,equal_weight
2021-01-04,SLB,0.02,equal_weight
2021-02-01,SLB,0.02,equal_weight
2021-03-01,SLB,0.02,equal_weight
2021-04-01,SLB,0.02,equal_weight
2021-05-03,SLB,0.02,equal_weight
2021-06-01,SLB,0.02,equal_weight
2021-07-01,SLB,0.02,equal_weight
2021-08-02,SLB,0.02,equal_weight
2021-09-01,SLB,0.02,equal_weight
2021-10-01,SLB,0.02,equal_weight
2021-11-01,SLB,0.02,equal_weight
2021-12-01,SLB,0.02,equal_weight
2022-01-03,SLB,0.02,equal_weight
2022-02-01,SLB,0.02,equal_weight
2022-03-01,SLB,0.02,equal_weight
2022-04-01,SLB,0.02,equal_weight
2022-05-02,SLB,0.02,equal_weight
2022-06-01,SLB,0.02,equal_weight
2022-07-01,SLB,0.02,equal_weight
2022-08-01,SLB,0.02,equal_weight
2022-09-01,SLB,0.02,equal_weight
2022-10-03,SLB,0.02,equal_weight
2022-11-01,SLB,0.02,equal_weight
2022-12-01,SLB,0.02,equal_weight
2023-01-03,SLB,0.02,equal_weight
2023-02-01,SLB,0.02,equal_weight
2023-03-01,SLB,0.02,equal_weight
2023-04-03,SLB,0.02,equal_weight
2023-05-01,SLB,0.02,equal_weight
2023-06-01,SLB,0.02,equal_weight
2023-07-03,SLB,0.02,equal_weight
2023-08-01,SLB,0.02,equal_weight
2023-09-01,SLB,0.02,equal_weight
2023-10-02,SLB,0.02,equal_weight
2023-11-01,SLB,0.02,equal_weight
2023-12-01,SLB,0.02,equal_weight
2021-01-04,SO,0.02,equal_weight
2021-02-01,SO,0.02,equal_weight
2021-03-01,SO,0.02,equal_weight
2021-04-01,SO,0.02,equal_weight
2021-05-03,SO,0.02,equal_weight
2021-06-01,SO,0.02,equal_weight
2021-07-01,SO,0.02,equal_weight
2021-08-02,SO,0.02,equal_weight
2021-09-01,SO,0.02,equal_weight
2021-10-01,SO,0.02,equal_weight
2021-11-01,SO,0.02,equal_weight
2021-12-01,SO,0.02,equal_weight
2022-01-03,SO,0.02,equal_weight
2022-02-01,SO,0.02,equal_weight
2022-03-01,SO,0.02,equal_weight
2022-04-01,SO,0.02,equal_weight
2022-05-02,SO,0.02,equal_weight
2022-06-01,SO,0.02,equal_weight
2022-07-01,SO,0.02,equal_weight
2022-08-01,SO,0.02,equal_weight
2022-09-01,SO,0.02,equal_weight
2022-10-03,SO,0.02,equal_weight
2022-11-01,SO,0.02,equal_weight
2022-12-01,SO,0.02,equal_weight
2023-01-03,SO,0.02,equal_weight
2023-02-01,SO,0.02,equal_weight
2023-03-01,SO,0.02,equal_weight
2023-04-03,SO,0.02,equal_weight
2023-05-01,SO,0.02,equal_weight
2023-06-01,SO,0.02,equal_weight
2023-07-03,SO,0.02,equal_weight
2023-08-01,SO,0.02,equal_weight
2023-09-01,SO,0.02,equal_weight
2023-10-02,SO,0.02,equal_weight
2023-11-01,SO,0.02,equal_weight
2023-12-01,SO,0.02,equal_weight
2021-01-04,T,0.02,equal_weight
2021-02-01,T,0.02,equal_weight
2021-03-01,T,0.02,equal_weight
2021-04-01,T,0.02,equal_weight
2021-05-03,T,0.02,equal_weight
2021-06-01,T,0.02,equal_weight
2021-07-01,T,0.02,equal_weight
2021-08-02,T,0.02,equal_weight
2021-09-01,T,0.02,equal_weight
2021-10-01,T,0.02,equal_weight
2021-11-01,T,0.02,equal_weight
2021-12-01,T,0.02,equal_weight
2022-01-03,T,0.02,equal_weight
2022-02-01,T,0.02,equal_weight
2022-03-01,T,0.02,equal_weight
2022-04-01,T,0.02,equal_weight
2022-05-02,T,0.02,equal_weight
2022-06-01,T,0.02,equal_weight
2022-07-01,T,0.02,equal_weight
2022-08-01,T,0.02,equal_weight
2022-09-01,T,0.02,equal_weight
2022-10-03,T,0.02,equal_weight
2022-11-01,T,0.02,equal_weight
2022-12-01,T,0.02,equal_weight
2023-01-03,T,0.02,equal_weight
2023-02-01,T,0.02,equal_weight
2023-03-01,T,0.02,equal_weight
2023-04-03,T,0.02,equal_weight
2023-05-01,T,0.02,equal_weight
2023-06-01,T,0.02,equal_weight
2023-07-03,T,0.02,equal_weight
2023-08-01,T,0.02,equal_weight
2023-09-01,T,0.02,equal_weight
2023-10-02,T,0.02,equal_weight
2023-11-01,T,0.02,equal_weight
2023-12-01,T,0.02,equal_weight
2021-01-04,TMUS,0.02,equal_weight
2021-02-01,TMUS,0.02,equal_weight
2021-03-01,TMUS,0.02,equal_weight
2021-04-01,TMUS,0.02,equal_weight
2021-05-03,TMUS,0.02,equal_weight
2021-06-01,TMUS,0.02,equal_weight
2021-07-01,TMUS,0.02,equal_weight
2021-08-02,TMUS,0.02,equal_weight
2021-09-01,TMUS,0.02,equal_weight
2021-10-01,TMUS,0.02,equal_weight
2021-11-01,TMUS,0.02,equal_weight
2021-12-01,TMUS,0.02,equal_weight
2022-01-03,TMUS,0.02,equal_weight
2022-02-01,TMUS,0.02,equal_weight
2022-03-01,TMUS,0.02,equal_weight
2022-04-01,TMUS,0.02,equal_weight
2022-05-02,TMUS,0.02,equal_weight
2022-06-01,TMUS,0.02,equal_weight
2022-07-01,TMUS,0.02,equal_weight
2022-08-01,TMUS,0.02,equal_weight
2022-09-01,TMUS,0.02,equal_weight
2022-10-03,TMUS,0.02,equal_weight
2022-11-01,TMUS,0.02,equal_weight
2022-12-01,TMUS,0.02,equal_weight
2023-01-03,TMUS,0.02,equal_weight
2023-02-01,TMUS,0.02,equal_weight
2023-03-01,TMUS,0.02,equal_weight
2023-04-03,TMUS,0.02,equal_weight
2023-05-01,TMUS,0.02,equal_weight
2023-06-01,TMUS,0.02,equal_weight
2023-07-03,TMUS,0.02,equal_weight
2023-08-01,TMUS,0.02,equal_weight
2023-09-01,TMUS,0.02,equal_weight
2023-10-02,TMUS,0.02,equal_weight
2023-11-01,TMUS,0.02,equal_weight
2023-12-01,TMUS,0.02,equal_weight
2021-01-04,TTWO,0.02,equal_weight
2021-02-01,TTWO,0.02,equal_weight
2021-03-01,TTWO,0.02,equal_weight
2021-04-01,TTWO,0.02,equal_weight
2021-05-03,TTWO,0.02,equal_weight
2021-06-01,TTWO,0.02,equal_weight
2021-07-01,TTWO,0.02,equal_weight
2021-08-02,TTWO,0.02,equal_weight
2021-09-01,TTWO,0.02,equal_weight
2021-10-01,TTWO,0.02,equal_weight
2021-11-01,TTWO,0.02,equal_weight
2021-12-01,TTWO,0.02,equal_weight
2022-01-03,TTWO,0.02,equal_weight
2022-02-01,TTWO,0.02,equal_weight
2022-03-01,TTWO,0.02,equal_weight
2022-04-01,TTWO,0.02,equal_weight
2022-05-02,TTWO,0.02,equal_weight
2022-06-01,TTWO,0.02,equal_weight
2022-07-01,TTWO,0.02,equal_weight
2022-08-01,TTWO,0.02,equal_weight
2022-09-01,TTWO,0.02,equal_weight
2022-10-03,TTWO,0.02,equal_weight
2022-11-01,TTWO,0.02,equal_weight
2022-12-01,TTWO,0.02,equal_weight
2023-01-03,TTWO,0.02,equal_weight
2023-02-01,TTWO,0.02,equal_weight
2023-03-01,TTWO,0.02,equal_weight
2023-04-03,TTWO,0.02,equal_weight
2023-05-01,TTWO,0.02,equal_weight
2023-06-01,TTWO,0.02,equal_weight
2023-07-03,TTWO,0.02,equal_weight
2023-08-01,TTWO,0.02,equal_weight
2023-09-01,TTWO,0.02,equal_weight
2023-10-02,TTWO,0.02,equal_weight
2023-11-01,TTWO,0.02,equal_weight
2023-12-01,TTWO,0.02,equal_weight
2021-01-04,UPS,0.02,equal_weight
2021-02-01,UPS,0.02,equal_weight
2021-03-01,UPS,0.02,equal_weight
2021-04-01,UPS,0.02,equal_weight
2021-05-03,UPS,0.02,equal_weight
2021-06-01,UPS,0.02,equal_weight
2021-07-01,UPS,0.02,equal_weight
2021-08-02,UPS,0.02,equal_weight
2021-09-01,UPS,0.02,equal_weight
2021-10-01,UPS,0.02,equal_weight
2021-11-01,UPS,0.02,equal_weight
2021-12-01,UPS,0.02,equal_weight
2022-01-03,UPS,0.02,equal_weight
2022-02-01,UPS,0.02,equal_weight
2022-03-01,UPS,0.02,equal_weight
2022-04-01,UPS,0.02,equal_weight
2022-05-02,UPS,0.02,equal_weight
2022-06-01,UPS,0.02,equal_weight
2022-07-01,UPS,0.02,equal_weight
2022-08-01,UPS,0.02,equal_weight
2022-09-01,UPS,0.02,equal_weight
2022-10-03,UPS,0.02,equal_weight
2022-11-01,UPS,0.02,equal_weight
2022-12-01,UPS,0.02,equal_weight
2023-01-03,UPS,0.02,equal_weight
2023-02-01,UPS,0.02,equal_weight
2023-03-01,UPS,0.02,equal_weight
2023-04-03,UPS,0.02,equal_weight
2023-05-01,UPS,0.02,equal_weight
2023-06-01,UPS,0.02,equal_weight
2023-07-03,UPS,0.02,equal_weight
2023-08-01,UPS,0.02,equal_weight
2023-09-01,UPS,0.02,equal_weight
2023-10-02,UPS,0.02,equal_weight
2023-11-01,UPS,0.02,equal_weight
2023-12-01,UPS,0.02,equal_weight
2021-01-04,USB,0.02,equal_weight
2021-02-01,USB,0.02,equal_weight
2021-03-01,USB,0.02,equal_weight
2021-04-01,USB,0.02,equal_weight
2021-05-03,USB,0.02,equal_weight
2021-06-01,USB,0.02,equal_weight
2021-07-01,USB,0.02,equal_weight
2021-08-02,USB,0.02,equal_weight
2021-09-01,USB,0.02,equal_weight
2021-10-01,USB,0.02,equal_weight
2021-11-01,USB,0.02,equal_weight
2021-12-01,USB,0.02,equal_weight
2022-01-03,USB,0.02,equal_weight
2022-02-01,USB,0.02,equal_weight
2022-03-01,USB,0.02,equal_weight
2022-04-01,USB,0.02,equal_weight
2022-05-02,USB,0.02,equal_weight
2022-06-01,USB,0.02,equal_weight
2022-07-01,USB,0.02,equal_weight
2022-08-01,USB,0.02,equal_weight
2022-09-01,USB,0.02,equal_weight
2022-10-03,USB,0.02,equal_weight
2022-11-01,USB,0.02,equal_weight
2022-12-01,USB,0.02,equal_weight
2023-01-03,USB,0.02,equal_weight
2023-02-01,USB,0.02,equal_weight
2023-03-01,USB,0.02,equal_weight
2023-04-03,USB,0.02,equal_weight
2023-05-01,USB,0.02,equal_weight
2023-06-01,USB,0.02,equal_weight
2023-07-03,USB,0.02,equal_weight
2023-08-01,USB,0.02,equal_weight
2023-09-01,USB,0.02,equal_weight
2023-10-02,USB,0.02,equal_weight
2023-11-01,USB,0.02,equal_weight
2023-12-01,USB,0.02,equal_weight
2021-01-04,V,0.02,equal_weight
2021-02-01,V,0.02,equal_weight
2021-03-01,V,0.02,equal_weight
2021-04-01,V,0.02,equal_weight
2021-05-03,V,0.02,equal_weight
2021-06-01,V,0.02,equal_weight
2021-07-01,V,0.02,equal_weight
2021-08-02,V,0.02,equal_weight
2021-09-01,V,0.02,equal_weight
2021-10-01,V,0.02,equal_weight
2021-11-01,V,0.02,equal_weight
2021-12-01,V,0.02,equal_weight
2022-01-03,V,0.02,equal_weight
2022-02-01,V,0.02,equal_weight
2022-03-01,V,0.02,equal_weight
2022-04-01,V,0.02,equal_weight
2022-05-02,V,0.02,equal_weight
2022-06-01,V,0.02,equal_weight
2022-07-01,V,0.02,equal_weight
2022-08-01,V,0.02,equal_weight
2022-09-01,V,0.02,equal_weight
2022-10-03,V,0.02,equal_weight
2022-11-01,V,0.02,equal_weight
2022-12-01,V,0.02,equal_weight
2023-01-03,V,0.02,equal_weight
2023-02-01,V,0.02,equal_weight
2023-03-01,V,0.02,equal_weight
2023-04-03,V,0.02,equal_weight
2023-05-01,V,0.02,equal_weight
2023-06-01,V,0.02,equal_weight
2023-07-03,V,0.02,equal_weight
2023-08-01,V,0.02,equal_weight
2023-09-01,V,0.02,equal_weight
2023-10-02,V,0.02,equal_weight
2023-11-01,V,0.02,equal_weight
2023-12-01,V,0.02,equal_weight
2021-01-04,WFC,0.02,equal_weight
2021-02-01,WFC,0.02,equal_weight
2021-03-01,WFC,0.02,equal_weight
2021-04-01,WFC,0.02,equal_weight
2021-05-03,WFC,0.02,equal_weight
2021-06-01,WFC,0.02,equal_weight
2021-07-01,WFC,0.02,equal_weight
2021-08-02,WFC,0.02,equal_weight
2021-09-01,WFC,0.02,equal_weight
2021-10-01,WFC,0.02,equal_weight
2021-11-01,WFC,0.02,equal_weight
2021-12-01,WFC,0.02,equal_weight
2022-01-03,WFC,0.02,equal_weight
2022-02-01,WFC,0.02,equal_weight
2022-03-01,WFC,0.02,equal_weight
2022-04-01,WFC,0.02,equal_weight
2022-05-02,WFC,0.02,equal_weight
2022-06-01,WFC,0.02,equal_weight
2022-07-01,WFC,0.02,equal_weight
2022-08-01,WFC,0.02,equal_weight
2022-09-01,WFC,0.02,equal_weight
2022-10-03,WFC,0.02,equal_weight
2022-11-01,WFC,0.02,equal_weight
2022-12-01,WFC,0.02,equal_weight
2023-01-03,WFC,0.02,equal_weight
2023-02-01,WFC,0.02,equal_weight
2023-03-01,WFC,0.02,equal_weight
2023-04-03,WFC,0.02,equal_weight
2023-05-01,WFC,0.02,equal_weight
2023-06-01,WFC,0.02,equal_weight
2023-07-03,WFC,0.02,equal_weight
2023-08-01,WFC,0.02,equal_weight
2023-09-01,WFC,0.02,equal_weight
2023-10-02,WFC,0.02,equal_weight
2023-11-01,WFC,0.02,equal_weight
2023-12-01,WFC,0.02,equal_weight
2021-01-04,WMT,0.02,equal_weight
2021-02-01,WMT,0.02,equal_weight
2021-03-01,WMT,0.02,equal_weight
2021-04-01,WMT,0.02,equal_weight
2021-05-03,WMT,0.02,equal_weight
2021-06-01,WMT,0.02,equal_weight
2021-07-01,WMT,0.02,equal_weight
2021-08-02,WMT,0.02,equal_weight
2021-09-01,WMT,0.02,equal_weight
2021-10-01,WMT,0.02,equal_weight
2021-11-01,WMT,0.02,equal_weight
2021-12-01,WMT,0.02,equal_weight
2022-01-03,WMT,0.02,equal_weight
2022-02-01,WMT,0.02,equal_weight
2022-03-01,WMT,0.02,equal_weight
2022-04-01,WMT,0.02,equal_weight
2022-05-02,WMT,0.02,equal_weight
2022-06-01,WMT,0.02,equal_weight
2022-07-01,WMT,0.02,equal_weight
2022-08-01,WMT,0.02,equal_weight
2022-09-01,WMT,0.02,equal_weight
2022-10-03,WMT,0.02,equal_weight
2022-11-01,WMT,0.02,equal_weight
2022-12-01,WMT,0.02,equal_weight
2023-01-03,WMT,0.02,equal_weight
2023-02-01,WMT,0.02,equal_weight
2023-03-01,WMT,0.02,equal_weight
2023-04-03,WMT,0.02,equal_weight
2023-05-01,WMT,0.02,equal_weight
2023-06-01,WMT,0.02,equal_weight
2023-07-03,WMT,0.02,equal_weight
2023-08-01,WMT,0.02,equal_weight
2023-09-01,WMT,0.02,equal_weight
2023-10-02,WMT,0.02,equal_weight
2023-11-01,WMT,0.02,equal_weight
2023-12-01,WMT,0.02,equal_weight
2021-01-04,XOM,0.02,equal_weight
2021-02-01,XOM,0.02,equal_weight
2021-03-01,XOM,0.02,equal_weight
2021-04-01,XOM,0.02,equal_weight
2021-05-03,XOM,0.02,equal_weight
2021-06-01,XOM,0.02,equal_weight
2021-07-01,XOM,0.02,equal_weight
2021-08-02,XOM,0.02,equal_weight
2021-09-01,XOM,0.02,equal_weight
2021-10-01,XOM,0.02,equal_weight
2021-11-01,XOM,0.02,equal_weight
2021-12-01,XOM,0.02,equal_weight
2022-01-03,XOM,0.02,equal_weight
2022-02-01,XOM,0.02,equal_weight
2022-03-01,XOM,0.02,equal_weight
2022-04-01,XOM,0.02,equal_weight
2022-05-02,XOM,0.02,equal_weight
2022-06-01,XOM,0.02,equal_weight
2022-07-01,XOM,0.02,equal_weight
2022-08-01,XOM,0.02,equal_weight
2022-09-01,XOM,0.02,equal_weight
2022-10-03,XOM,0.02,equal_weight
2022-11-01,XOM,0.02,equal_weight
2022-12-01,XOM,0.02,equal_weight
2023-01-03,XOM,0.02,equal_weight
2023-02-01,XOM,0.02,equal_weight
2023-03-01,XOM,0.02,equal_weight
2023-04-03,XOM,0.02,equal_weight
2023-05-01,XOM,0.02,equal_weight
2023-06-01,XOM,0.02,equal_weight
2023-07-03,XOM,0.02,equal_weight
2023-08-01,XOM,0.02,equal_weight
2023-09-01,XOM,0.02,equal_weight
2023-10-02,XOM,0.02,equal_weight
2023-11-01,XOM,0.02,equal_weight
2023-12-01,XOM,0.02,equal_weight
2021-01-04,ABBV,0.10660384726736276,min_variance
2021-02-01,ABBV,0.10180324633309855,min_variance
2021-03-01,ABBV,0.12510434512430557,min_variance
2021-04-01,ABBV,0.09902779755796894,min_variance
2021-05-03,ABBV,0.08053983086335081,min_variance
2021-06-01,ABBV,0.049548016172652795,min_variance
2021-07-01,ABBV,0.03707807269732564,min_variance
2021-08-02,ABBV,0.02878092819286334,min_variance
2021-09-01,ABBV,0.017952126907446648,min_variance
2021-10-01,ABBV,0.0,min_variance
2021-11-01,ABBV,0.01837854882452722,min_variance
2021-12-01,ABBV,0.032777821802020386,min_variance
2022-01-03,ABBV,0.024688050385326503,min_variance
2022-02-01,ABBV,0.04914467194917346,min_variance
2022-03-01,ABBV,0.04066684872632839,min_variance
2022-04-01,ABBV,0.0550603981912196,min_variance
2022-05-02,ABBV,0.022637112571006902,min_variance
2022-06-01,ABBV,0.06633040222408214,min_variance
2022-07-01,ABBV,0.04628833666442498,min_variance
2022-08-01,ABBV,0.05342594391178572,min_variance
2022-09-01,ABBV,0.05618833880506083,min_variance
2022-10-03,ABBV,0.07624435901796495,min_variance
2022-11-01,ABBV,0.09080235730218483,min_variance
2022-12-01,ABBV,0.0719153340276541,min_variance
2023-01-03,ABBV,0.08362353687617596,min_variance
2023-02-01,ABBV,0.06924164972800753,min_variance
2023-03-01,ABBV,0.05487819691589123,min_variance
2023-04-03,ABBV,0.0679605039848387,min_variance
2023-05-01,ABBV,0.08164982890658842,min_variance
2023-06-01,ABBV,0.05335827360984756,min_variance
2023-07-03,ABBV,0.07572792571317152,min_variance
2023-08-01,ABBV,0.06692491650515811,min_variance
2023-09-01,ABBV,0.059195813203788104,min_variance
2023-10-02,ABBV,0.050994217489452896,min_variance
2023-11-01,ABBV,0.06664965195048762,min_variance
2023-12-01,ABBV,0.06412331154824252,min_variance
2021-01-04,ABT,3.998137823978422e-18,min_variance
2021-02-01,ABT,0.0,min_variance
2021-03-01,ABT,0.0,min_variance
2021-04-01,ABT,2.2549522770322837e-17,min_variance
2021-05-03,ABT,8.555805636640605e-18,min_variance
2021-06-01,ABT,0.0,min_variance
2021-07-01,ABT,0.0061919425802324166,min_variance
2021-08-02,ABT,0.012274915703153361,min_variance
2021-09-01,ABT,0.015390678596112562,min_variance
2021-10-01,ABT,0.032566376902634225,min_variance
2021-11-01,ABT,0.05199750444886777,min_variance
2021-12-01,ABT,0.0727268470962635,min_variance
2022-01-03,ABT,0.06622343141472412,min_variance
2022-02-01,ABT,0.03641170806262095,min_variance
2022-03-01,ABT,0.020418838852649477,min_variance
2022-04-01,ABT,0.0070407450136373995,min_variance
2022-05-02,ABT,0.0,min_variance
2022-06-01,ABT,0.0,min_variance
2022-07-01,ABT,0.0,min_variance
2022-08-01,ABT,0.0,min_variance
2022-09-01,ABT,0.0,min_variance
2022-10-03,ABT,0.0,min_variance
2022-11-01,ABT,0.0,min_variance
2022-12-01,ABT,0.0,min_variance
2023-01-03,ABT,1.1571196237364845e-18,min_variance
2023-02-01,ABT,3.15546493473663e-18,min_variance
2023-03-01,ABT,1.7792618410999565e-18,min_variance
2023-04-03,ABT,1.1740139332877145e-17,min_variance
2023-05-01,ABT,0.0,min_variance
2023-06-01,ABT,0.0,min_variance
2023-07-03,ABT,1.9364784955378915e-17,min_variance
2023-08-01,ABT,5.535105776119151e-18,min_variance
2023-09-01,ABT,0.0,min_variance
2023-10-02,ABT,1.345113482796104e-18,min_variance
2023-11-01,ABT,0.008108583224037017,min_variance
2023-12-01,ABT,0.026873110901798683,min_variance
2021-01-04,ADBE,9.457868181833002e-20,min_variance
2021-02-01,ADBE,1.668482928063693e-18,min_variance
2021-03-01,ADBE,4.8553725530526584e-18,min_variance
2021-04-01,ADBE,1.6934611775480548e-18,min_variance
2021-05-03,ADBE,1.1442434682427526e-19,min_variance
2021-06-01,ADBE,0.0,min_variance
2021-07-01,ADBE,3.0216783520997533e-18,min_variance
2021-08-02,ADBE,0.0,min_variance
2021-09-01,ADBE,0.0,min_variance
2021-10-01,ADBE,1.9985296916310764e-18,min_variance
2021-11-01,ADBE,5.894825504665815e-18,min_variance
2021-12-01,ADBE,3.219961935155752e-18,min_variance
2022-01-03,ADBE,0.00985919005844537,min_variance
2022-02-01,ADBE,0.0049880550316789285,min_variance
2022-03-01,ADBE,0.004996693132236828,min_variance
2022-04-01,ADBE,0.0022884034514644817,min_variance
2022-05-02,ADBE,0.0055860411850628304,min_variance
2022-06-01,ADBE,0.0,min_variance
2022-07-01,ADBE,8.305159640800426e-20,min_variance
2022-08-01,ADBE,5.253902088649547e-20,min_variance
2022-09-01,ADBE,5.657614578456938e-19,min_variance
2022-10-03,ADBE,3.204211327304498e-19,min_variance
2022-11-01,ADBE,4.136734734183137e-20,min_variance
2022-12-01,ADBE,4.7461654500285786e-20,min_variance
2023-01-03,ADBE,2.0522597945129495e-19,min_variance
2023-02-01,ADBE,0.0,min_variance
2023-03-01,ADBE,5.528276745199799e-19,min_variance
2023-04-03,ADBE,3.720673955460013e-19,min_variance
2023-05-01,ADBE,0.0,min_variance
2023-06-01,ADBE,0.0,min_variance
2023-07-03,ADBE,0.0,min_variance
2023-08-01,ADBE,5.952330815751314e-19,min_variance
2023-09-01,ADBE,2.3988405968807304e-19,min_variance
2023-10-02,ADBE,0.0,min_variance
2023-11-01,ADBE,3.1038676667423945e-19,min_variance
2023-12-01,ADBE,0.0,min_variance
2021-01-04,AEP,0.0,min_variance
2021-02-01,AEP,0.0,min_variance
2021-03-01,AEP,0.0,min_variance
2021-04-01,AEP,0.0,min_variance
2021-05-03,AEP,0.05693407703815957,min_variance
2021-06-01,AEP,0.08933876263628815,min_variance
2021-07-01,AEP,0.07706728382692704,min_variance
2021-08-02,AEP,0.08426974917659137,min_variance
2021-09-01,AEP,0.09353053316918983,min_variance
2021-10-01,AEP,0.05427386152079799,min_variance
2021-11-01,AEP,0.05124166692618142,min_variance
2021-12-01,AEP,0.048188588024588044,min_variance
2022-01-03,AEP,0.05264957438712602,min_variance
2022-02-01,AEP,0.04329295222416373,min_variance
2022-03-01,AEP,0.04856816964455609,min_variance
2022-04-01,AEP,0.03353623908375977,min_variance
2022-05-02,AEP,0.018877519701058266,min_variance
2022-06-01,AEP,0.039336573592427274,min_variance
2022-07-01,AEP,0.023430293241799165,min_variance
2022-08-01,AEP,0.029930476987689414,min_variance
2022-09-01,AEP,0.018207740018203442,min_variance
2022-10-03,AEP,2.9654986019340606e-18,min_variance
2022-11-01,AEP,0.0,min_variance
2022-12-01,AEP,0.0,min_variance
2023-01-03,AEP,0.0,min_variance
2023-02-01,AEP,0.0,min_variance
2023-03-01,AEP,0.0,min_variance
2023-04-03,AEP,2.349932079615972e-18,min_variance
2023-05-01,AEP,0.0,min_variance
2023-06-01,AEP,0.0,min_variance
2023-07-03,AEP,5.31475058545456e-18,min_variance
2023-08-01,AEP,1.776833231042108e-18,min_variance
2023-09-01,AEP,2.0015395507889063e-18,min_variance
2023-10-02,AEP,5.2454418288898344e-18,min_variance
2023-11-01,AEP,2.9790152941630874e-18,min_variance
2023-12-01,AEP,0.0,min_variance
2021-01-04,AMD,2.532194830328885e-18,min_variance
2021-02-01,AMD,9.360874070629847e-19,min_variance
2021-03-01,AMD,5.142111142950366e-18,min_variance
2021-04-01,AMD,5.1066594932408446e-18,min_variance
2021-05-03,AMD,1.6574547602597437e-18,min_variance
2021-06-01,AMD,0.0,min_variance
2021-07-01,AMD,0.0005083138243126438,min_variance
2021-08-02,AMD,0.0,min_variance
2021-09-01,AMD,0.005405243196000592,min_variance
2021-10-01,AMD,0.015293478703434357,min_variance
2021-11-01,AMD,0.028179106393115695,min_variance
2021-12-01,AMD,0.020176670781215437,min_variance
2022-01-03,AMD,0.016933139134905295,min_variance
2022-02-01,AMD,0.005395045755894202,min_variance
2022-03-01,AMD,1.715891526890154e-18,min_variance
2022-04-01,AMD,4.833220737199099e-19,min_variance
2022-05-02,AMD,0.0,min_variance
2022-06-01,AMD,4.058893654792047e-20,min_variance
2022-07-01,AMD,0.0,min_variance
2022-08-01,AMD,3.516452364179326e-19,min_variance
2022-09-01,AMD,0.0,min_variance
2022-10-03,AMD,0.0,min_variance
2022-11-01,AMD,0.0,min_variance
2022-12-01,AMD,2.1466210560332557e-18,min_variance
2023-01-03,AMD,1.7599549541365632e-18,min_variance
2023-02-01,AMD,0.0,min_variance
2023-03-01,AMD,9.098296002957248e-20,min_variance
2023-04-03,AMD,2.4642387752641232e-18,min_variance
2023-05-01,AMD,0.0,min_variance
2023-06-01,AMD,1.636127020574697e-18,min_variance
2023-07-03,AMD,2.404232610662235e-18,min_variance
2023-08-01,AMD,0.0,min_variance
2023-09-01,AMD,2.7033063475890952e-18,min_variance
2023-10-02,AMD,0.0,min_variance
2023-11-01,AMD,0.0,min_variance
2023-12-01,AMD,0.0,min_variance
2021-01-04,AMGN,0.0,min_variance
2021-02-01,AMGN,9.116290928288277e-18,min_variance
2021-03-01,AMGN,0.0,min_variance
2021-04-01,AMGN,0.0,min_variance
2021-05-03,AMGN,0.0,min_variance
2021-06-01,AMGN,0.0,min_variance
2021-07-01,AMGN,1.3323865477642093e-18,min_variance
2021-08-02,AMGN,0.0,min_variance
2021-09-01,AMGN,1.4491895768572528e-18,min_variance
2021-10-01,AMGN,9.565244181010731e-19,min_variance
2021-11-01,AMGN,3.5974190804791356e-18,min_variance
2021-12-01,AMGN,1.8613817741669095e-18,min_variance
2022-01-03,AMGN,9.144761516927253e-19,min_variance
2022-02-01,AMGN,0.0,min_variance
2022-03-01,AMGN,2.273139158846349e-18,min_variance
2022-04-01,AMGN,2.5514899406404896e-18,min_variance
2022-05-02,AMGN,0.01991076856967851,min_variance
2022-06-01,AMGN,0.04584294575426444,min_variance
2022-07-01,AMGN,0.07076486703065613,min_variance
2022-08-01,AMGN,0.07833928040035021,min_variance
2022-09-01,AMGN,0.13741510794406817,min_variance
2022-10-03,AMGN,0.15857207360590045,min_variance
2022-11-01,AMGN,0.16807887601733146,min_variance
2022-12-01,AMGN,0.1557272383346371,min_variance
2023-01-03,AMGN,0.15930218814836417,min_variance
2023-02-01,AMGN,0.16157382441329157,min_variance
2023-03-01,AMGN,0.1914914333647493,min_variance
2023-04-03,AMGN,0.17780691273932148,min_variance
2023-05-01,AMGN,0.17088533682274096,min_variance
2023-06-01,AMGN,0.08956918326901125,min_variance
2023-07-03,AMGN,0.03599457602721219,min_variance
2023-08-01,AMGN,0.03470963120751247,min_variance
2023-09-01,AMGN,0.03836127787015965,min_variance
2023-10-02,AMGN,0.040810684154142005,min_variance
2023-11-01,AMGN,0.03937663417170735,min_variance
2023-12-01,AMGN,0.023353943297505644,min_variance
2021-01-04,AMT,0.0,min_variance
2021-02-01,AMT,1.9981481233511004e-18,min_variance
2021-03-01,AMT,0.0,min_variance
2021-04-01,AMT,5.0973361885578415e-18,min_variance
2021-05-03,AMT,0.0,min_variance
2021-06-01,AMT,0.0,min_variance
2021-07-01,AMT,5.625969472024247e-19,min_variance
2021-08-02,AMT,0.0,min_variance
2021-09-01,AMT,0.0,min_variance
2021-10-01,AMT,0.0,min_variance
2021-11-01,AMT,0.0,min_variance
2021-12-01,AMT,0.0,min_variance
2022-01-03,AMT,6.844851657454153e-18,min_variance
2022-02-01,AMT,4.8665821516892864e-18,min_variance
2022-03-01,AMT,5.173549615711232e-18,min_variance
2022-04-01,AMT,0.0,min_variance
2022-05-02,AMT,0.0,min_variance
2022-06-01,AMT,0.0,min_variance
2022-07-01,AMT,0.0,min_variance
2022-08-01,AMT,0.0,min_variance
2022-09-01,AMT,7.385965320833806e-18,min_variance
2022-10-03,AMT,6.966202219873869e-18,min_variance
2022-11-01,AMT,2.279478303852464e-18,min_variance
2022-12-01,AMT,0.0,min_variance
2023-01-03,AMT,0.0,min_variance
2023-02-01,AMT,9.130148606947447e-19,min_variance
2023-03-01,AMT,1.4529992136099667e-18,min_variance
2023-04-03,AMT,0.0,min_variance
2023-05-01,AMT,1.2529517837047742e-18,min_variance
2023-06-01,AMT,0.0,min_variance
2023-07-03,AMT,0.0,min_variance
2023-08-01,AMT,1.2669556321971522e-18,min_variance
2023-09-01,AMT,0.0,min_variance
2023-10-02,AMT,0.0,min_variance
2023-11-01,AMT,0.0,min_variance
2023-12-01,AMT,0.0,min_variance
2021-01-04,BA,0.0,min_variance
2021-02-01,BA,0.0,min_variance
2021-03-01,BA,0.0,min_variance
2021-04-01,BA,0.0,min_variance
2021-05-03,BA,2.58268661626275e-19,min_variance
2021-06-01,BA,8.115682202969534e-19,min_variance
2021-07-01,BA,0.0,min_variance
2021-08-02,BA,9.865939102884978e-20,min_variance
2021-09-01,BA,6.944868941271614e-19,min_variance
2021-10-01,BA,9.805792744087092e-20,min_variance
2021-11-01,BA,0.0,min_variance
2021-12-01,BA,0.0,min_variance
2022-01-03,BA,0.0,min_variance
2022-02-01,BA,3.573229183593771e-19,min_variance
2022-03-01,BA,0.0,min_variance
2022-04-01,BA,0.0,min_variance
2022-05-02,BA,0.0,min_variance
2022-06-01,BA,0.0,min_variance
2022-07-01,BA,1.1132499994383686e-18,min_variance
2022-08-01,BA,5.884252818147746e-20,min_variance
2022-09-01,BA,4.2926193718893983e-19,min_variance
2022-10-03,BA,2.0425630809662503e-19,min_variance
2022-11-01,BA,8.338093745074643e-19,min_variance
2022-12-01,BA,0.0,min_variance
2023-01-03,BA,0.0,min_variance
2023-02-01,BA,3.260210282475145e-19,min_variance
2023-03-01,BA,0.0,min_variance
2023-04-03,BA,4.115223241234572e-19,min_variance
2023-05-01,BA,0.0,min_variance
2023-06-01,BA,9.703643408496326e-19,min_variance
2023-07-03,BA,0.0,min_variance
2023-08-01,BA,0.0,min_variance
2023-09-01,BA,1.6434977309957782e-19,min_variance
2023-10-02,BA,1.3022303720138763e-20,min_variance
2023-11-01,BA,8.046854865887169e-20,min_variance
2023-12-01,BA,1.4265971583424177e-19,min_variance
2021-01-04,CAT,0.0,min_variance
2021-02-01,CAT,1.2076867253185559e-18,min_variance
2021-03-01,CAT,2.0763961149210637e-19,min_variance
2021-04-01,CAT,2.9224953516619236e-18,min_variance
2021-05-03,CAT,6.682828915601212e-19,min_variance
2021-06-01,CAT,0.0,min_variance
2021-07-01,CAT,0.0008400442169429567,min_variance
2021-08-02,CAT,0.0051777118654153355,min_variance
2021-09-01,CAT,0.002662683490915073,min_variance
2021-10-01,CAT,0.001239819209304489,min_variance
2021-11-01,CAT,0.0,min_variance
2021-12-01,CAT,0.0,min_variance
2022-01-03,CAT,1.5615078226573278e-18,min_variance
2022-02-01,CAT,0.01571293339050108,min_variance
2022-03-01,CAT,0.015493219353277032,min_variance
2022-04-01,CAT,0.028417392343714876,min_variance
2022-05-02,CAT,0.03575804418878249,min_variance
2022-06-01,CAT,0.015358939203645125,min_variance
2022-07-01,CAT,0.0038470059964030683,min_variance
2022-08-01,CAT,0.0,min_variance
2022-09-01,CAT,3.007285245392455e-18,min_variance
2022-10-03,CAT,3.226663564695091e-18,min_variance
2022-11-01,CAT,4.9477478721976855e-18,min_variance
2022-12-01,CAT,6.245028498172778e-19,min_variance
2023-01-03,CAT,0.0,min_variance
2023-02-01,CAT,7.733529836093708e-19,min_variance
2023-03-01,CAT,0.0,min_variance
2023-04-03,CAT,1.9234345569019687e-19,min_variance
2023-05-01,CAT,0.0,min_variance
2023-06-01,CAT,2.1621225654985828e-19,min_variance
2023-07-03,CAT,6.345706092497597e-20,min_variance
2023-08-01,CAT,2.472258092690661e-18,min_variance
2023-09-01,CAT,0.0,min_variance
2023-10-02,CAT,0.0,min_variance
2023-11-01,CAT,9.853329330495858e-19,min_variance
2023-12-01,CAT,0.0,min_variance
2021-01-04,CCI,9.107466903586597e-19,min_variance
2021-02-01,CCI,0.0,min_variance
2021-03-01,CCI,1.888344880973452e-19,min_variance
2021-04-01,CCI,8.628412726128454e-20,min_variance
2021-05-03,CCI,1.1248624684777375e-18,min_variance
2021-06-01,CCI,0.0011067271906292637,min_variance
2021-07-01,CCI,0.05797121060922058,min_variance
2021-08-02,CCI,0.06265285886239565,min_variance
2021-09-01,CCI,0.067066232179086,min_variance
2021-10-01,CCI,0.08500029130050984,min_variance
2021-11-01,CCI,0.05620801870965391,min_variance
2021-12-01,CCI,0.0054324846837193845,min_variance
2022-01-03,CCI,0.0010962674599167218,min_variance
2022-02-01,CCI,2.343812356542803e-19,min_variance
2022-03-01,CCI,0.0,min_variance
2022-04-01,CCI,3.409114729452091e-18,min_variance
2022-05-02,CCI,0.0,min_variance
2022-06-01,CCI,5.3568544405245156e-18,min_variance
2022-07-01,CCI,0.0,min_variance
2022-08-01,CCI,0.0,min_variance
2022-09-01,CCI,1.0551330920864126e-18,min_variance
2022-10-03,CCI,2.9737777743675856e-18,min_variance
2022-11-01,CCI,0.0,min_variance
2022-12-01,CCI,1.90133766553432e-19,min_variance
2023-01-03,CCI,8.769231066239551e-19,min_variance
2023-02-01,CCI,1.7708264213475502e-18,min_variance
2023-03-01,CCI,0.0,min_variance
2023-04-03,CCI,1.1268165037807623e-18,min_variance
2023-05-01,CCI,7.350668515757054e-19,min_variance
2023-06-01,CCI,5.493776920811497e-19,min_variance
2023-07-03,CCI,3.618216965345235e-19,min_variance
2023-08-01,CCI,0.0,min_variance
2023-09-01,CCI,0.0,min_variance
2023-10-02,CCI,6.423375806975563e-19,min_variance
2023-11-01,CCI,0.0,min_variance
2023-12-01,CCI,0.0,min_variance
2021-01-04,CMCSA,9.187386997768169e-18,min_variance
2021-02-01,CMCSA,0.0,min_variance
2021-03-01,CMCSA,6.132571169469932e-18,min_variance
2021-04-01,CMCSA,4.648410106268391e-19,min_variance
2021-05-03,CMCSA,0.0,min_variance
2021-06-01,CMCSA,1.644487126679771e-18,min_variance
2021-07-01,CMCSA,7.91908364734171e-18,min_variance
2021-08-02,CMCSA,1.0162015036371532e-18,min_variance
2021-09-01,CMCSA,0.0,min_variance
2021-10-01,CMCSA,5.23732559257376e-18,min_variance
2021-11-01,CMCSA,5.412015939597018e-18,min_variance
2021-12-01,CMCSA,0.0,min_variance
2022-01-03,CMCSA,6.2311367804102744e-18,min_variance
2022-02-01,CMCSA,0.0,min_variance
2022-03-01,CMCSA,0.0,min_variance
2022-04-01,CMCSA,6.9064382008054875e-18,min_variance
2022-05-02,CMCSA,6.350243790916797e-18,min_variance
2022-06-01,CMCSA,2.514857104900482e-18,min_variance
2022-07-01,CMCSA,0.0,min_variance
2022-08-01,CMCSA,5.597043716857879e-18,min_variance
2022-09-01,CMCSA,0.0,min_variance
2022-10-03,CMCSA,0.0,min_variance
2022-11-01,CMCSA,5.08970196380203e-19,min_variance
2022-12-01,CMCSA,9.228702054876051e-19,min_variance
2023-01-03,CMCSA,0.0,min_variance
2023-02-01,CMCSA,2.7422814438316817e-18,min_variance
2023-03-01,CMCSA,0.0,min_variance
2023-04-03,CMCSA,0.0,min_variance
2023-05-01,CMCSA,1.5286907558063307e-18,min_variance
2023-06-01,CMCSA,4.238235941470133e-18,min_variance
2023-07-03,CMCSA,0.0,min_variance
2023-08-01,CMCSA,1.4227102592003878e-18,min_variance
2023-09-01,CMCSA,0.0,min_variance
2023-10-02,CMCSA,0.0,min_variance
2023-11-01,CMCSA,0.0,min_variance
2023-12-01,CMCSA,9.335987250382324e-18,min_variance
2021-01-04,COP,0.0,min_variance
2021-02-01,COP,0.0,min_variance
2021-03-01,COP,0.0,min_variance
2021-04-01,COP,0.0,min_variance
2021-05-03,COP,0.0,min_variance
2021-06-01,COP,0.0,min_variance
2021-07-01,COP,0.0,min_variance
2021-08-02,COP,0.0,min_variance
2021-09-01,COP,3.546713184113148e-19,min_variance
2021-10-01,COP,1.0197985650146615e-18,min_variance
2021-11-01,COP,0.0,min_variance
2021-12-01,COP,0.0023143423321756117,min_variance
2022-01-03,COP,0.0,min_variance
2022-02-01,COP,4.612940522990968e-18,min_variance
2022-03-01,COP,0.0,min_variance
2022-04-01,COP,4.9258892936092935e-18,min_variance
2022-05-02,COP,2.5826163726735825e-18,min_variance
2022-06-01,COP,2.588978924173682e-19,min_variance
2022-07-01,COP,0.0,min_variance
2022-08-01,COP,4.125089769669423e-19,min_variance
2022-09-01,COP,0.0,min_variance
2022-10-03,COP,9.39756447379777e-20,min_variance
2022-11-01,COP,0.0,min_variance
2022-12-01,COP,0.0,min_variance
2023-01-03,COP,1.1781019745545726e-19,min_variance
2023-02-01,COP,6.742461483769753e-19,min_variance
2023-03-01,COP,6.761641218593665e-19,min_variance
2023-04-03,COP,0.0,min_variance
2023-05-01,COP,2.997839538754685e-19,min_variance
2023-06-01,COP,0.0,min_variance
2023-07-03,COP,9.073205235352158e-19,min_variance
2023-08-01,COP,0.0,min_variance
2023-09-01,COP,1.3868358730070154e-19,min_variance
2023-10-02,COP,1.0208714595126912e-18,min_variance
2023-11-01,COP,4.851449338632956e-20,min_variance
2023-12-01,COP,0.0,min_variance
2021-01-04,CVX,1.9048161976621972e-18,min_variance
2021-02-01,CVX,0.0,min_variance
2021-03-01,CVX,1.4671614578874004e-18,min_variance
2021-04-01,CVX,2.942798631937577e-19,min_variance
2021-05-03,CVX,1.713412586669303e-18,min_variance
2021-06-01,CVX,1.1236079987778117e-18,min_variance
2021-07-01,CVX,0.0,min_variance
2021-08-02,CVX,4.0934537432154973e-19,min_variance
2021-09-01,CVX,7.982125286686964e-20,min_variance
2021-10-01,CVX,1.660045152044222e-18,min_variance
2021-11-01,CVX,0.0,min_variance
2021-12-01,CVX,0.0243854624423513,min_variance
2022-01-03,CVX,0.02503864213179492,min_variance
2022-02-01,CVX,0.0660566475696027,min_variance
2022-03-01,CVX,0.0591043051766839,min_variance
2022-04-01,CVX,0.0771131739971566,min_variance
2022-05-02,CVX,0.060888220185537884,min_variance
2022-06-01,CVX,0.038206611899303286,min_variance
2022-07-01,CVX,0.04175266241612876,min_variance
2022-08-01,CVX,0.040066356877048126,min_variance
2022-09-01,CVX,0.06210784600620043,min_variance
2022-10-03,CVX,0.06512890069191682,min_variance
2022-11-01,CVX,0.06061266069620945,min_variance
2022-12-01,CVX,0.050305224624737854,min_variance
2023-01-03,CVX,0.04256864277625897,min_variance
2023-02-01,CVX,0.03792782409226794,min_variance
2023-03-01,CVX,0.04255091333194855,min_variance
2023-04-03,CVX,0.02353624737392886,min_variance
2023-05-01,CVX,0.023986217318275126,min_variance
2023-06-01,CVX,0.019784605250336276,min_variance
2023-07-03,CVX,0.010743784597461488,min_variance
2023-08-01,CVX,0.012357931659976179,min_variance
2023-09-01,CVX,0.011957276222853844,min_variance
2023-10-02,CVX,0.03118146455650513,min_variance
2023-11-01,CVX,0.033521127452842685,min_variance
2023-12-01,CVX,0.023318306353891576,min_variance
2021-01-04,D,2.111062034098498e-18,min_variance
2021-02-01,D,0.0,min_variance
2021-03-01,D,0.0,min_variance
2021-04-01,D,0.06532785144865036,min_variance
2021-05-03,D,0.0779102619487225,min_variance
2021-06-01,D,0.049961098743339385,min_variance
2021-07-01,D,0.026935192032760652,min_variance
2021-08-02,D,0.003312633059875331,min_variance
2021-09-01,D,0.0,min_variance
2021-10-01,D,0.0,min_variance
2021-11-01,D,0.0,min_variance
2021-12-01,D,2.0158062944648195e-18,min_variance
2022-01-03,D,4.7955736609640994e-18,min_variance
2022-02-01,D,0.0,min_variance
2022-03-01,D,0.0,min_variance
2022-04-01,D,1.456829146321353e-18,min_variance
2022-05-02,D,3.85655365785319e-18,min_variance
2022-06-01,D,0.0,min_variance
2022-07-01,D,2.8059776227429637e-18,min_variance
2022-08-01,D,2.2783453296895734e-18,min_variance
2022-09-01,D,3.991130225142853e-18,min_variance
2022-10-03,D,0.0,min_variance
2022-11-01,D,2.447606009740426e-18,min_variance
2022-12-01,D,0.00817732929423798,min_variance
2023-01-03,D,0.019577837177773536,min_variance
2023-02-01,D,0.026788262697831952,min_variance
2023-03-01,D,0.00687480874058522,min_variance
2023-04-03,D,0.004514662824893885,min_variance
2023-05-01,D,0.0026892448602604314,min_variance
2023-06-01,D,1.1587822059159558e-18,min_variance
2023-07-03,D,0.0,min_variance
2023-08-01,D,0.0,min_variance
2023-09-01,D,0.0,min_variance
2023-10-02,D,0.0,min_variance
2023-11-01,D,0.0,min_variance
2023-12-01,D,7.603671544490658e-18,min_variance
2021-01-04,DD,3.741496409105199e-18,min_variance
2021-02-01,DD,1.0781218303585713e-18,min_variance
2021-03-01,DD,2.0379795875015273e-18,min_variance
2021-04-01,DD,4.096221893768369e-18,min_variance
2021-05-03,DD,7.081396121451703e-19,min_variance
2021-06-01,DD,0.0,min_variance
2021-07-01,DD,2.0611440592881385e-18,min_variance
2021-08-02,DD,3.507787788316018e-19,min_variance
2021-09-01,DD,0.0,min_variance
2021-10-01,DD,0.002630598527010802,min_variance
2021-11-01,DD,7.144334789451587e-19,min_variance
2021-12-01,DD,3.967411410643551e-18,min_variance
2022-01-03,DD,0.0,min_variance
2022-02-01,DD,3.2017621285184656e-18,min_variance
2022-03-01,DD,0.0,min_variance
2022-04-01,DD,0.0,min_variance
2022-05-02,DD,0.0,min_variance
2022-06-01,DD,0.0,min_variance
2022-07-01,DD,0.0,min_variance
2022-08-01,DD,0.0,min_variance
2022-09-01,DD,6.461991632495938e-19,min_variance
2022-10-03,DD,5.452752100688428e-19,min_variance
2022-11-01,DD,3.010579620732831e-19,min_variance
2022-12-01,DD,4.1814444804244897e-19,min_variance
2023-01-03,DD,0.0,min_variance
2023-02-01,DD,0.0,min_variance
2023-03-01,DD,2.676824830459802e-19,min_variance
2023-04-03,DD,0.0,min_variance
2023-05-01,DD,1.0921820298867761e-18,min_variance
2023-06-01,DD,0.0,min_variance
2023-07-03,DD,0.0,min_variance
2023-08-01,DD,6.64689783249984e-19,min_variance
2023-09-01,DD,0.0,min_variance
2023-10-02,DD,0.0,min_variance
2023-11-01,DD,0.012640801727393135,min_variance
2023-12-01,DD,0.01137896911199701,min_variance
2021-01-04,DIS,4.169953226766895e-18,min_variance
2021-02-01,DIS,2.1064622694536183e-18,min_variance
2021-03-01,DIS,4.9010440090142555e-18,min_variance
2021-04-01,DIS,1.7800018814645863e-18,min_variance
2021-05-03,DIS,0.0,min_variance
2021-06-01,DIS,0.001233595127869709,min_variance
2021-07-01,DIS,0.010773812462873518,min_variance
2021-08-02,DIS,0.007665406910048235,min_variance
2021-09-01,DIS,0.006770611691642561,min_variance
2021-10-01,DIS,0.0017504498674365552,min_variance
2021-11-01,DIS,0.0,min_variance
2021-12-01,DIS,0.0011697332595775416,min_variance
2022-01-03,DIS,0.018572008758976823,min_variance
2022-02-01,DIS,0.012164986403795824,min_variance
2022-03-01,DIS,0.05995478302504192,min_variance
2022-04-01,DIS,0.04510659541894362,min_variance
2022-05-02,DIS,0.03639446662472045,min_variance
2022-06-01,DIS,0.04813823721028973,min_variance
2022-07-01,DIS,0.039378841618323106,min_variance
2022-08-01,DIS,0.0413816512087334,min_variance
2022-09-01,DIS,0.02333171927421793,min_variance
2022-10-03,DIS,3.3205006638922968e-18,min_variance
2022-11-01,DIS,4.56845845655755e-18,min_variance
2022-12-01,DIS,0.0,min_variance
2023-01-03,DIS,0.0,min_variance
2023-02-01,DIS,0.0,min_variance
2023-03-01,DIS,0.0,min_variance
2023-04-03,DIS,0.0,min_variance
2023-05-01,DIS,9.96086679933851e-19,min_variance
2023-06-01,DIS,1.4510901314210241e-19,min_variance
2023-07-03,DIS,0.0,min_variance
2023-08-01,DIS,0.0,min_variance
2023-09-01,DIS,0.0,min_variance
2023-10-02,DIS,0.0,min_variance
2023-11-01,DIS,0.0,min_variance
2023-12-01,DIS,0.0,min_variance
2021-01-04,DOW,1.8052099742681777e-18,min_variance
2021-02-01,DOW,0.0,min_variance
2021-03-01,DOW,0.0,min_variance
2021-04-01,DOW,1.4353602017784873e-18,min_variance
2021-05-03,DOW,0.0,min_variance
2021-06-01,DOW,1.1684099400496107e-19,min_variance
2021-07-01,DOW,0.0,min_variance
2021-08-02,DOW,1.3144514529110547e-18,min_variance
2021-09-01,DOW,3.5462507581759654e-18,min_variance
2021-10-01,DOW,6.3216247619086236e-18,min_variance
2021-11-01,DOW,0.0,min_variance
2021-12-01,DOW,0.0,min_variance
2022-01-03,DOW,1.0280464855130046e-17,min_variance
2022-02-01,DOW,0.0,min_variance
2022-03-01,DOW,9.360223876400482e-19,min_variance
2022-04-01,DOW,0.0,min_variance
2022-05-02,DOW,0.0,min_variance
2022-06-01,DOW,3.1300785329448976e-18,min_variance
2022-07-01,DOW,0.0,min_variance
2022-08-01,DOW,2.862823952888373e-18,min_variance
2022-09-01,DOW,6.308023857159419e-19,min_variance
2022-10-03,DOW,0.0,min_variance
2022-11-01,DOW,7.86507305001268e-19,min_variance
2022-12-01,DOW,0.0,min_variance
2023-01-03,DOW,0.0,min_variance
2023-02-01,DOW,0.0,min_variance
2023-03-01,DOW,0.0,min_variance
2023-04-03,DOW,3.058051623520567e-18,min_variance
2023-05-01,DOW,0.00036452730318919366,min_variance
2023-06-01,DOW,7.088341827346103e-18,min_variance
2023-07-03,DOW,0.0,min_variance
2023-08-01,DOW,0.0,min_variance
2023-09-01,DOW,0.0,min_variance
2023-10-02,DOW,3.1595759193593803e-21,min_variance
2023-11-01,DOW,0.0,min_variance
2023-12-01,DOW,0.010613440650014285,min_variance
2021-01-04,DUK,0.0,min_variance
2021-02-01,DUK,4.052751301771799e-19,min_variance
2021-03-01,DUK,6.966780329757681e-18,min_variance
2021-04-01,DUK,0.0,min_variance
2021-05-03,DUK,0.030830326905332318,min_variance
2021-06-01,DUK,0.027786220596484362,min_variance
2021-07-01,DUK,0.0005886356697100342,min_variance
2021-08-02,DUK,0.01736193150662831,min_variance
2021-09-01,DUK,0.012957161283827139,min_variance
2021-10-01,DUK,0.05094944514133306,min_variance
2021-11-01,DUK,0.055874015868247376,min_variance
2021-12-01,DUK,0.0642714440806831,min_variance
2022-01-03,DUK,0.06694595982620963,min_variance
2022-02-01,DUK,0.0547511442847386,min_variance
2022-03-01,DUK,0.01892609413255554,min_variance
2022-04-01,DUK,0.028903698012325445,min_variance
2022-05-02,DUK,0.08182670002251001,min_variance
2022-06-01,DUK,0.143708655245585,min_variance
2022-07-01,DUK,0.14400062987650888,min_variance
2022-08-01,DUK,0.1298011053130523,min_variance
2022-09-01,DUK,0.1098942821374746,min_variance
2022-10-03,DUK,0.0796413760431108,min_variance
2022-11-01,DUK,0.03765033143169906,min_variance
2022-12-01,DUK,0.03955288575588439,min_variance
2023-01-03,DUK,0.04125191693603369,min_variance
2023-02-01,DUK,0.03806419505784896,min_variance
2023-03-01,DUK,0.06523031443998466,min_variance
2023-04-03,DUK,0.03961847850189661,min_variance
2023-05-01,DUK,0.022645893819450754,min_variance
2023-06-01,DUK,0.0,min_variance
2023-07-03,DUK,5.9963934608493155e-18,min_variance
2023-08-01,DUK,2.0080605837522446e-18,min_variance
2023-09-01,DUK,0.0,min_variance
2023-10-02,DUK,0.0,min_variance
2023-11-01,DUK,0.01243118281610693,min_variance
2023-12-01,DUK,0.021747233434347132,min_variance
2021-01-04,EA,0.09806573081411317,min_variance
2021-02-01,EA,0.10035563171707039,min_variance
2021-03-01,EA,0.08413478371896405,min_variance
2021-04-01,EA,0.09081369199549055,min_variance
2021-05-03,EA,0.06382374892094808,min_variance
2021-06-01,EA,0.06376976693770453,min_variance
2021-07-01,EA,0.03131142084835364,min_variance
2021-08-02,EA,0.02797426190416093,min_variance
2021-09-01,EA,0.027742113122703208,min_variance
2021-10-01,EA,0.043412647218914927,min_variance
2021-11-01,EA,0.04972173062775019,min_variance
2021-12-01,EA,0.0627492620778855,min_variance
2022-01-03,EA,0.05533468465859045,min_variance
2022-02-01,EA,0.06195478321094464,min_variance
2022-03-01,EA,0.06717299789098033,min_variance
2022-04-01,EA,0.07285101015285628,min_variance
2022-05-02,EA,0.08789020906336194,min_variance
2022-06-01,EA,0.08521788346022098,min_variance
2022-07-01,EA,0.08534101093822125,min_variance
2022-08-01,EA,0.09077113431912721,min_variance
2022-09-01,EA,0.09267203097974797,min_variance
2022-10-03,EA,0.09159093250197765,min_variance
2022-11-01,EA,0.10623352827217762,min_variance
2022-12-01,EA,0.11241477101425176,min_variance
2023-01-03,EA,0.11410942430069242,min_variance
2023-02-01,EA,0.13708404560604778,min_variance
2023-03-01,EA,0.09907928602558679,min_variance
2023-04-03,EA,0.10872923951679356,min_variance
2023-05-01,EA,0.08707641434390095,min_variance
2023-06-01,EA,0.11253571182023692,min_variance
2023-07-03,EA,0.10863992117493934,min_variance
2023-08-01,EA,0.09482873599804545,min_variance
2023-09-01,EA,0.07240546112191211,min_variance
2023-10-02,EA,0.07496410474308257,min_variance
2023-11-01,EA,0.054919073921458623,min_variance
2023-12-01,EA,0.043242785754561065,min_variance
2021-01-04,GE,1.6391752329852533e-18,min_variance
2021-02-01,GE,0.0,min_variance
2021-03-01,GE,0.0,min_variance
2021-04-01,GE,7.931065046854395e-19,min_variance
2021-05-03,GE,2.590940130490764e-19,min_variance
2021-06-01,GE,0.0,min_variance
2021-07-01,GE,0.0,min_variance
2021-08-02,GE,0.0,min_variance
2021-09-01,GE,2.2073173199809815e-19,min_variance
2021-10-01,GE,7.626036091845461e-20,min_variance
2021-11-01,GE,0.0,min_variance
2021-12-01,GE,0.0,min_variance
2022-01-03,GE,0.0,min_variance
2022-02-01,GE,0.0,min_variance
2022-03-01,GE,4.0504558652795495e-18,min_variance
2022-04-01,GE,0.0,min_variance
2022-05-02,GE,0.0,min_variance
2022-06-01,GE,1.0607454353994482e-18,min_variance
2022-07-01,GE,0.0,min_variance
2022-08-01,GE,3.0775841334452926e-19,min_variance
2022-09-01,GE,1.4865536512099636e-18,min_variance
2022-10-03,GE,1.9178360094378014e-19,min_variance
2022-11-01,GE,9.610638302764253e-19,min_variance
2022-12-01,GE,6.916687377367723e-20,min_variance
2023-01-03,GE,0.0,min_variance
2023-02-01,GE,0.0,min_variance
2023-03-01,GE,8.415473048107686e-19,min_variance
2023-04-03,GE,6.6485815347003665e-18,min_variance
2023-05-01,GE,0.0,min_variance
2023-06-01,GE,0.0,min_variance
2023-07-03,GE,0.0,min_variance
2023-08-01,GE,0.0,min_variance
2023-09-01,GE,2.0232743749601624e-18,min_variance
2023-10-02,GE,0.0,min_variance
2023-11-01,GE,1.268031683578971e-17,min_variance
2023-12-01,GE,0.007374687785628527,min_variance
2021-01-04,GILD,0.06388657213238118,min_variance
2021-02-01,GILD,0.06262719668009527,min_variance
2021-03-01,GILD,0.08595868979583045,min_variance
2021-04-01,GILD,0.04725046683706795,min_variance
2021-05-03,GILD,0.04652971231246275,min_variance
2021-06-01,GILD,0.05795081692976772,min_variance
2021-07-01,GILD,0.03465606521178718,min_variance
2021-08-02,GILD,0.0296263254195403,min_variance
2021-09-01,GILD,0.026863198583623717,min_variance
2021-10-01,GILD,0.019381481492690436,min_variance
2021-11-01,GILD,0.04876180340182187,min_variance
2021-12-01,GILD,0.04110475385149096,min_variance
2022-01-03,GILD,0.07002751840537406,min_variance
2022-02-01,GILD,0.06974661995207276,min_variance
2022-03-01,GILD,0.13364137455199854,min_variance
2022-04-01,GILD,0.13351736079757853,min_variance
2022-05-02,GILD,0.12441155610176234,min_variance
2022-06-01,GILD,0.16743850354586162,min_variance
2022-07-01,GILD,0.16505724940296312,min_variance
2022-08-01,GILD,0.1647543729541449,min_variance
2022-09-01,GILD,0.13558562063938912,min_variance
2022-10-03,GILD,0.09952768977295837,min_variance
2022-11-01,GILD,0.03582438348798936,min_variance
2022-12-01,GILD,0.02760636873810904,min_variance
2023-01-03,GILD,0.012221423549839704,min_variance
2023-02-01,GILD,0.0019741697142453495,min_variance
2023-03-01,GILD,0.0,min_variance
2023-04-03,GILD,2.81241206881682e-18,min_variance
2023-05-01,GILD,1.9795816806911226e-18,min_variance
2023-06-01,GILD,3.1624633040817227e-18,min_variance
2023-07-03,GILD,0.0,min_variance
2023-08-01,GILD,0.0,min_variance
2023-09-01,GILD,1.1390095331985129e-18,min_variance
2023-10-02,GILD,1.4813044986774031e-18,min_variance
2023-11-01,GILD,0.0015936602792562802,min_variance
2023-12-01,GILD,0.0,min_variance
2021-01-04,GS,5.857686592174459e-18,min_variance
2021-02-01,GS,7.355892369120789e-18,min_variance
2021-03-01,GS,1.3041289800153123e-18,min_variance
2021-04-01,GS,1.303416525917688e-18,min_variance
2021-05-03,GS,7.827881926509856e-19,min_variance
2021-06-01,GS,5.668902070778015e-18,min_variance
2021-07-01,GS,0.018852756178163364,min_variance
2021-08-02,GS,0.019701197002351904,min_variance
2021-09-01,GS,0.02740856160472952,min_variance
2021-10-01,GS,0.0417461351615463,min_variance
2021-11-01,GS,0.05729840277904862,min_variance
2021-12-01,GS,0.047927216111427966,min_variance
2022-01-03,GS,0.043030704870124545,min_variance
2022-02-01,GS,0.0033463194286641896,min_variance
2022-03-01,GS,0.0035134637671045653,min_variance
2022-04-01,GS,7.324064441029108e-19,min_variance
2022-05-02,GS,0.0,min_variance
2022-06-01,GS,9.913558161571885e-18,min_variance
2022-07-01,GS,3.2220659050642998e-18,min_variance
2022-08-01,GS,0.0,min_variance
2022-09-01,GS,0.0,min_variance
2022-10-03,GS,0.0,min_variance
2022-11-01,GS,8.678495600601648e-19,min_variance
2022-12-01,GS,0.0,min_variance
2023-01-03,GS,4.344268652572358e-20,min_variance
2023-02-01,GS,0.0,min_variance
2023-03-01,GS,3.0522040387115403e-18,min_variance
2023-04-03,GS,3.5093432409582323e-19,min_variance
2023-05-01,GS,1.1331807180828862e-17,min_variance
2023-06-01,GS,3.9248101719287305e-18,min_variance
2023-07-03,GS,0.0,min_variance
2023-08-01,GS,0.0,min_variance
2023-09-01,GS,1.1973831478001895e-17,min_variance
2023-10-02,GS,0.00174227267185906,min_variance
2023-11-01,GS,0.012112874564365361,min_variance
2023-12-01,GS,1.1088175694209453e-17,min_variance
2021-01-04,INTC,8.073065909859101e-19,min_variance
2021-02-01,INTC,7.76204199387578e-18,min_variance
2021-03-01,INTC,0.0,min_variance
2021-04-01,INTC,4.251085331259574e-18,min_variance
2021-05-03,INTC,0.0,min_variance
2021-06-01,INTC,0.0,min_variance
2021-07-01,INTC,0.0,min_variance
2021-08-02,INTC,0.0,min_variance
2021-09-01,INTC,0.0,min_variance
2021-10-01,INTC,0.0011764610114141085,min_variance
2021-11-01,INTC,0.0,min_variance
2021-12-01,INTC,0.004275162658929811,min_variance
2022-01-03,INTC,0.005742567499283701,min_variance
2022-02-01,INTC,0.011773190300732247,min_variance
2022-03-01,INTC,0.0005085887967052917,min_variance
2022-04-01,INTC,0.004500670817302585,min_variance
2022-05-02,INTC,6.292958492605282e-18,min_variance
2022-06-01,INTC,0.0013328137183329456,min_variance
2022-07-01,INTC,4.40961140713201e-18,min_variance
2022-08-01,INTC,2.1376524403538305e-18,min_variance
2022-09-01,INTC,2.118965386870374e-19,min_variance
2022-10-03,INTC,5.325440902173317e-19,min_variance
2022-11-01,INTC,6.007850805917924e-19,min_variance
2022-12-01,INTC,2.8046460458726766e-19,min_variance
2023-01-03,INTC,8.356922675581173e-19,min_variance
2023-02-01,INTC,2.1929487689347264e-19,min_variance
2023-03-01,INTC,6.103139308957994e-19,min_variance
2023-04-03,INTC,5.559162973313639e-19,min_variance
2023-05-01,INTC,0.0,min_variance
2023-06-01,INTC,9.225988395618477e-19,min_variance
2023-07-03,INTC,0.0,min_variance
2023-08-01,INTC,8.527310975404387e-19,min_variance
2023-09-01,INTC,4.421944887232964e-20,min_variance
2023-10-02,INTC,5.322464878749267e-19,min_variance
2023-11-01,INTC,8.728166436510949e-19,min_variance
2023-12-01,INTC,0.0,min_variance
2021-01-04,KO,0.09571317491378528,min_variance
2021-02-01,KO,0.0904550203048056,min_variance
2021-03-01,KO,0.08621569404331755,min_variance
2021-04-01,KO,3.2049826678334732e-18,min_variance
2021-05-03,KO,0.0,min_variance
2021-06-01,KO,2.2580061405026253e-18,min_variance
2021-07-01,KO,2.8581823412513925e-18,min_variance
2021-08-02,KO,0.010771689723821566,min_variance
2021-09-01,KO,0.01619969248875733,min_variance
2021-10-01,KO,0.03076950638400802,min_variance
2021-11-01,KO,0.07794095829971229,min_variance
2021-12-01,KO,0.05309606295117174,min_variance
2022-01-03,KO,0.04411729815859772,min_variance
2022-02-01,KO,0.06248007050722388,min_variance
2022-03-01,KO,0.10754251683944095,min_variance
2022-04-01,KO,0.09644106846178734,min_variance
2022-05-02,KO,0.12853501461747702,min_variance
2022-06-01,KO,0.02503342910874201,min_variance
2022-07-01,KO,0.06795617603345964,min_variance
2022-08-01,KO,0.06373971806821929,min_variance
2022-09-01,KO,0.0659457610503502,min_variance
2022-10-03,KO,0.09791487112694143,min_variance
2022-11-01,KO,0.11122431481950786,min_variance
2022-12-01,KO,0.12679558332467,min_variance
2023-01-03,KO,0.13096518699330778,min_variance
2023-02-01,KO,0.11650524259703389,min_variance
2023-03-01,KO,0.12850516190501216,min_variance
2023-04-03,KO,0.19705863308265079,min_variance
2023-05-01,KO,0.2210627612721412,min_variance
2023-06-01,KO,0.3315949757061103,min_variance
2023-07-03,KO,0.29829493743722785,min_variance
2023-08-01,KO,0.29910514567662955,min_variance
2023-09-01,KO,0.31426899126135366,min_variance
2023-10-02,KO,0.32684507908363014,min_variance
2023-11-01,KO,0.2178980475043768,min_variance
2023-12-01,KO,0.21214911720523003,min_variance
2021-01-04,MMM,0.03433248494633419,min_variance
2021-02-01,MMM,0.04058153375363653,min_variance
2021-03-01,MMM,0.0407507829906548,min_variance
2021-04-01,MMM,0.09561040405854933,min_variance
2021-05-03,MMM,0.06546825982535569,min_variance
2021-06-01,MMM,0.08168249165629203,min_variance
2021-07-01,MMM,0.09126732649436416,min_variance
2021-08-02,MMM,0.08030385244444875,min_variance
2021-09-01,MMM,0.06981600480779288,min_variance
2021-10-01,MMM,0.07334838222556805,min_variance
2021-11-01,MMM,0.06409963930838178,min_variance
2021-12-01,MMM,0.05835329415277496,min_variance
2022-01-03,MMM,0.06846170081701541,min_variance
2022-02-01,MMM,0.025261633855851975,min_variance
2022-03-01,MMM,0.0,min_variance
2022-04-01,MMM,0.0,min_variance
2022-05-02,MMM,0.0,min_variance
2022-06-01,MMM,4.6713745539378465e-18,min_variance
2022-07-01,MMM,0.027434295937151392,min_variance
2022-08-01,MMM,0.045859223079571056,min_variance
2022-09-01,MMM,0.007384242748830117,min_variance
2022-10-03,MMM,0.026507035699634387,min_variance
2022-11-01,MMM,0.0,min_variance
2022-12-01,MMM,2.289687957098753e-17,min_variance
2023-01-03,MMM,0.0,min_variance
2023-02-01,MMM,6.80387137244569e-19,min_variance
2023-03-01,MMM,1.0110199496277852e-18,min_variance
2023-04-03,MMM,0.0,min_variance
2023-05-01,MMM,6.435841897781572e-19,min_variance
2023-06-01,MMM,0.0,min_variance
2023-07-03,MMM,6.043934768652535e-19,min_variance
2023-08-01,MMM,5.154836860094391e-18,min_variance
2023-09-01,MMM,0.0,min_variance
2023-10-02,MMM,8.313659580736679e-19,min_variance
2023-11-01,MMM,0.0,min_variance
2023-12-01,MMM,0.0,min_variance
2021-01-04,MRK,0.21366261440027234,min_variance
2021-02-01,MRK,0.21038978898686786,min_variance
2021-03-01,MRK,0.1970183435621027,min_variance
2021-04-01,MRK,0.07886749504887314,min_variance
2021-05-03,MRK,0.12028435653507884,min_variance
2021-06-01,MRK,0.12693711928093898,min_variance
2021-07-01,MRK,0.13669456738078017,min_variance
2021-08-02,MRK,0.1448569992826653,min_variance
2021-09-01,MRK,0.12967236123080308,min_variance
2021-10-01,MRK,0.14167745875781457,min_variance
2021-11-01,MRK,0.07089056274832872,min_variance
2021-12-01,MRK,0.0307788548666834,min_variance
2022-01-03,MRK,0.04447693970435099,min_variance
2022-02-01,MRK,0.05599913469764504,min_variance
2022-03-01,MRK,0.0399295126071564,min_variance
2022-04-01,MRK,0.04227952709228887,min_variance
2022-05-02,MRK,0.04787794228451098,min_variance
2022-06-01,MRK,0.06287454832394536,min_variance
2022-07-01,MRK,0.0533555184751217,min_variance
2022-08-01,MRK,0.055276136722219066,min_variance
2022-09-01,MRK,0.05796193403092353,min_variance
2022-10-03,MRK,0.06977577753812941,min_variance
2022-11-01,MRK,0.1295282553075916,min_variance
2022-12-01,MRK,0.23158074779722398,min_variance
2023-01-03,MRK,0.21673536620602832,min_variance
2023-02-01,MRK,0.21127526836143407,min_variance
2023-03-01,MRK,0.20053664337210445,min_variance
2023-04-03,MRK,0.1768256826054542,min_variance
2023-05-01,MRK,0.16907621963390768,min_variance
2023-06-01,MRK,0.14383014429287472,min_variance
2023-07-03,MRK,0.15610611243986808,min_variance
2023-08-01,MRK,0.14075605323626214,min_variance
2023-09-01,MRK,0.11639733151765871,min_variance
2023-10-02,MRK,0.1004691463686116,min_variance
2023-11-01,MRK,0.10173222554480434,min_variance
2023-12-01,MRK,0.09010236590133083,min_variance
2021-01-04,MS,5.960293502951286e-19,min_variance
2021-02-01,MS,0.0,min_variance
2021-03-01,MS,0.0,min_variance
2021-04-01,MS,5.965167263526264e-19,min_variance
2021-05-03,MS,0.0,min_variance
2021-06-01,MS,0.0,min_variance
2021-07-01,MS,0.0,min_variance
2021-08-02,MS,7.016941551062288e-19,min_variance
2021-09-01,MS,3.4558289519284256e-19,min_variance
2021-10-01,MS,6.762677842174041e-19,min_variance
2021-11-01,MS,0.0,min_variance
2021-12-01,MS,3.7219019918700547e-19,min_variance
2022-01-03,MS,0.0,min_variance
2022-02-01,MS,0.01918040338912606,min_variance
2022-03-01,MS,0.009314566735328041,min_variance
2022-04-01,MS,1.0788133876162652e-18,min_variance
2022-05-02,MS,1.4434760922946662e-18,min_variance
2022-06-01,MS,0.0,min_variance
2022-07-01,MS,0.0,min_variance
2022-08-01,MS,0.0,min_variance
2022-09-01,MS,1.3622971635738208e-18,min_variance
2022-10-03,MS,6.027771253004373e-19,min_variance
2022-11-01,MS,0.0,min_variance
2022-12-01,MS,1.3209759695690014e-20,min_variance
2023-01-03,MS,0.0,min_variance
2023-02-01,MS,0.0,min_variance
2023-03-01,MS,9.7993131256844e-19,min_variance
2023-04-03,MS,2.486108676854843e-18,min_variance
2023-05-01,MS,0.0,min_variance
2023-06-01,MS,1.9189098047197274e-19,min_variance
2023-07-03,MS,6.8819664072036865e-18,min_variance
2023-08-01,MS,0.0,min_variance
2023-09-01,MS,5.849211398596815e-18,min_variance
2023-10-02,MS,4.685788178613991e-18,min_variance
2023-11-01,MS,0.0,min_variance
2023-12-01,MS,1.6146414292284598e-18,min_variance
2021-01-04,NEE,0.0,min_variance
2021-02-01,NEE,0.0,min_variance
2021-03-01,NEE,5.372332329185002e-18,min_variance
2021-04-01,NEE,0.0,min_variance
2021-05-03,NEE,3.2421339358729268e-18,min_variance
2021-06-01,NEE,0.0,min_variance
2021-07-01,NEE,0.0,min_variance
2021-08-02,NEE,0.0,min_variance
2021-09-01,NEE,0.0,min_variance
2021-10-01,NEE,4.831680852332809e-18,min_variance
2021-11-01,NEE,0.0,min_variance
2021-12-01,NEE,0.0,min_variance
2022-01-03,NEE,0.0,min_variance
2022-02-01,NEE,2.865281781784349e-18,min_variance
2022-03-01,NEE,1.2501457209943693e-18,min_variance
2022-04-01,NEE,0.015954826303384514,min_variance
2022-05-02,NEE,3.1559261516534203e-18,min_variance
2022-06-01,NEE,0.0,min_variance
2022-07-01,NEE,1.9081313928438825e-18,min_variance
2022-08-01,NEE,2.8406612491634445e-18,min_variance
2022-09-01,NEE,0.0,min_variance
2022-10-03,NEE,4.1393253431112123e-19,min_variance
2022-11-01,NEE,0.0,min_variance
2022-12-01,NEE,0.0,min_variance
2023-01-03,NEE,0.0,min_variance
2023-02-01,NEE,2.1484124142651417e-18,min_variance
2023-03-01,NEE,0.0,min_variance
2023-04-03,NEE,1.6257189097135452e-18,min_variance
2023-05-01,NEE,0.0,min_variance
2023-06-01,NEE,1.2124800905357513e-17,min_variance
2023-07-03,NEE,0.0,min_variance
2023-08-01,NEE,3.2001092147799854e-18,min_variance
2023-09-01,NEE,0.0,min_variance
2023-10-02,NEE,0.0,min_variance
2023-11-01,NEE,1.2407133666467574e-18,min_variance
2023-12-01,NEE,0.0,min_variance
2021-01-04,NEM,2.229980013749982e-18,min_variance
2021-02-01,NEM,0.0,min_variance
2021-03-01,NEM,0.0010864006075498017,min_variance
2021-04-01,NEM,0.0,min_variance
2021-05-03,NEM,2.508164345582122e-18,min_variance
2021-06-01,NEM,0.0,min_variance
2021-07-01,NEM,6.071955352159361e-20,min_variance
2021-08-02,NEM,0.0,min_variance
2021-09-01,NEM,2.0929277720620793e-18,min_variance
2021-10-01,NEM,0.0,min_variance
2021-11-01,NEM,0.0006983612202864382,min_variance
2021-12-01,NEM,0.013297471809117587,min_variance
2022-01-03,NEM,0.01023629583390812,min_variance
2022-02-01,NEM,0.00749128481418402,min_variance
2022-03-01,NEM,0.012983405949222043,min_variance
2022-04-01,NEM,0.024283065433035878,min_variance
2022-05-02,NEM,0.03348372770709083,min_variance
2022-06-01,NEM,0.04195714694434429,min_variance
2022-07-01,NEM,0.043435291755793574,min_variance
2022-08-01,NEM,0.04120175434677549,min_variance
2022-09-01,NEM,0.04154876221810337,min_variance
2022-10-03,NEM,0.03736035713003683,min_variance
2022-11-01,NEM,0.03786071518334311,min_variance
2022-12-01,NEM,8.587234097659381e-19,min_variance
2023-01-03,NEM,1.945728944934878e-18,min_variance
2023-02-01,NEM,0.0,min_variance
2023-03-01,NEM,6.023483117875764e-18,min_variance
2023-04-03,NEM,4.453961920595654e-18,min_variance
2023-05-01,NEM,7.807096783795863e-18,min_variance
2023-06-01,NEM,3.4333443698456296e-18,min_variance
2023-07-03,NEM,0.0,min_variance
2023-08-01,NEM,0.0,min_variance
2023-09-01,NEM,0.0,min_variance
2023-10-02,NEM,0.0,min_variance
2023-11-01,NEM,5.632810966212425e-20,min_variance
2023-12-01,NEM,2.9881969276713604e-18,min_variance
2021-01-04,NKE,0.0,min_variance
2021-02-01,NKE,0.0,min_variance
2021-03-01,NKE,0.0,min_variance
2021-04-01,NKE,0.0024978905389092623,min_variance
2021-05-03,NKE,0.025417465100632437,min_variance
2021-06-01,NKE,0.025282073967933354,min_variance
2021-07-01,NKE,0.030962607844066604,min_variance
2021-08-02,NKE,0.028268805034778105,min_variance
2021-09-01,NKE,0.02412299379349487,min_variance
2021-10-01,NKE,1.058107167051967e-18,min_variance
2021-11-01,NKE,0.0,min_variance
2021-12-01,NKE,0.0004185775502074108,min_variance
2022-01-03,NKE,0.007225543274200959,min_variance
2022-02-01,NKE,0.013319530227220473,min_variance
2022-03-01,NKE,0.018397620135718662,min_variance
2022-04-01,NKE,0.008923136525859474,min_variance
2022-05-02,NKE,3.209868961733445e-18,min_variance
2022-06-01,NKE,4.8001663699418225e-18,min_variance
2022-07-01,NKE,9.362038714688112e-19,min_variance
2022-08-01,NKE,0.0,min_variance
2022-09-01,NKE,0.0,min_variance
2022-10-03,NKE,0.0,min_variance
2022-11-01,NKE,0.0,min_variance
2022-12-01,NKE,3.0940659343867817e-19,min_variance
2023-01-03,NKE,0.0,min_variance
2023-02-01,NKE,0.0,min_variance
2023-03-01,NKE,9.632024118601675e-19,min_variance
2023-04-03,NKE,3.407699287287716e-19,min_variance
2023-05-01,NKE,0.0,min_variance
2023-06-01,NKE,2.09422456577708e-18,min_variance
2023-07-03,NKE,0.0,min_variance
2023-08-01,NKE,0.0,min_variance
2023-09-01,NKE,0.0,min_variance
2023-10-02,NKE,0.0,min_variance
2023-11-01,NKE,9.561102963693124e-19,min_variance
2023-12-01,NKE,1.649236289760625e-19,min_variance
2021-01-04,NUE,2.4236104424810486e-18,min_variance
2021-02-01,NUE,6.518949090757562e-19,min_variance
2021-03-01,NUE,2.988064567154012e-18,min_variance
2021-04-01,NUE,8.492539732810914e-19,min_variance
2021-05-03,NUE,9.284253907076948e-18,min_variance
2021-06-01,NUE,3.5976154587274343e-19,min_variance
2021-07-01,NUE,4.646905697073143e-18,min_variance
2021-08-02,NUE,0.0,min_variance
2021-09-01,NUE,0.0,min_variance
2021-10-01,NUE,7.324110263306957e-19,min_variance
2021-11-01,NUE,0.0,min_variance
2021-12-01,NUE,1.0843120395376157e-17,min_variance
2022-01-03,NUE,0.0,min_variance
2022-02-01,NUE,4.561859818996342e-19,min_variance
2022-03-01,NUE,1.488361430794795e-19,min_variance
2022-04-01,NUE,0.0,min_variance
2022-05-02,NUE,2.348537105764708e-19,min_variance
2022-06-01,NUE,5.069360017211222e-19,min_variance
2022-07-01,NUE,0.0,min_variance
2022-08-01,NUE,0.0,min_variance
2022-09-01,NUE,1.498254859700414e-19,min_variance
2022-10-03,NUE,8.255318684422428e-19,min_variance
2022-11-01,NUE,5.302461181318497e-19,min_variance
2022-12-01,NUE,0.0,min_variance
2023-01-03,NUE,8.639362291982218e-19,min_variance
2023-02-01,NUE,0.0,min_variance
2023-03-01,NUE,0.0,min_variance
2023-04-03,NUE,0.0,min_variance
2023-05-01,NUE,0.0,min_variance
2023-06-01,NUE,6.299966312569049e-19,min_variance
2023-07-03,NUE,0.0,min_variance
2023-08-01,NUE,0.0,min_variance
2023-09-01,NUE,0.0,min_variance
2023-10-02,NUE,0.0,min_variance
2023-11-01,NUE,6.487764291023325e-19,min_variance
2023-12-01,NUE,0.0,min_variance
2021-01-04,NVDA,4.023946682095427e-18,min_variance
2021-02-01,NVDA,2.8529682674178822e-18,min_variance
2021-03-01,NVDA,3.011222429408832e-18,min_variance
2021-04-01,NVDA,2.008134179146008e-18,min_variance
2021-05-03,NVDA,4.264427156654442e-19,min_variance
2021-06-01,NVDA,5.9164402437846685e-18,min_variance
2021-07-01,NVDA,0.0,min_variance
2021-08-02,NVDA,6.277996144641972e-19,min_variance
2021-09-01,NVDA,0.0,min_variance
2021-10-01,NVDA,0.0,min_variance
2021-11-01,NVDA,0.0,min_variance
2021-12-01,NVDA,1.5470075686338311e-18,min_variance
2022-01-03,NVDA,0.0,min_variance
2022-02-01,NVDA,5.885264146607371e-19,min_variance
2022-03-01,NVDA,2.7634037871635045e-19,min_variance
2022-04-01,NVDA,1.9943489760373483e-19,min_variance
2022-05-02,NVDA,0.0,min_variance
2022-06-01,NVDA,1.1783303177136018e-19,min_variance
2022-07-01,NVDA,0.0,min_variance
2022-08-01,NVDA,2.1002822236822989e-19,min_variance
2022-09-01,NVDA,0.0,min_variance
2022-10-03,NVDA,0.0,min_variance
2022-11-01,NVDA,0.0,min_variance
2022-12-01,NVDA,2.1702850389971728e-18,min_variance
2023-01-03,NVDA,2.6184228461787966e-18,min_variance
2023-02-01,NVDA,0.0,min_variance
2023-03-01,NVDA,0.0,min_variance
2023-04-03,NVDA,1.304650670472986e-18,min_variance
2023-05-01,NVDA,0.0,min_variance
2023-06-01,NVDA,2.820742399114874e-19,min_variance
2023-07-03,NVDA,0.0,min_variance
2023-08-01,NVDA,0.0,min_variance
2023-09-01,NVDA,3.1659593759780534e-18,min_variance
2023-10-02,NVDA,0.0,min_variance
2023-11-01,NVDA,0.0,min_variance
2023-12-01,NVDA,0.0,min_variance
2021-01-04,O,2.4085959466028366e-18,min_variance
2021-02-01,O,6.037012935197169e-18,min_variance
2021-03-01,O,4.346232344627894e-18,min_variance
2021-04-01,O,2.0209840415639512e-20,min_variance
2021-05-03,O,0.0,min_variance
2021-06-01,O,0.0,min_variance
2021-07-01,O,1.778431564974922e-18,min_variance
2021-08-02,O,4.945805302105743e-18,min_variance
2021-09-01,O,0.0,min_variance
2021-10-01,O,3.1604326040466705e-18,min_variance
2021-11-01,O,0.0,min_variance
2021-12-01,O,0.017076127989964728,min_variance
2022-01-03,O,0.02194128852891964,min_variance
2022-02-01,O,0.025641398447125083,min_variance
2022-03-01,O,0.026912847531007488,min_variance
2022-04-01,O,0.02973243814901595,min_variance
2022-05-02,O,0.026096084205979107,min_variance
2022-06-01,O,0.014613658505795362,min_variance
2022-07-01,O,0.019006583477562226,min_variance
2022-08-01,O,0.013713651410786391,min_variance
2022-09-01,O,0.03978981550073938,min_variance
2022-10-03,O,0.08373058103136627,min_variance
2022-11-01,O,0.09179632210367593,min_variance
2022-12-01,O,0.05783955755140136,min_variance
2023-01-03,O,0.0736718391091894,min_variance
2023-02-01,O,0.08489977706845829,min_variance
2023-03-01,O,0.09283035793802849,min_variance
2023-04-03,O,0.07832851559309965,min_variance
2023-05-01,O,0.0998397761058845,min_variance
2023-06-01,O,0.08590998694286583,min_variance
2023-07-03,O,0.10831661244858169,min_variance
2023-08-01,O,0.11322334168601307,min_variance
2023-09-01,O,0.08770521175419471,min_variance
2023-10-02,O,0.06831200603014091,min_variance
2023-11-01,O,0.0927298457381772,min_variance
2023-12-01,O,0.0746494906336015,min_variance
2021-01-04,OXY,0.0,min_variance
2021-02-01,OXY,0.0,min_variance
2021-03-01,OXY,0.0,min_variance
2021-04-01,OXY,0.0,min_variance
2021-05-03,OXY,1.7310227512407813e-18,min_variance
2021-06-01,OXY,1.3119737799164102e-19,min_variance
2021-07-01,OXY,8.007189942357586e-19,min_variance
2021-08-02,OXY,1.9309827608690574e-19,min_variance
2021-09-01,OXY,0.0,min_variance
2021-10-01,OXY,0.0,min_variance
2021-11-01,OXY,0.0,min_variance
2021-12-01,OXY,0.0,min_variance
2022-01-03,OXY,2.0674605827600944e-18,min_variance
2022-02-01,OXY,5.595001212137449e-18,min_variance
2022-03-01,OXY,0.0,min_variance
2022-04-01,OXY,0.0,min_variance
2022-05-02,OXY,1.491896174058395e-19,min_variance
2022-06-01,OXY,0.0,min_variance
2022-07-01,OXY,6.812068765320498e-19,min_variance
2022-08-01,OXY,4.779290274744831e-19,min_variance
2022-09-01,OXY,8.672594422243478e-19,min_variance
2022-10-03,OXY,9.865716642262657e-19,min_variance
2022-11-01,OXY,0.0,min_variance
2022-12-01,OXY,4.375892163029404e-19,min_variance
2023-01-03,OXY,1.411252508095911e-19,min_variance
2023-02-01,OXY,0.0,min_variance
2023-03-01,OXY,0.0,min_variance
2023-04-03,OXY,2.857127871572421e-19,min_variance
2023-05-01,OXY,4.799622578166618e-19,min_variance
2023-06-01,OXY,0.0,min_variance
2023-07-03,OXY,0.0,min_variance
2023-08-01,OXY,0.0,min_variance
2023-09-01,OXY,0.0,min_variance
2023-10-02,OXY,0.0,min_variance
2023-11-01,OXY,3.619166838704207e-19,min_variance
2023-12-01,OXY,0.012958241140091118,min_variance
2021-01-04,PLD,4.323532279379214e-18,min_variance
2021-02-01,PLD,2.1868162666797196e-18,min_variance
2021-03-01,PLD,5.932093686716315e-18,min_variance
2021-04-01,PLD,4.644961329436143e-19,min_variance
2021-05-03,PLD,0.0,min_variance
2021-06-01,PLD,0.0,min_variance
2021-07-01,PLD,0.0,min_variance
2021-08-02,PLD,0.0,min_variance
2021-09-01,PLD,1.1778521449371311e-17,min_variance
2021-10-01,PLD,2.4527548392998517e-18,min_variance
2021-11-01,PLD,2.24131985751931e-18,min_variance
2021-12-01,PLD,0.0,min_variance
2022-01-03,PLD,3.1706189324887906e-18,min_variance
2022-02-01,PLD,0.0,min_variance
2022-03-01,PLD,2.6934870875899395e-19,min_variance
2022-04-01,PLD,0.0,min_variance
2022-05-02,PLD,6.708298399623215e-18,min_variance
2022-06-01,PLD,0.0,min_variance
2022-07-01,PLD,2.1361105256491768e-18,min_variance
2022-08-01,PLD,3.0958912857742487e-19,min_variance
2022-09-01,PLD,0.0,min_variance
2022-10-03,PLD,0.0,min_variance
2022-11-01,PLD,0.0,min_variance
2022-12-01,PLD,0.0,min_variance
2023-01-03,PLD,6.789695250114312e-19,min_variance
2023-02-01,PLD,0.0,min_variance
2023-03-01,PLD,0.0,min_variance
2023-04-03,PLD,0.0,min_variance
2023-05-01,PLD,0.0,min_variance
2023-06-01,PLD,0.0,min_variance
2023-07-03,PLD,0.0,min_variance
2023-08-01,PLD,8.832242836415936e-19,min_variance
2023-09-01,PLD,5.986224776597866e-19,min_variance
2023-10-02,PLD,4.352245022042515e-19,min_variance
2023-11-01,PLD,6.462865574247442e-19,min_variance
2023-12-01,PLD,0.0,min_variance
2021-01-04,PSA,0.06385399821661043,min_variance
2021-02-01,PSA,0.06040254716620482,min_variance
2021-03-01,PSA,0.08639030054338379,min_variance
2021-04-01,PSA,0.11597058051896064,min_variance
2021-05-03,PSA,0.06299203914178639,min_variance
2021-06-01,PSA,0.0847381624817186,min_variance
2021-07-01,PSA,0.09867711446121576,min_variance
2021-08-02,PSA,0.10020383261399399,min_variance
2021-09-01,PSA,0.11013132959538847,min_variance
2021-10-01,PSA,0.08675077210616675,min_variance
2021-11-01,PSA,0.0886389863184883,min_variance
2021-12-01,PSA,0.10931557934032993,min_variance
2022-01-03,PSA,0.0988244416189525,min_variance
2022-02-01,PSA,0.09099306466802742,min_variance
2022-03-01,PSA,0.05964642238643824,min_variance
2022-04-01,PSA,0.043869577984390964,min_variance
2022-05-02,PSA,1.192805522958591e-18,min_variance
2022-06-01,PSA,3.4293203106816095e-18,min_variance
2022-07-01,PSA,0.0,min_variance
2022-08-01,PSA,3.0006887662714493e-18,min_variance
2022-09-01,PSA,1.0538864770698333e-18,min_variance
2022-10-03,PSA,0.0,min_variance
2022-11-01,PSA,1.2558291368144758e-18,min_variance
2022-12-01,PSA,0.0,min_variance
2023-01-03,PSA,0.0,min_variance
2023-02-01,PSA,0.0,min_variance
2023-03-01,PSA,5.7382513935733334e-18,min_variance
2023-04-03,PSA,0.0,min_variance
2023-05-01,PSA,0.0,min_variance
2023-06-01,PSA,0.0,min_variance
2023-07-03,PSA,4.639023162874299e-18,min_variance
2023-08-01,PSA,8.203283013813257e-18,min_variance
2023-09-01,PSA,0.0,min_variance
2023-10-02,PSA,0.0,min_variance
2023-11-01,PSA,5.18153415374739e-18,min_variance
2023-12-01,PSA,0.0,min_variance
2021-01-04,QCOM,1.886772134385379e-18,min_variance
2021-02-01,QCOM,4.699639135754485e-18,min_variance
2021-03-01,QCOM,5.817685945741e-18,min_variance
2021-04-01,QCOM,1.7435213953852295e-19,min_variance
2021-05-03,QCOM,9.97352057587957e-18,min_variance
2021-06-01,QCOM,7.081170744340347e-18,min_variance
2021-07-01,QCOM,0.0,min_variance
2021-08-02,QCOM,1.2741670830638188e-18,min_variance
2021-09-01,QCOM,0.0,min_variance
2021-10-01,QCOM,2.9183472796772983e-18,min_variance
2021-11-01,QCOM,0.0,min_variance
2021-12-01,QCOM,0.0,min_variance
2022-01-03,QCOM,4.021689804966212e-18,min_variance
2022-02-01,QCOM,0.0,min_variance
2022-03-01,QCOM,1.8757649560218e-18,min_variance
2022-04-01,QCOM,0.0,min_variance
2022-05-02,QCOM,3.939926954593193e-18,min_variance
2022-06-01,QCOM,4.225218154393559e-19,min_variance
2022-07-01,QCOM,0.0,min_variance
2022-08-01,QCOM,0.0,min_variance
2022-09-01,QCOM,7.518260175587624e-19,min_variance
2022-10-03,QCOM,1.898052407801252e-19,min_variance
2022-11-01,QCOM,2.253722252766872e-19,min_variance
2022-12-01,QCOM,5.552579063792388e-19,min_variance
2023-01-03,QCOM,0.0,min_variance
2023-02-01,QCOM,0.0,min_variance
2023-03-01,QCOM,0.0,min_variance
2023-04-03,QCOM,0.0,min_variance
2023-05-01,QCOM,0.0,min_variance
2023-06-01,QCOM,0.0,min_variance
2023-07-03,QCOM,0.0,min_variance
2023-08-01,QCOM,1.4955550926642576e-18,min_variance
2023-09-01,QCOM,7.739383329319094e-19,min_variance
2023-10-02,QCOM,1.6856847441289862e-19,min_variance
2023-11-01,QCOM,0.0,min_variance
2023-12-01,QCOM,1.8343524640444847e-18,min_variance
2021-01-04,SBUX,1.6590053169207276e-19,min_variance
2021-02-01,SBUX,3.025128516285414e-19,min_variance
2021-03-01,SBUX,4.3474857006665285e-18,min_variance
2021-04-01,SBUX,3.0745600349842567e-18,min_variance
2021-05-03,SBUX,0.0,min_variance
2021-06-01,SBUX,8.6467252109698795e-19,min_variance
2021-07-01,SBUX,0.03169568961791311,min_variance
2021-08-02,SBUX,0.019704939318754097,min_variance
2021-09-01,SBUX,0.01181181819401301,min_variance
2021-10-01,SBUX,0.0205143994290366,min_variance
2021-11-01,SBUX,0.016895423341299655,min_variance
2021-12-01,SBUX,0.010604901602385941,min_variance
2022-01-03,SBUX,0.0,min_variance
2022-02-01,SBUX,0.02159360053486583,min_variance
2022-03-01,SBUX,0.0,min_variance
2022-04-01,SBUX,9.38428256420018e-19,min_variance
2022-05-02,SBUX,1.3448155500965179e-18,min_variance
2022-06-01,SBUX,0.0,min_variance
2022-07-01,SBUX,0.0,min_variance
2022-08-01,SBUX,1.4877616019308866e-19,min_variance
2022-09-01,SBUX,6.131867208095664e-19,min_variance
2022-10-03,SBUX,1.2140065476991167e-18,min_variance
2022-11-01,SBUX,1.2786484498436862e-18,min_variance
2022-12-01,SBUX,0.0,min_variance
2023-01-03,SBUX,0.0,min_variance
2023-02-01,SBUX,2.9727661735014024e-18,min_variance
2023-03-01,SBUX,1.1320484929047715e-19,min_variance
2023-04-03,SBUX,3.8989783966952104e-19,min_variance
2023-05-01,SBUX,3.5079632916676207e-19,min_variance
2023-06-01,SBUX,1.2495907545247397e-18,min_variance
2023-07-03,SBUX,0.0,min_variance
2023-08-01,SBUX,0.0,min_variance
2023-09-01,SBUX,0.0,min_variance
2023-10-02,SBUX,3.078296689012925e-18,min_variance
2023-11-01,SBUX,3.722713989879781e-19,min_variance
2023-12-01,SBUX,0.0,min_variance
2021-01-04,SHW,0.0,min_variance
2021-02-01,SHW,1.032777004338149e-18,min_variance
2021-03-01,SHW,6.6124545327404854e-18,min_variance
2021-04-01,SHW,0.0,min_variance
2021-05-03,SHW,2.1357229450043306e-18,min_variance
2021-06-01,SHW,2.1287600463216279e-19,min_variance
2021-07-01,SHW,1.2348939922641612e-18,min_variance
2021-08-02,SHW,1.223809629242821e-18,min_variance
2021-09-01,SHW,9.66788579780107e-19,min_variance
2021-10-01,SHW,0.00048609090128012036,min_variance
2021-11-01,SHW,0.0,min_variance
2021-12-01,SHW,0.03165978369702149,min_variance
2022-01-03,SHW,0.016618337601218232,min_variance
2022-02-01,SHW,0.016766753717885774,min_variance
2022-03-01,SHW,1.8119446404880894e-18,min_variance
2022-04-01,SHW,0.011579011258205932,min_variance
2022-05-02,SHW,0.05717091528899692,min_variance
2022-06-01,SHW,0.04279777815072208,min_variance
2022-07-01,SHW,0.011081197016936486,min_variance
2022-08-01,SHW,0.007148083187279497,min_variance
2022-09-01,SHW,0.008202912787898487,min_variance
2022-10-03,SHW,2.074883362871931e-19,min_variance
2022-11-01,SHW,0.0,min_variance
2022-12-01,SHW,7.707748518962548e-19,min_variance
2023-01-03,SHW,0.0,min_variance
2023-02-01,SHW,4.738282775433899e-19,min_variance
2023-03-01,SHW,2.1036263962196763e-18,min_variance
2023-04-03,SHW,0.0,min_variance
2023-05-01,SHW,1.014024344950148e-19,min_variance
2023-06-01,SHW,0.0,min_variance
2023-07-03,SHW,0.0,min_variance
2023-08-01,SHW,1.233895923804874e-18,min_variance
2023-09-01,SHW,3.7542929605827846e-19,min_variance
2023-10-02,SHW,0.0,min_variance
2023-11-01,SHW,0.0,min_variance
2023-12-01,SHW,0.0,min_variance
2021-01-04,SLB,0.0,min_variance
2021-02-01,SLB,0.0,min_variance
2021-03-01,SLB,0.0,min_variance
2021-04-01,SLB,0.0,min_variance
2021-05-03,SLB,0.0,min_variance
2021-06-01,SLB,0.0,min_variance
2021-07-01,SLB,9.607735620054414e-19,min_variance
2021-08-02,SLB,0.0,min_variance
2021-09-01,SLB,4.221538420068226e-19,min_variance
2021-10-01,SLB,0.0,min_variance
2021-11-01,SLB,5.093915643014516e-18,min_variance
2021-12-01,SLB,0.0,min_variance
2022-01-03,SLB,0.0,min_variance
2022-02-01,SLB,1.2301297573196662e-19,min_variance
2022-03-01,SLB,0.0,min_variance
2022-04-01,SLB,0.0,min_variance
2022-05-02,SLB,0.0,min_variance
2022-06-01,SLB,1.399068890031913e-18,min_variance
2022-07-01,SLB,0.0,min_variance
2022-08-01,SLB,0.0,min_variance
2022-09-01,SLB,1.3120789910045553e-18,min_variance
2022-10-03,SLB,5.173467535690886e-19,min_variance
2022-11-01,SLB,9.811916663012806e-19,min_variance
2022-12-01,SLB,0.0,min_variance
2023-01-03,SLB,0.0,min_variance
2023-02-01,SLB,0.0,min_variance
2023-03-01,SLB,1.1913407992125725e-19,min_variance
2023-04-03,SLB,0.0,min_variance
2023-05-01,SLB,0.0,min_variance
2023-06-01,SLB,8.603285591715915e-19,min_variance
2023-07-03,SLB,0.0,min_variance
2023-08-01,SLB,0.0,min_variance
2023-09-01,SLB,4.499482306071395e-19,min_variance
2023-10-02,SLB,9.864377903378907e-19,min_variance
2023-11-01,SLB,0.0,min_variance
2023-12-01,SLB,0.0,min_variance
2021-01-04,SO,1.574290263846586e-18,min_variance
2021-02-01,SO,3.862472052781064e-18,min_variance
2021-03-01,SO,5.433948341670476e-18,min_variance
2021-04-01,SO,0.0,min_variance
2021-05-03,SO,0.0,min_variance
2021-06-01,SO,0.005325890541118476,min_variance
2021-07-01,SO,0.0,min_variance
2021-08-02,SO,1.2949589214803708e-18,min_variance
2021-09-01,SO,0.006632629831145614,min_variance
2021-10-01,SO,6.730566831870272e-19,min_variance
2021-11-01,SO,0.0,min_variance
2021-12-01,SO,0.021683162841206926,min_variance
2022-01-03,SO,0.020063953987449725,min_variance
2022-02-01,SO,0.094513267301595,min_variance
2022-03-01,SO,0.07636381169082576,min_variance
2022-04-01,SO,0.07679582895382733,min_variance
2022-05-02,SO,0.06209646314160919,min_variance
2022-06-01,SO,0.06653210716964099,min_variance
2022-07-01,SO,0.04541954229018261,min_variance
2022-08-01,SO,0.03617480155558484,min_variance
2022-09-01,SO,0.04932207802624664,min_variance
2022-10-03,SO,0.01481006062941434,min_variance
2022-11-01,SO,0.01924698722561533,min_variance
2022-12-01,SO,4.031089930773585e-18,min_variance
2023-01-03,SO,1.0660635819066464e-18,min_variance
2023-02-01,SO,2.928106242212725e-18,min_variance
2023-03-01,SO,0.0,min_variance
2023-04-03,SO,0.0,min_variance
2023-05-01,SO,1.0299167318890262e-19,min_variance
2023-06-01,SO,0.0,min_variance
2023-07-03,SO,0.0,min_variance
2023-08-01,SO,0.0,min_variance
2023-09-01,SO,0.0,min_variance
2023-10-02,SO,0.0,min_variance
2023-11-01,SO,0.0,min_variance
2023-12-01,SO,0.0,min_variance
2021-01-04,T,0.04456861573306308,min_variance
2021-02-01,T,0.04976676840072319,min_variance
2021-03-01,T,0.0362634140553201,min_variance
2021-04-01,T,0.10387161104559997,min_variance
2021-05-03,T,0.11256609780049862,min_variance
2021-06-01,T,0.11594789786668748,min_variance
2021-07-01,T,0.15916528285220977,min_variance
2021-08-02,T,0.1564560978315193,min_variance
2021-09-01,T,0.15176844088010064,min_variance
2021-10-01,T,0.12509421212784594,min_variance
2021-11-01,T,0.10722219391348019,min_variance
2021-12-01,T,0.08451403425094692,min_variance
2022-01-03,T,0.07089610544639331,min_variance
2022-02-01,T,0.006545333040128233,min_variance
2022-03-01,T,1.99841325930312e-18,min_variance
2022-04-01,T,0.0,min_variance
2022-05-02,T,7.698292423469037e-19,min_variance
2022-06-01,T,0.0,min_variance
2022-07-01,T,0.0,min_variance
2022-08-01,T,8.870896896496575e-18,min_variance
2022-09-01,T,9.307411096772464e-19,min_variance
2022-10-03,T,3.890364307429844e-20,min_variance
2022-11-01,T,0.0,min_variance
2022-12-01,T,0.0,min_variance
2023-01-03,T,0.0027570966207893775,min_variance
2023-02-01,T,0.02674330724645595,min_variance
2023-03-01,T,0.03788154050744029,min_variance
2023-04-03,T,0.045502261368303924,min_variance
2023-05-01,T,0.030075011771669255,min_variance
2023-06-01,T,0.01063811042033407,min_variance
2023-07-03,T,0.02703084114654118,min_variance
2023-08-01,T,0.007825458107065229,min_variance
2023-09-01,T,0.007141093445919474,min_variance
2023-10-02,T,0.0045683687926169276,min_variance
2023-11-01,T,0.016718515985305205,min_variance
2023-12-01,T,0.01510576435031093,min_variance
2021-01-04,TMUS,8.249012103904494e-18,min_variance
2021-02-01,TMUS,0.0,min_variance
2021-03-01,TMUS,4.13384658558842e-18,min_variance
2021-04-01,TMUS,0.0,min_variance
2021-05-03,TMUS,0.0,min_variance
2021-06-01,TMUS,1.0036972815710914e-18,min_variance
2021-07-01,TMUS,0.0,min_variance
2021-08-02,TMUS,0.0,min_variance
2021-09-01,TMUS,3.2162349118768025e-18,min_variance
2021-10-01,TMUS,5.985734500819228e-20,min_variance
2021-11-01,TMUS,0.003874364876046603,min_variance
2021-12-01,TMUS,0.0,min_variance
2022-01-03,TMUS,0.0,min_variance
2022-02-01,TMUS,0.0,min_variance
2022-03-01,TMUS,0.0,min_variance
2022-04-01,TMUS,0.012241241590458375,min_variance
2022-05-02,TMUS,0.0,min_variance
2022-06-01,TMUS,0.0,min_variance
2022-07-01,TMUS,0.0,min_variance
2022-08-01,TMUS,3.629395579881775e-18,min_variance
2022-09-01,TMUS,5.315447271973906e-19,min_variance
2022-10-03,TMUS,3.1451602081627505e-18,min_variance
2022-11-01,TMUS,9.088449215808773e-19,min_variance
2022-12-01,TMUS,2.2587470424260438e-18,min_variance
2023-01-03,TMUS,0.0,min_variance
2023-02-01,TMUS,3.1716282145483365e-18,min_variance
2023-03-01,TMUS,0.0,min_variance
2023-04-03,TMUS,2.4024053701145593e-18,min_variance
2023-05-01,TMUS,0.0,min_variance
2023-06-01,TMUS,0.012001106238140746,min_variance
2023-07-03,TMUS,0.03059542001424627,min_variance
2023-08-01,TMUS,0.04743441298902913,min_variance
2023-09-01,TMUS,0.03745715597938108,min_variance
2023-10-02,TMUS,0.058545962088081244,min_variance
2023-11-01,TMUS,0.06618203870341788,min_variance
2023-12-01,TMUS,0.067970648622799,min_variance
2021-01-04,TTWO,5.511870583885373e-18,min_variance
2021-02-01,TTWO,0.0,min_variance
2021-03-01,TTWO,0.009531186726730605,min_variance
2021-04-01,TTWO,0.06438071795374237,min_variance
2021-05-03,TTWO,0.051518404336518483,min_variance
2021-06-01,TTWO,0.045835387185456086,min_variance
2021-07-01,TTWO,0.04049433116283048,min_variance
2021-08-02,TTWO,0.04491265626822187,min_variance
2021-09-01,TTWO,0.04539843330672695,min_variance
2021-10-01,TTWO,0.03554170347106046,min_variance
2021-11-01,TTWO,0.024653401605423023,min_variance
2021-12-01,TTWO,0.021410246090818406,min_variance
2022-01-03,TTWO,0.019760088367333346,min_variance
2022-02-01,TTWO,0.026721926972625914,min_variance
2022-03-01,TTWO,0.03378017261616211,min_variance
2022-04-01,TTWO,0.029304895297920023,min_variance
2022-05-02,TTWO,0.032417861934809,min_variance
2022-06-01,TTWO,0.01825247256875313,min_variance
2022-07-01,TTWO,0.01467215390786024,min_variance
2022-08-01,TTWO,0.015714937490240735,min_variance
2022-09-01,TTWO,0.005102030039876632,min_variance
2022-10-03,TTWO,0.002013284755728969,min_variance
2022-11-01,TTWO,0.005659693676864685,min_variance
2022-12-01,TTWO,0.013062664832142133,min_variance
2023-01-03,TTWO,0.009997203928483647,min_variance
2023-02-01,TTWO,0.001728067217759754,min_variance
2023-03-01,TTWO,0.004827510123518198,min_variance
2023-04-03,TTWO,0.0,min_variance
2023-05-01,TTWO,1.0102041569915129e-18,min_variance
2023-06-01,TTWO,7.484660624603724e-19,min_variance
2023-07-03,TTWO,1.31694806911313e-18,min_variance
2023-08-01,TTWO,2.8737282558461396e-18,min_variance
2023-09-01,TTWO,4.9756452677868665e-18,min_variance
2023-10-02,TTWO,9.865248300340393e-18,min_variance
2023-11-01,TTWO,3.0981109436380004e-19,min_variance
2023-12-01,TTWO,0.0,min_variance
2021-01-04,UPS,6.849539906916677e-19,min_variance
2021-02-01,UPS,0.0,min_variance
2021-03-01,UPS,6.400636932201805e-18,min_variance
2021-04-01,UPS,4.712213204497387e-19,min_variance
2021-05-03,UPS,0.0,min_variance
2021-06-01,UPS,0.0,min_variance
2021-07-01,UPS,2.6128241297845815e-19,min_variance
2021-08-02,UPS,2.8494246644447695e-18,min_variance
2021-09-01,UPS,8.580741707097097e-19,min_variance
2021-10-01,UPS,1.595852679784764e-18,min_variance
2021-11-01,UPS,0.008464354354302636,min_variance
2021-12-01,UPS,0.0006102024980471735,min_variance
2022-01-03,UPS,0.0026637300640027276,min_variance
2022-02-01,UPS,0.0028352545780865207,min_variance
2022-03-01,UPS,0.00940369422300519,min_variance
2022-04-01,UPS,4.9052512245016096e-18,min_variance
2022-05-02,UPS,5.005762872180226e-18,min_variance
2022-06-01,UPS,0.0023010862692993106,min_variance
2022-07-01,UPS,0.005490787539607654,min_variance
2022-08-01,UPS,8.241927243883106e-19,min_variance
2022-09-01,UPS,0.004004800799798392,min_variance
2022-10-03,UPS,0.0,min_variance
2022-11-01,UPS,0.011662642916057257,min_variance
2022-12-01,UPS,3.864668570860994e-18,min_variance
2023-01-03,UPS,6.464525907965325e-19,min_variance
2023-02-01,UPS,0.0,min_variance
2023-03-01,UPS,2.2412124347087702e-18,min_variance
2023-04-03,UPS,6.4614300055883455e-18,min_variance
2023-05-01,UPS,0.0,min_variance
2023-06-01,UPS,0.0,min_variance
2023-07-03,UPS,0.0,min_variance
2023-08-01,UPS,1.3558686682094932e-18,min_variance
2023-09-01,UPS,0.0,min_variance
2023-10-02,UPS,0.0,min_variance
2023-11-01,UPS,3.2399052099448373e-19,min_variance
2023-12-01,UPS,3.4337079022710847e-18,min_variance
2021-01-04,USB,2.9220259430481445e-18,min_variance
2021-02-01,USB,9.821150719778183e-19,min_variance
2021-03-01,USB,0.0,min_variance
2021-04-01,USB,2.0710627722266223e-18,min_variance
2021-05-03,USB,2.4328770950686953e-18,min_variance
2021-06-01,USB,0.0,min_variance
2021-07-01,USB,0.0,min_variance
2021-08-02,USB,0.0,min_variance
2021-09-01,USB,3.814958373691489e-19,min_variance
2021-10-01,USB,0.0,min_variance
2021-11-01,USB,4.422075732588896e-18,min_variance
2021-12-01,USB,4.3885223056948484e-18,min_variance
2022-01-03,USB,1.4771859989049956e-18,min_variance
2022-02-01,USB,0.0,min_variance
2022-03-01,USB,5.119665461168995e-18,min_variance
2022-04-01,USB,0.0,min_variance
2022-05-02,USB,0.0,min_variance
2022-06-01,USB,1.250363410243861e-18,min_variance
2022-07-01,USB,0.0,min_variance
2022-08-01,USB,0.0,min_variance
2022-09-01,USB,9.528837991869639e-19,min_variance
2022-10-03,USB,0.0,min_variance
2022-11-01,USB,0.0,min_variance
2022-12-01,USB,1.1220673540603637e-19,min_variance
2023-01-03,USB,0.0,min_variance
2023-02-01,USB,0.0,min_variance
2023-03-01,USB,2.4983437496401803e-18,min_variance
2023-04-03,USB,2.7367738244680485e-20,min_variance
2023-05-01,USB,8.271279184893714e-19,min_variance
2023-06-01,USB,0.0,min_variance
2023-07-03,USB,2.3435284694167377e-19,min_variance
2023-08-01,USB,0.0,min_variance
2023-09-01,USB,7.256574549384142e-19,min_variance
2023-10-02,USB,0.0,min_variance
2023-11-01,USB,0.0,min_variance
2023-12-01,USB,1.177886732124359e-18,min_variance
2021-01-04,V,0.0,min_variance
2021-02-01,V,3.2727884239970823e-20,min_variance
2021-03-01,V,2.119752145039514e-18,min_variance
2021-04-01,V,4.617772263559428e-19,min_variance
2021-05-03,V,0.0,min_variance
2021-06-01,V,0.0,min_variance
2021-07-01,V,0.0,min_variance
2021-08-02,V,2.151271983620968e-18,min_variance
2021-09-01,V,1.1297701513521688e-18,min_variance
2021-10-01,V,0.0,min_variance
2021-11-01,V,1.1307288945848048e-17,min_variance
2021-12-01,V,9.040112903584653e-18,min_variance
2022-01-03,V,0.0,min_variance
2022-02-01,V,0.0,min_variance
2022-03-01,V,0.0,min_variance
2022-04-01,V,0.0,min_variance
2022-05-02,V,0.0,min_variance
2022-06-01,V,3.419730014760495e-19,min_variance
2022-07-01,V,1.1356381731305913e-18,min_variance
2022-08-01,V,0.0,min_variance
2022-09-01,V,2.4069810035895592e-20,min_variance
2022-10-03,V,0.0,min_variance
2022-11-01,V,1.336585163446655e-18,min_variance
2022-12-01,V,0.0,min_variance
2023-01-03,V,0.0,min_variance
2023-02-01,V,4.091499049689375e-18,min_variance
2023-03-01,V,0.0,min_variance
2023-04-03,V,0.0,min_variance
2023-05-01,V,6.215441438907708e-19,min_variance
2023-06-01,V,7.715477295080548e-18,min_variance
2023-07-03,V,0.01826637830186044,min_variance
2023-08-01,V,0.03445906268017274,min_variance
2023-09-01,V,0.052337127657220275,min_variance
2023-10-02,V,0.057082430795824105,min_variance
2023-11-01,V,0.0618971679113558,min_variance
2023-12-01,V,0.12020539516232762,min_variance
2021-01-04,WFC,4.1219301359849865e-18,min_variance
2021-02-01,WFC,1.072042867575999e-18,min_variance
2021-03-01,WFC,6.239742590983965e-19,min_variance
2021-04-01,WFC,1.5199481957649367e-18,min_variance
2021-05-03,WFC,0.0,min_variance
2021-06-01,WFC,0.0,min_variance
2021-07-01,WFC,6.587511820035952e-19,min_variance
2021-08-02,WFC,0.0,min_variance
2021-09-01,WFC,1.1129656895231718e-18,min_variance
2021-10-01,WFC,0.0,min_variance
2021-11-01,WFC,3.6482329761334105e-18,min_variance
2021-12-01,WFC,0.0,min_variance
2022-01-03,WFC,6.2950594886723475e-18,min_variance
2022-02-01,WFC,2.4762903663850183e-18,min_variance
2022-03-01,WFC,4.299920208984403e-19,min_variance
2022-04-01,WFC,5.0676463642208884e-18,min_variance
2022-05-02,WFC,8.590366429089579e-18,min_variance
2022-06-01,WFC,0.0,min_variance
2022-07-01,WFC,0.0,min_variance
2022-08-01,WFC,3.921361470476862e-19,min_variance
2022-09-01,WFC,1.9735919441673133e-18,min_variance
2022-10-03,WFC,2.491841428522529e-19,min_variance
2022-11-01,WFC,0.0,min_variance
2022-12-01,WFC,0.0,min_variance
2023-01-03,WFC,0.0,min_variance
2023-02-01,WFC,3.903955322388413e-19,min_variance
2023-03-01,WFC,1.6480285497152693e-18,min_variance
2023-04-03,WFC,0.0,min_variance
2023-05-01,WFC,6.0429333749996305e-19,min_variance
2023-06-01,WFC,2.1145057484820676e-18,min_variance
2023-07-03,WFC,1.4990272590046582e-18,min_variance
2023-08-01,WFC,1.1134017011313136e-17,min_variance
2023-09-01,WFC,1.179468400965761e-17,min_variance
2023-10-02,WFC,0.0,min_variance
2023-11-01,WFC,0.0,min_variance
2023-12-01,WFC,0.0,min_variance
2021-01-04,WMT,0.27931296157607766,min_variance
2021-02-01,WMT,0.28361826665749773,min_variance
2021-03-01,WMT,0.24754605883184067,min_variance
2021-04-01,WMT,0.2363814929961875,min_variance
2021-05-03,WMT,0.20518541927115358,min_variance
2021-06-01,WMT,0.17355597268511908,min_variance
2021-07-01,WMT,0.10826833002801023,min_variance
2021-08-02,WMT,0.11572320787877304,min_variance
2021-09-01,WMT,0.1306971520465002,min_variance
2021-10-01,WMT,0.1363964285401923,min_variance
2021-11-01,WMT,0.11896095603503641,min_variance
2021-12-01,WMT,0.11968191115699495,min_variance
2022-01-03,WMT,0.11857253760685912,min_variance
2022-02-01,WMT,0.09591828568382563,min_variance
2022-03-01,WMT,0.13276005223557732,min_variance
2022-04-01,WMT,0.12025969566986619,min_variance
2022-05-02,WMT,0.1181413526060454,min_variance
2022-06-01,WMT,0.07472620710474508,min_variance
2022-07-01,WMT,0.09228755638089596,min_variance
2022-08-01,WMT,0.09270137216739242,min_variance
2022-09-01,WMT,0.08533497699287074,min_variance
2022-10-03,WMT,0.09718270045491928,min_variance
2022-11-01,WMT,0.09381893155975256,min_variance
2022-12-01,WMT,0.0886390910438882,min_variance
2023-01-03,WMT,0.083592095717865,min_variance
2023-02-01,WMT,0.07840690950698356,min_variance
2023-03-01,WMT,0.07333071051810333,min_variance
2023-04-03,WMT,0.07804996808045539,min_variance
2023-05-01,WMT,0.09064876784199165,min_variance
2023-06-01,WMT,0.14077790245024221,min_variance
2023-07-03,WMT,0.12957468487003038,min_variance
2023-08-01,WMT,0.1455671519712059,min_variance
2023-09-01,WMT,0.20146275490815088,min_variance
2023-10-02,WMT,0.18448426322605344,min_variance
2023-11-01,WMT,0.20137303109365673,min_variance
2023-12-01,WMT,0.17483318814632262,min_variance
2021-01-04,XOM,8.141845518412532e-18,min_variance
2021-02-01,XOM,1.0423669435876221e-19,min_variance
2021-03-01,XOM,0.0,min_variance
2021-04-01,XOM,6.366519547424257e-19,min_variance
2021-05-03,XOM,0.0,min_variance
2021-06-01,XOM,1.077039145912014e-18,min_variance
2021-07-01,XOM,0.0,min_variance
2021-08-02,XOM,2.3098574052756227e-18,min_variance
2021-09-01,XOM,0.0,min_variance
2021-10-01,XOM,0.0,min_variance
2021-11-01,XOM,5.520403972578129e-19,min_variance
2021-12-01,XOM,0.0,min_variance
2022-01-03,XOM,0.0,min_variance
2022-02-01,XOM,0.0,min_variance
2022-03-01,XOM,0.0,min_variance
2022-04-01,XOM,0.0,min_variance
2022-05-02,XOM,3.939072477766633e-18,min_variance
2022-06-01,XOM,0.0,min_variance
2022-07-01,XOM,6.6756065536575415e-19,min_variance
2022-08-01,XOM,0.0,min_variance
2022-09-01,XOM,3.6219403506304574e-18,min_variance
2022-10-03,XOM,0.0,min_variance
2022-11-01,XOM,0.0,min_variance
2022-12-01,XOM,0.0163832036611622,min_variance
2023-01-03,XOM,0.009626241659198112,min_variance
2023-02-01,XOM,0.0077874566923331785,min_variance
2023-03-01,XOM,0.0019831228170473147,min_variance
2023-04-03,XOM,0.0020688943283631188,min_variance
2023-05-01,XOM,0.0,min_variance
2023-06-01,XOM,2.8255062331715166e-18,min_variance
2023-07-03,XOM,0.0007088058288595037,min_variance
2023-08-01,XOM,0.002808158282930125,min_variance
2023-09-01,XOM,0.0013105050574075078,min_variance
2023-10-02,XOM,0.0,min_variance
2023-11-01,XOM,0.0001155374112509311,min_variance
2023-12-01,XOM,2.3126370170749898e-18,min_variance
2021-01-04,ABBV,0.0,max_sharpe
2021-02-01,ABBV,1.3678875879054159e-16,max_sharpe
2021-03-01,ABBV,1.3706228011799519e-16,max_sharpe
2021-04-01,ABBV,0.09391176210341046,max_sharpe
2021-05-03,ABBV,0.11469671819989752,max_sharpe
2021-06-01,ABBV,0.0,max_sharpe
2021-07-01,ABBV,3.377339543380152e-17,max_sharpe
2021-08-02,ABBV,1.0678454012791522e-16,max_sharpe
2021-09-01,ABBV,0.015263981430820455,max_sharpe
2021-10-01,ABBV,0.013452395033332587,max_sharpe
2021-11-01,ABBV,0.05231342549256063,max_sharpe
2021-12-01,ABBV,0.0,max_sharpe
2022-01-03,ABBV,0.0,max_sharpe
2022-02-01,ABBV,0.11322625780528536,max_sharpe
2022-03-01,ABBV,0.18313929519947178,max_sharpe
2022-04-01,ABBV,0.30095126383580895,max_sharpe
2022-05-02,ABBV,0.18827543033308064,max_sharpe
2022-06-01,ABBV,0.2510840412218235,max_sharpe
2022-07-01,ABBV,0.4610618420486534,max_sharpe
2022-08-01,ABBV,0.23096881110224848,max_sharpe
2022-09-01,ABBV,0.07251801746673413,max_sharpe
2022-10-03,ABBV,0.5172008835276871,max_sharpe
2022-11-01,ABBV,0.17995522861738525,max_sharpe
2022-12-01,ABBV,0.08178183735400092,max_sharpe
2023-01-03,ABBV,4.345003177531139e-17,max_sharpe
2023-02-01,ABBV,0.0,max_sharpe
2023-03-01,ABBV,0.0,max_sharpe
2023-04-03,ABBV,5.09339731665838e-16,max_sharpe
2023-05-01,ABBV,0.0,max_sharpe
2023-06-01,ABBV,1.118770039317376e-16,max_sharpe
2023-07-03,ABBV,5.498819828251011e-17,max_sharpe
2023-08-01,ABBV,2.531201359141817e-16,max_sharpe
2023-09-01,ABBV,9.399940151903676e-17,max_sharpe
2023-10-02,ABBV,1.609419291647194e-16,max_sharpe
2023-11-01,ABBV,9.878073232075979e-17,max_sharpe
2023-12-01,ABBV,2.524974070320561e-18,max_sharpe
2021-01-04,ABT,0.0,max_sharpe
2021-02-01,ABT,1.398989784265523e-16,max_sharpe
2021-03-01,ABT,0.0,max_sharpe
2021-04-01,ABT,0.07639636568484927,max_sharpe
2021-05-03,ABT,5.201365452201523e-17,max_sharpe
2021-06-01,ABT,2.1120238015087224e-16,max_sharpe
2021-07-01,ABT,0.01090952052791894,max_sharpe
2021-08-02,ABT,7.537175125134607e-17,max_sharpe
2021-09-01,ABT,1.6813231535578937e-16,max_sharpe
2021-10-01,ABT,0.0,max_sharpe
2021-11-01,ABT,0.06882018549866104,max_sharpe
2021-12-01,ABT,0.012713352984170336,max_sharpe
2022-01-03,ABT,0.06288419525834663,max_sharpe
2022-02-01,ABT,0.0,max_sharpe
2022-03-01,ABT,1.4647603228990176e-17,max_sharpe
2022-04-01,ABT,0.0,max_sharpe
2022-05-02,ABT,0.0,max_sharpe
2022-06-01,ABT,7.518539010269035e-17,max_sharpe
2022-07-01,ABT,1.51959231320212e-17,max_sharpe
2022-08-01,ABT,0.0,max_sharpe
2022-09-01,ABT,4.521920926340076e-17,max_sharpe
2022-10-03,ABT,0.0,max_sharpe
2022-11-01,ABT,3.25846045258962e-16,max_sharpe
2022-12-01,ABT,0.0,max_sharpe
2023-01-03,ABT,7.999364424035095e-17,max_sharpe
2023-02-01,ABT,0.0,max_sharpe
2023-03-01,ABT,9.343811174173465e-17,max_sharpe
2023-04-03,ABT,0.0,max_sharpe
2023-05-01,ABT,0.0,max_sharpe
2023-06-01,ABT,0.0,max_sharpe
2023-07-03,ABT,7.687851527747435e-17,max_sharpe
2023-08-01,ABT,0.0,max_sharpe
2023-09-01,ABT,1.419779696229806e-17,max_sharpe
2023-10-02,ABT,0.0,max_sharpe
2023-11-01,ABT,8.575487666807081e-17,max_sharpe
2023-12-01,ABT,1.118995739470432e-17,max_sharpe
2021-01-04,ADBE,0.0,max_sharpe
2021-02-01,ADBE,0.0,max_sharpe
2021-03-01,ADBE,9.279250422757558e-18,max_sharpe
2021-04-01,ADBE,3.3855793546077634e-17,max_sharpe
2021-05-03,ADBE,0.0,max_sharpe
2021-06-01,ADBE,0.0,max_sharpe
2021-07-01,ADBE,2.6709721162895117e-18,max_sharpe
2021-08-02,ADBE,0.009150431702811957,max_sharpe
2021-09-01,ADBE,1.9940280386165587e-16,max_sharpe
2021-10-01,ADBE,0.0,max_sharpe
2021-11-01,ADBE,4.6249726818037044e-17,max_sharpe
2021-12-01,ADBE,0.0,max_sharpe
2022-01-03,ADBE,1.1770458756988482e-16,max_sharpe
2022-02-01,ADBE,4.2268313174393813e-17,max_sharpe
2022-03-01,ADBE,0.0,max_sharpe
2022-04-01,ADBE,6.344931017945772e-17,max_sharpe
2022-05-02,ADBE,8.322386393765409e-17,max_sharpe
2022-06-01,ADBE,6.461569227733234e-17,max_sharpe
2022-07-01,ADBE,2.0651679913358173e-16,max_sharpe
2022-08-01,ADBE,1.364702421997841e-17,max_sharpe
2022-09-01,ADBE,0.0,max_sharpe
2022-10-03,ADBE,0.0,max_sharpe
2022-11-01,ADBE,2.9162476450071245e-16,max_sharpe
2022-12-01,ADBE,2.260681605117249e-16,max_sharpe
2023-01-03,ADBE,0.0,max_sharpe
2023-02-01,ADBE,3.166257441476383e-17,max_sharpe
2023-03-01,ADBE,2.068424826101662e-16,max_sharpe
2023-04-03,ADBE,0.0,max_sharpe
2023-05-01,ADBE,1.7521967238038357e-16,max_sharpe
2023-06-01,ADBE,0.0,max_sharpe
2023-07-03,ADBE,1.4867596018605188e-16,max_sharpe
2023-08-01,ADBE,5.2447185014180424e-17,max_sharpe
2023-09-01,ADBE,0.0,max_sharpe
2023-10-02,ADBE,0.0033073418269352504,max_sharpe
2023-11-01,ADBE,0.024489809429906598,max_sharpe
2023-12-01,ADBE,0.13934912822845846,max_sharpe
2021-01-04,AEP,0.0,max_sharpe
2021-02-01,AEP,4.777461570226858e-17,max_sharpe
2021-03-01,AEP,0.0,max_sharpe
2021-04-01,AEP,0.0,max_sharpe
2021-05-03,AEP,4.755798671407965e-17,max_sharpe
2021-06-01,AEP,0.0,max_sharpe
2021-07-01,AEP,0.0,max_sharpe
2021-08-02,AEP,0.0,max_sharpe
2021-09-01,AEP,1.0612747255214463e-16,max_sharpe
2021-10-01,AEP,0.0,max_sharpe
2021-11-01,AEP,0.0,max_sharpe
2021-12-01,AEP,4.905493272016494e-18,max_sharpe
2022-01-03,AEP,1.498148635521286e-16,max_sharpe
2022-02-01,AEP,0.0,max_sharpe
2022-03-01,AEP,0.02118606748307653,max_sharpe
2022-04-01,AEP,0.0,max_sharpe
2022-05-02,AEP,0.0,max_sharpe
2022-06-01,AEP,0.1256159977786346,max_sharpe
2022-07-01,AEP,0.0,max_sharpe
2022-08-01,AEP,0.0,max_sharpe
2022-09-01,AEP,0.0,max_sharpe
2022-10-03,AEP,0.0,max_sharpe
2022-11-01,AEP,0.0,max_sharpe
2022-12-01,AEP,2.7809922571420224e-16,max_sharpe
2023-01-03,AEP,0.0,max_sharpe
2023-02-01,AEP,0.0,max_sharpe
2023-03-01,AEP,1.0798939662173468e-16,max_sharpe
2023-04-03,AEP,1.5627543518480115e-16,max_sharpe
2023-05-01,AEP,2.9598077959894744e-16,max_sharpe
2023-06-01,AEP,6.063017959710295e-17,max_sharpe
2023-07-03,AEP,0.0,max_sharpe
2023-08-01,AEP,4.1400274888278435e-17,max_sharpe
2023-09-01,AEP,0.0,max_sharpe
2023-10-02,AEP,0.0,max_sharpe
2023-11-01,AEP,0.0,max_sharpe
2023-12-01,AEP,1.2634082802666457e-17,max_sharpe
2021-01-04,AMD,0.034498936583407566,max_sharpe
2021-02-01,AMD,0.01419145158316898,max_sharpe
2021-03-01,AMD,0.02213967941059224,max_sharpe
2021-04-01,AMD,0.0,max_sharpe
2021-05-03,AMD,0.0,max_sharpe
2021-06-01,AMD,1.411738295502573e-17,max_sharpe
2021-07-01,AMD,0.032532324607025376,max_sharpe
2021-08-02,AMD,0.0,max_sharpe
2021-09-01,AMD,1.7551547823142086e-17,max_sharpe
2021-10-01,AMD,0.0,max_sharpe
2021-11-01,AMD,0.009387056794523181,max_sharpe
2021-12-01,AMD,6.075753159767167e-17,max_sharpe
2022-01-03,AMD,0.0,max_sharpe
2022-02-01,AMD,1.0801165696304146e-16,max_sharpe
2022-03-01,AMD,6.708429553584302e-17,max_sharpe
2022-04-01,AMD,0.0,max_sharpe
2022-05-02,AMD,0.0,max_sharpe
2022-06-01,AMD,0.024351250096284614,max_sharpe
2022-07-01,AMD,4.245350032831171e-18,max_sharpe
2022-08-01,AMD,0.0,max_sharpe
2022-09-01,AMD,9.998475974283798e-17,max_sharpe
2022-10-03,AMD,9.285755688027632e-17,max_sharpe
2022-11-01,AMD,1.1795234332767545e-16,max_sharpe
2022-12-01,AMD,1.1027229799583926e-16,max_sharpe
2023-01-03,AMD,2.229919556589781e-17,max_sharpe
2023-02-01,AMD,4.942501150881376e-19,max_sharpe
2023-03-01,AMD,2.1299045949957472e-16,max_sharpe
2023-04-03,AMD,0.0,max_sharpe
2023-05-01,AMD,0.0,max_sharpe
2023-06-01,AMD,5.823991389640212e-16,max_sharpe
2023-07-03,AMD,2.5556052880849163e-16,max_sharpe
2023-08-01,AMD,9.799812702196598e-17,max_sharpe
2023-09-01,AMD,0.0,max_sharpe
2023-10-02,AMD,0.0,max_sharpe
2023-11-01,AMD,5.444780271174998e-16,max_sharpe
2023-12-01,AMD,0.0,max_sharpe
2021-01-04,AMGN,0.0,max_sharpe
2021-02-01,AMGN,0.0,max_sharpe
2021-03-01,AMGN,5.878339696247025e-18,max_sharpe
2021-04-01,AMGN,0.0,max_sharpe
2021-05-03,AMGN,0.0,max_sharpe
2021-06-01,AMGN,0.0,max_sharpe
2021-07-01,AMGN,2.7243498305646222e-17,max_sharpe
2021-08-02,AMGN,6.214932574634024e-17,max_sharpe
2021-09-01,AMGN,1.7517538920724376e-16,max_sharpe
2021-10-01,AMGN,5.757103988680366e-17,max_sharpe
2021-11-01,AMGN,1.0799326417450318e-16,max_sharpe
2021-12-01,AMGN,0.0,max_sharpe
2022-01-03,AMGN,8.449889500141282e-17,max_sharpe
2022-02-01,AMGN,9.001896068482398e-17,max_sharpe
2022-03-01,AMGN,4.665340379058532e-17,max_sharpe
2022-04-01,AMGN,1.2043802348697709e-16,max_sharpe
2022-05-02,AMGN,7.193195164089744e-17,max_sharpe
2022-06-01,AMGN,0.0,max_sharpe
2022-07-01,AMGN,0.0,max_sharpe
2022-08-01,AMGN,1.5973484285527517e-16,max_sharpe
2022-09-01,AMGN,0.03897209711117843,max_sharpe
2022-10-03,AMGN,1.1388462578789188e-17,max_sharpe
2022-11-01,AMGN,0.372801033531243,max_sharpe
2022-12-01,AMGN,0.2629734879411998,max_sharpe
2023-01-03,AMGN,0.0021866154278532704,max_sharpe
2023-02-01,AMGN,1.4749894563936262e-16,max_sharpe
2023-03-01,AMGN,0.0,max_sharpe
2023-04-03,AMGN,2.8693685118710655e-17,max_sharpe
2023-05-01,AMGN,0.0,max_sharpe
2023-06-01,AMGN,0.0,max_sharpe
2023-07-03,AMGN,4.105542868759473e-17,max_sharpe
2023-08-01,AMGN,0.0,max_sharpe
2023-09-01,AMGN,6.024868026311576e-17,max_sharpe
2023-10-02,AMGN,0.02673886426051843,max_sharpe
2023-11-01,AMGN,0.0,max_sharpe
2023-12-01,AMGN,0.0,max_sharpe
2021-01-04,AMT,1.6232198528968644e-16,max_sharpe
2021-02-01,AMT,5.2852727599989316e-17,max_sharpe
2021-03-01,AMT,0.0,max_sharpe
2021-04-01,AMT,4.400697458077479e-17,max_sharpe
2021-05-03,AMT,5.0406654402109896e-17,max_sharpe
2021-06-01,AMT,1.1670366501548119e-17,max_sharpe
2021-07-01,AMT,1.490613652379731e-17,max_sharpe
2021-08-02,AMT,3.7040394507650607e-17,max_sharpe
2021-09-01,AMT,0.0,max_sharpe
2021-10-01,AMT,0.0,max_sharpe
2021-11-01,AMT,6.8202587603993865e-18,max_sharpe
2021-12-01,AMT,4.2859532216915384e-17,max_sharpe
2022-01-03,AMT,1.1810128618460888e-16,max_sharpe
2022-02-01,AMT,0.0,max_sharpe
2022-03-01,AMT,0.0,max_sharpe
2022-04-01,AMT,2.3377569115948858e-17,max_sharpe
2022-05-02,AMT,4.9693581452270607e-17,max_sharpe
2022-06-01,AMT,0.0,max_sharpe
2022-07-01,AMT,3.8233481205991425e-17,max_sharpe
2022-08-01,AMT,0.0,max_sharpe
2022-09-01,AMT,0.0,max_sharpe
2022-10-03,AMT,4.641526355566659e-17,max_sharpe
2022-11-01,AMT,3.842861711627293e-17,max_sharpe
2022-12-01,AMT,1.3928591129384456e-16,max_sharpe
2023-01-03,AMT,7.510944050824584e-17,max_sharpe
2023-02-01,AMT,0.0,max_sharpe
2023-03-01,AMT,1.13738315113868e-16,max_sharpe
2023-04-03,AMT,0.0,max_sharpe
2023-05-01,AMT,0.0,max_sharpe
2023-06-01,AMT,0.0,max_sharpe
2023-07-03,AMT,0.0,max_sharpe
2023-08-01,AMT,0.0,max_sharpe
2023-09-01,AMT,5.4687943286240804e-17,max_sharpe
2023-10-02,AMT,4.136734387949818e-17,max_sharpe
2023-11-01,AMT,0.0,max_sharpe
2023-12-01,AMT,4.449224184701128e-18,max_sharpe
2021-01-04,BA,2.6432022120567123e-16,max_sharpe
2021-02-01,BA,2.0133538999067892e-16,max_sharpe
2021-03-01,BA,2.7265401617083886e-17,max_sharpe
2021-04-01,BA,2.658793143218683e-17,max_sharpe
2021-05-03,BA,0.0,max_sharpe
2021-06-01,BA,9.902786315394775e-17,max_sharpe
2021-07-01,BA,0.0,max_sharpe
2021-08-02,BA,0.0,max_sharpe
2021-09-01,BA,1.7750392296691117e-16,max_sharpe
2021-10-01,BA,0.0,max_sharpe
2021-11-01,BA,0.0,max_sharpe
2021-12-01,BA,0.0,max_sharpe
2022-01-03,BA,0.0,max_sharpe
2022-02-01,BA,0.0,max_sharpe
2022-03-01,BA,0.0,max_sharpe
2022-04-01,BA,0.0,max_sharpe
2022-05-02,BA,0.0,max_sharpe
2022-06-01,BA,0.0,max_sharpe
2022-07-01,BA,0.0,max_sharpe
2022-08-01,BA,0.0,max_sharpe
2022-09-01,BA,2.3875853871681698e-18,max_sharpe
2022-10-03,BA,5.915336853295035e-17,max_sharpe
2022-11-01,BA,1.9547195162744176e-16,max_sharpe
2022-12-01,BA,9.622922262690556e-17,max_sharpe
2023-01-03,BA,0.0,max_sharpe
2023-02-01,BA,9.038853789193503e-18,max_sharpe
2023-03-01,BA,8.988107709124192e-17,max_sharpe
2023-04-03,BA,0.0,max_sharpe
2023-05-01,BA,0.0,max_sharpe
2023-06-01,BA,0.06999094246158515,max_sharpe
2023-07-03,BA,0.0,max_sharpe
2023-08-01,BA,0.0,max_sharpe
2023-09-01,BA,0.0,max_sharpe
2023-10-02,BA,1.7215602266439e-17,max_sharpe
2023-11-01,BA,0.0,max_sharpe
2023-12-01,BA,0.0,max_sharpe
2021-01-04,CAT,0.0,max_sharpe
2021-02-01,CAT,0.0,max_sharpe
2021-03-01,CAT,0.23143209881945392,max_sharpe
2021-04-01,CAT,0.03780667070752154,max_sharpe
2021-05-03,CAT,0.14052734851148493,max_sharpe
2021-06-01,CAT,0.1295051243618153,max_sharpe
2021-07-01,CAT,0.014178937978405935,max_sharpe
2021-08-02,CAT,3.11413356444216e-17,max_sharpe
2021-09-01,CAT,6.136324792331383e-17,max_sharpe
2021-10-01,CAT,0.0,max_sharpe
2021-11-01,CAT,0.0,max_sharpe
2021-12-01,CAT,4.253733213343618e-17,max_sharpe
2022-01-03,CAT,0.0,max_sharpe
2022-02-01,CAT,0.0,max_sharpe
2022-03-01,CAT,0.0,max_sharpe
2022-04-01,CAT,0.0,max_sharpe
2022-05-02,CAT,0.0,max_sharpe
2022-06-01,CAT,1.3078930611119394e-17,max_sharpe
2022-07-01,CAT,1.3005322619691762e-16,max_sharpe
2022-08-01,CAT,5.909541762510688e-17,max_sharpe
2022-09-01,CAT,7.547888183290143e-17,max_sharpe
2022-10-03,CAT,1.561427730215407e-17,max_sharpe
2022-11-01,CAT,1.1033254081329417e-16,max_sharpe
2022-12-01,CAT,1.2002436037114543e-16,max_sharpe
2023-01-03,CAT,2.046435421538858e-16,max_sharpe
2023-02-01,CAT,0.0,max_sharpe
2023-03-01,CAT,0.0,max_sharpe
2023-04-03,CAT,0.0,max_sharpe
2023-05-01,CAT,0.0,max_sharpe
2023-06-01,CAT,4.841905269968142e-17,max_sharpe
2023-07-03,CAT,1.1594640007549187e-16,max_sharpe
2023-08-01,CAT,7.690833901326697e-17,max_sharpe
2023-09-01,CAT,0.022317879184994636,max_sharpe
2023-10-02,CAT,0.0636150122643716,max_sharpe
2023-11-01,CAT,7.75262142649123e-18,max_sharpe
2023-12-01,CAT,0.0,max_sharpe
2021-01-04,CCI,0.0,max_sharpe
2021-02-01,CCI,2.482908560064514e-17,max_sharpe
2021-03-01,CCI,0.0,max_sharpe
2021-04-01,CCI,6.980620675415415e-17,max_sharpe
2021-05-03,CCI,0.0,max_sharpe
2021-06-01,CCI,5.58304575396034e-17,max_sharpe
2021-07-01,CCI,1.7917420860539946e-17,max_sharpe
2021-08-02,CCI,2.7149635867609098e-17,max_sharpe
2021-09-01,CCI,0.0,max_sharpe
2021-10-01,CCI,4.947604261873177e-17,max_sharpe
2021-11-01,CCI,5.754406990688258e-17,max_sharpe
2021-12-01,CCI,0.0,max_sharpe
2022-01-03,CCI,0.0,max_sharpe
2022-02-01,CCI,0.0,max_sharpe
2022-03-01,CCI,0.0,max_sharpe
2022-04-01,CCI,1.087949329539665e-17,max_sharpe
2022-05-02,CCI,1.1024953834401313e-18,max_sharpe
2022-06-01,CCI,0.0,max_sharpe
2022-07-01,CCI,6.022913490458164e-18,max_sharpe
2022-08-01,CCI,1.8194208000983097e-17,max_sharpe
2022-09-01,CCI,0.0,max_sharpe
2022-10-03,CCI,6.66015314412451e-17,max_sharpe
2022-11-01,CCI,0.0,max_sharpe
2022-12-01,CCI,0.0,max_sharpe
2023-01-03,CCI,0.0,max_sharpe
2023-02-01,CCI,0.0,max_sharpe
2023-03-01,CCI,1.1071906617338007e-16,max_sharpe
2023-04-03,CCI,0.0,max_sharpe
2023-05-01,CCI,0.0,max_sharpe
2023-06-01,CCI,0.0,max_sharpe
2023-07-03,CCI,0.0,max_sharpe
2023-08-01,CCI,0.0,max_sharpe
2023-09-01,CCI,0.0,max_sharpe
2023-10-02,CCI,0.0,max_sharpe
2023-11-01,CCI,5.269769536685663e-17,max_sharpe
2023-12-01,CCI,0.0,max_sharpe
2021-01-04,CMCSA,5.025014389563859e-17,max_sharpe
2021-02-01,CMCSA,3.021721908900137e-17,max_sharpe
2021-03-01,CMCSA,1.0384744485624173e-16,max_sharpe
2021-04-01,CMCSA,0.0,max_sharpe
2021-05-03,CMCSA,0.0,max_sharpe
2021-06-01,CMCSA,4.828855650205482e-17,max_sharpe
2021-07-01,CMCSA,1.672586061185064e-17,max_sharpe
2021-08-02,CMCSA,4.6335843699855663e-17,max_sharpe
2021-09-01,CMCSA,3.846609960216969e-17,max_sharpe
2021-10-01,CMCSA,0.0,max_sharpe
2021-11-01,CMCSA,5.5032800133565176e-17,max_sharpe
2021-12-01,CMCSA,1.9456130171106657e-17,max_sharpe
2022-01-03,CMCSA,2.2042993561886072e-17,max_sharpe
2022-02-01,CMCSA,1.6650868907886542e-17,max_sharpe
2022-03-01,CMCSA,0.0,max_sharpe
2022-04-01,CMCSA,0.0,max_sharpe
2022-05-02,CMCSA,5.21651197484224e-17,max_sharpe
2022-06-01,CMCSA,1.0646547799717061e-17,max_sharpe
2022-07-01,CMCSA,0.0,max_sharpe
2022-08-01,CMCSA,1.0982576205271602e-17,max_sharpe
2022-09-01,CMCSA,0.0,max_sharpe
2022-10-03,CMCSA,1.5439979445422157e-16,max_sharpe
2022-11-01,CMCSA,1.443311727666609e-16,max_sharpe
2022-12-01,CMCSA,0.0,max_sharpe
2023-01-03,CMCSA,8.23535138888725e-17,max_sharpe
2023-02-01,CMCSA,8.34121627801118e-18,max_sharpe
2023-03-01,CMCSA,0.0,max_sharpe
2023-04-03,CMCSA,0.0,max_sharpe
2023-05-01,CMCSA,0.0,max_sharpe
2023-06-01,CMCSA,0.0,max_sharpe
2023-07-03,CMCSA,2.7977625178341886e-17,max_sharpe
2023-08-01,CMCSA,8.848062076367636e-17,max_sharpe
2023-09-01,CMCSA,0.0,max_sharpe
2023-10-02,CMCSA,3.2886423349003233e-16,max_sharpe
2023-11-01,CMCSA,0.009016365155805254,max_sharpe
2023-12-01,CMCSA,2.7724629437828135e-17,max_sharpe
2021-01-04,COP,8.659856531091533e-17,max_sharpe
2021-02-01,COP,1.224272543584011e-16,max_sharpe
2021-03-01,COP,4.7596601537662155e-17,max_sharpe
2021-04-01,COP,3.386370058107559e-17,max_sharpe
2021-05-03,COP,0.0,max_sharpe
2021-06-01,COP,6.886179243542204e-17,max_sharpe
2021-07-01,COP,0.0,max_sharpe
2021-08-02,COP,0.0,max_sharpe
2021-09-01,COP,0.0,max_sharpe
2021-10-01,COP,0.0,max_sharpe
2021-11-01,COP,0.02844045634447986,max_sharpe
2021-12-01,COP,0.03936059870854091,max_sharpe
2022-01-03,COP,0.08721940103106186,max_sharpe
2022-02-01,COP,0.16070877569842099,max_sharpe
2022-03-01,COP,0.15204405569863014,max_sharpe
2022-04-01,COP,0.08136176962029659,max_sharpe
2022-05-02,COP,0.1519096124297803,max_sharpe
2022-06-01,COP,0.09522642419172415,max_sharpe
2022-07-01,COP,2.4168961701213465e-16,max_sharpe
2022-08-01,COP,4.20676365990563e-17,max_sharpe
2022-09-01,COP,0.10236386413868791,max_sharpe
2022-10-03,COP,0.0,max_sharpe
2022-11-01,COP,5.495260590469046e-16,max_sharpe
2022-12-01,COP,1.1262939216470094e-16,max_sharpe
2023-01-03,COP,4.489151386478173e-16,max_sharpe
2023-02-01,COP,1.3220363824839556e-16,max_sharpe
2023-03-01,COP,0.0,max_sharpe
2023-04-03,COP,0.0,max_sharpe
2023-05-01,COP,0.0,max_sharpe
2023-06-01,COP,0.0,max_sharpe
2023-07-03,COP,8.548940470602274e-19,max_sharpe
2023-08-01,COP,1.4570063403135909e-18,max_sharpe
2023-09-01,COP,0.0,max_sharpe
2023-10-02,COP,0.0,max_sharpe
2023-11-01,COP,2.813404273304618e-17,max_sharpe
2023-12-01,COP,0.0,max_sharpe
2021-01-04,CVX,0.0,max_sharpe
2021-02-01,CVX,0.0,max_sharpe
2021-03-01,CVX,0.0,max_sharpe
2021-04-01,CVX,0.0,max_sharpe
2021-05-03,CVX,1.8447040425819382e-17,max_sharpe
2021-06-01,CVX,0.0,max_sharpe
2021-07-01,CVX,2.1143542417257973e-17,max_sharpe
2021-08-02,CVX,0.0,max_sharpe
2021-09-01,CVX,5.948380527841219e-17,max_sharpe
2021-10-01,CVX,0.0,max_sharpe
2021-11-01,CVX,2.3445188434807714e-17,max_sharpe
2021-12-01,CVX,6.957054748251698e-18,max_sharpe
2022-01-03,CVX,0.0,max_sharpe
2022-02-01,CVX,0.0,max_sharpe
2022-03-01,CVX,6.196458659272227e-17,max_sharpe
2022-04-01,CVX,0.10854392447785063,max_sharpe
2022-05-02,CVX,0.11214097329171954,max_sharpe
2022-06-01,CVX,0.1929202510722155,max_sharpe
2022-07-01,CVX,0.1398423706485878,max_sharpe
2022-08-01,CVX,0.2054653474814616,max_sharpe
2022-09-01,CVX,0.1370798077827579,max_sharpe
2022-10-03,CVX,0.14161544844972312,max_sharpe
2022-11-01,CVX,0.09887840519619866,max_sharpe
2022-12-01,CVX,0.0,max_sharpe
2023-01-03,CVX,1.61320186985866e-17,max_sharpe
2023-02-01,CVX,5.2496990878818655e-17,max_sharpe
2023-03-01,CVX,0.0,max_sharpe
2023-04-03,CVX,1.5211984401588966e-16,max_sharpe
2023-05-01,CVX,0.0,max_sharpe
2023-06-01,CVX,3.2976847482364363e-17,max_sharpe
2023-07-03,CVX,7.155745856927757e-17,max_sharpe
2023-08-01,CVX,0.0,max_sharpe
2023-09-01,CVX,0.0,max_sharpe
2023-10-02,CVX,0.0,max_sharpe
2023-11-01,CVX,9.53712232269579e-18,max_sharpe
2023-12-01,CVX,6.898349859937964e-17,max_sharpe
2021-01-04,D,0.0,max_sharpe
2021-02-01,D,0.0,max_sharpe
2021-03-01,D,0.0,max_sharpe
2021-04-01,D,0.0,max_sharpe
2021-05-03,D,1.9235831820951255e-17,max_sharpe
2021-06-01,D,0.0,max_sharpe
2021-07-01,D,1.259172751994831e-17,max_sharpe
2021-08-02,D,0.0,max_sharpe
2021-09-01,D,0.0,max_sharpe
2021-10-01,D,2.5589885745587906e-17,max_sharpe
2021-11-01,D,1.2510541643145668e-16,max_sharpe
2021-12-01,D,0.0,max_sharpe
2022-01-03,D,0.0,max_sharpe
2022-02-01,D,2.016703194097815e-18,max_sharpe
2022-03-01,D,0.0,max_sharpe
2022-04-01,D,0.0,max_sharpe
2022-05-02,D,4.12799515249304e-18,max_sharpe
2022-06-01,D,1.8747469474059336e-16,max_sharpe
2022-07-01,D,3.177308972238712e-16,max_sharpe
2022-08-01,D,3.011487996181891e-17,max_sharpe
2022-09-01,D,0.0,max_sharpe
2022-10-03,D,5.964834385635294e-17,max_sharpe
2022-11-01,D,0.0,max_sharpe
2022-12-01,D,0.0,max_sharpe
2023-01-03,D,0.0,max_sharpe
2023-02-01,D,3.707814244851592e-17,max_sharpe
2023-03-01,D,0.0,max_sharpe
2023-04-03,D,0.0,max_sharpe
2023-05-01,D,8.786714026895041e-17,max_sharpe
2023-06-01,D,8.827136084829055e-17,max_sharpe
2023-07-03,D,2.9946887084812624e-17,max_sharpe
2023-08-01,D,0.0,max_sharpe
2023-09-01,D,0.0,max_sharpe
2023-10-02,D,0.0,max_sharpe
2023-11-01,D,5.776807127365121e-17,max_sharpe
2023-12-01,D,5.49549046868142e-17,max_sharpe
2021-01-04,DD,4.78330115592046e-17,max_sharpe
2021-02-01,DD,0.03714729583059811,max_sharpe
2021-03-01,DD,1.9725911836956077e-16,max_sharpe
2021-04-01,DD,0.10885071304985677,max_sharpe
2021-05-03,DD,0.0,max_sharpe
2021-06-01,DD,4.346970153582832e-17,max_sharpe
2021-07-01,DD,3.2331550664464438e-18,max_sharpe
2021-08-02,DD,8.884788322420832e-18,max_sharpe
2021-09-01,DD,0.0,max_sharpe
2021-10-01,DD,5.360482986056211e-17,max_sharpe
2021-11-01,DD,0.0,max_sharpe
2021-12-01,DD,1.2311221986213831e-17,max_sharpe
2022-01-03,DD,0.0,max_sharpe
2022-02-01,DD,0.0,max_sharpe
2022-03-01,DD,5.637300850239114e-17,max_sharpe
2022-04-01,DD,5.273276803896967e-17,max_sharpe
2022-05-02,DD,1.1609097773005375e-17,max_sharpe
2022-06-01,DD,0.0,max_sharpe
2022-07-01,DD,0.0,max_sharpe
2022-08-01,DD,0.0,max_sharpe
2022-09-01,DD,0.0,max_sharpe
2022-10-03,DD,0.0,max_sharpe
2022-11-01,DD,9.601993394760795e-19,max_sharpe
2022-12-01,DD,4.348006603782979e-17,max_sharpe
2023-01-03,DD,1.8343963330072913e-17,max_sharpe
2023-02-01,DD,9.060179358438401e-17,max_sharpe
2023-03-01,DD,0.0,max_sharpe
2023-04-03,DD,0.0,max_sharpe
2023-05-01,DD,5.04208816449759e-18,max_sharpe
2023-06-01,DD,0.0,max_sharpe
2023-07-03,DD,2.817496504360708e-17,max_sharpe
2023-08-01,DD,7.661702216222192e-19,max_sharpe
2023-09-01,DD,0.0,max_sharpe
2023-10-02,DD,0.0,max_sharpe
2023-11-01,DD,0.0,max_sharpe
2023-12-01,DD,0.0,max_sharpe
2021-01-04,DIS,0.0,max_sharpe
2021-02-01,DIS,0.0,max_sharpe
2021-03-01,DIS,1.1087387832104352e-16,max_sharpe
2021-04-01,DIS,0.047130102792878124,max_sharpe
2021-05-03,DIS,5.829175894546081e-19,max_sharpe
2021-06-01,DIS,0.0,max_sharpe
2021-07-01,DIS,0.0032653831061457976,max_sharpe
2021-08-02,DIS,2.5082606396282956e-17,max_sharpe
2021-09-01,DIS,0.0,max_sharpe
2021-10-01,DIS,2.7275143900772343e-17,max_sharpe
2021-11-01,DIS,0.0,max_sharpe
2021-12-01,DIS,0.0,max_sharpe
2022-01-03,DIS,1.67523137186291e-16,max_sharpe
2022-02-01,DIS,0.0,max_sharpe
2022-03-01,DIS,0.0,max_sharpe
2022-04-01,DIS,1.5256300742295362e-17,max_sharpe
2022-05-02,DIS,6.695141472927376e-17,max_sharpe
2022-06-01,DIS,0.0,max_sharpe
2022-07-01,DIS,0.0,max_sharpe
2022-08-01,DIS,5.904565413499233e-17,max_sharpe
2022-09-01,DIS,0.0,max_sharpe
2022-10-03,DIS,1.3776066346096045e-16,max_sharpe
2022-11-01,DIS,2.305096962299794e-16,max_sharpe
2022-12-01,DIS,6.508288027615849e-17,max_sharpe
2023-01-03,DIS,3.3974450095143214e-17,max_sharpe
2023-02-01,DIS,8.87260293469061e-17,max_sharpe
2023-03-01,DIS,0.0,max_sharpe
2023-04-03,DIS,0.0,max_sharpe
2023-05-01,DIS,9.826368222612112e-17,max_sharpe
2023-06-01,DIS,2.816776990234819e-16,max_sharpe
2023-07-03,DIS,7.992100551333719e-17,max_sharpe
2023-08-01,DIS,0.0,max_sharpe
2023-09-01,DIS,0.0,max_sharpe
2023-10-02,DIS,9.424206938584388e-17,max_sharpe
2023-11-01,DIS,0.0,max_sharpe
2023-12-01,DIS,0.0,max_sharpe
2021-01-04,DOW,0.0,max_sharpe
2021-02-01,DOW,0.0,max_sharpe
2021-03-01,DOW,1.5907759458240324e-16,max_sharpe
2021-04-01,DOW,4.018036519157163e-18,max_sharpe
2021-05-03,DOW,0.0,max_sharpe
2021-06-01,DOW,6.869486159275162e-17,max_sharpe
2021-07-01,DOW,0.0,max_sharpe
2021-08-02,DOW,7.763300198493556e-17,max_sharpe
2021-09-01,DOW,0.0,max_sharpe
2021-10-01,DOW,9.552709018240338e-18,max_sharpe
2021-11-01,DOW,0.0,max_sharpe
2021-12-01,DOW,0.0,max_sharpe
2022-01-03,DOW,4.7994513994505464e-17,max_sharpe
2022-02-01,DOW,5.5070111842861235e-18,max_sharpe
2022-03-01,DOW,1.041856137649043e-16,max_sharpe
2022-04-01,DOW,1.307243214482247e-17,max_sharpe
2022-05-02,DOW,0.0,max_sharpe
2022-06-01,DOW,3.0724638964846736e-17,max_sharpe
2022-07-01,DOW,0.0,max_sharpe
2022-08-01,DOW,6.414526923795941e-17,max_sharpe
2022-09-01,DOW,4.9372797002931844e-17,max_sharpe
2022-10-03,DOW,5.0730902644175724e-17,max_sharpe
2022-11-01,DOW,8.191130318024178e-17,max_sharpe
2022-12-01,DOW,1.0054210263608765e-16,max_sharpe
2023-01-03,DOW,7.216917739008935e-17,max_sharpe
2023-02-01,DOW,0.0,max_sharpe
2023-03-01,DOW,0.0,max_sharpe
2023-04-03,DOW,0.0,max_sharpe
2023-05-01,DOW,9.792417420993753e-17,max_sharpe
2023-06-01,DOW,0.0,max_sharpe
2023-07-03,DOW,0.0,max_sharpe
2023-08-01,DOW,0.0,max_sharpe
2023-09-01,DOW,0.0,max_sharpe
2023-10-02,DOW,1.0604255862018267e-17,max_sharpe
2023-11-01,DOW,0.0,max_sharpe
2023-12-01,DOW,7.582680791342971e-17,max_sharpe
2021-01-04,DUK,1.1619007995686088e-17,max_sharpe
2021-02-01,DUK,8.551580819553998e-18,max_sharpe
2021-03-01,DUK,0.0,max_sharpe
2021-04-01,DUK,1.2783828220309844e-17,max_sharpe
2021-05-03,DUK,0.0,max_sharpe
2021-06-01,DUK,0.0,max_sharpe
2021-07-01,DUK,4.1686149681026554e-17,max_sharpe
2021-08-02,DUK,5.462702758864008e-05,max_sharpe
2021-09-01,DUK,0.05804602945697458,max_sharpe
2021-10-01,DUK,8.575346920766846e-17,max_sharpe
2021-11-01,DUK,0.0,max_sharpe
2021-12-01,DUK,4.422458454123918e-17,max_sharpe
2022-01-03,DUK,0.0,max_sharpe
2022-02-01,DUK,2.5711208730152746e-18,max_sharpe
2022-03-01,DUK,0.0,max_sharpe
2022-04-01,DUK,1.0418351907311101e-16,max_sharpe
2022-05-02,DUK,0.0,max_sharpe
2022-06-01,DUK,3.327665361797106e-16,max_sharpe
2022-07-01,DUK,0.0,max_sharpe
2022-08-01,DUK,1.274059842559543e-16,max_sharpe
2022-09-01,DUK,4.7304887789142963e-17,max_sharpe
2022-10-03,DUK,4.582732303340217e-17,max_sharpe
2022-11-01,DUK,0.0,max_sharpe
2022-12-01,DUK,0.0,max_sharpe
2023-01-03,DUK,0.0,max_sharpe
2023-02-01,DUK,0.0,max_sharpe
2023-03-01,DUK,0.0,max_sharpe
2023-04-03,DUK,0.0,max_sharpe
2023-05-01,DUK,1.695661241925419e-17,max_sharpe
2023-06-01,DUK,0.0,max_sharpe
2023-07-03,DUK,0.0,max_sharpe
2023-08-01,DUK,0.0,max_sharpe
2023-09-01,DUK,0.0,max_sharpe
2023-10-02,DUK,0.0,max_sharpe
2023-11-01,DUK,0.0,max_sharpe
2023-12-01,DUK,2.8158722515344214e-17,max_sharpe
2021-01-04,EA,0.0,max_sharpe
2021-02-01,EA,0.0,max_sharpe
2021-03-01,EA,6.069828958398378e-17,max_sharpe
2021-04-01,EA,0.052605633633690176,max_sharpe
2021-05-03,EA,2.565363547242394e-17,max_sharpe
2021-06-01,EA,2.6852362427303923e-17,max_sharpe
2021-07-01,EA,0.0,max_sharpe
2021-08-02,EA,0.0,max_sharpe
2021-09-01,EA,0.0,max_sharpe
2021-10-01,EA,0.0,max_sharpe
2021-11-01,EA,2.3532486245995874e-17,max_sharpe
2021-12-01,EA,2.934182446015128e-17,max_sharpe
2022-01-03,EA,0.0,max_sharpe
2022-02-01,EA,5.2637864798631796e-17,max_sharpe
2022-03-01,EA,0.0,max_sharpe
2022-04-01,EA,0.0,max_sharpe
2022-05-02,EA,0.0,max_sharpe
2022-06-01,EA,0.0,max_sharpe
2022-07-01,EA,0.0,max_sharpe
2022-08-01,EA,9.726924020691594e-17,max_sharpe
2022-09-01,EA,3.6104243636726086e-17,max_sharpe
2022-10-03,EA,7.001720757844571e-17,max_sharpe
2022-11-01,EA,0.0,max_sharpe
2022-12-01,EA,0.0,max_sharpe
2023-01-03,EA,1.253365184346472e-16,max_sharpe
2023-02-01,EA,0.0,max_sharpe
2023-03-01,EA,0.0,max_sharpe
2023-04-03,EA,0.0,max_sharpe
2023-05-01,EA,0.0,max_sharpe
2023-06-01,EA,0.0,max_sharpe
2023-07-03,EA,6.44783736058245e-17,max_sharpe
2023-08-01,EA,2.626681393539227e-17,max_sharpe
2023-09-01,EA,6.308457847984255e-17,max_sharpe
2023-10-02,EA,8.843506557428641e-17,max_sharpe
2023-11-01,EA,2.7778654371258187e-17,max_sharpe
2023-12-01,EA,1.840056366021401e-17,max_sharpe
2021-01-04,GE,8.63585402750962e-18,max_sharpe
2021-02-01,GE,1.7541982698887935e-18,max_sharpe
2021-03-01,GE,0.0,max_sharpe
2021-04-01,GE,0.0,max_sharpe
2021-05-03,GE,0.002260497125365095,max_sharpe
2021-06-01,GE,0.06070227656641651,max_sharpe
2021-07-01,GE,0.06872761431113966,max_sharpe
2021-08-02,GE,0.06093626748564112,max_sharpe
2021-09-01,GE,0.05837250060789641,max_sharpe
2021-10-01,GE,0.1067702407649224,max_sharpe
2021-11-01,GE,0.0,max_sharpe
2021-12-01,GE,0.0,max_sharpe
2022-01-03,GE,0.0,max_sharpe
2022-02-01,GE,1.1980034821178299e-17,max_sharpe
2022-03-01,GE,5.1295750427807383e-17,max_sharpe
2022-04-01,GE,2.086381325078386e-16,max_sharpe
2022-05-02,GE,4.959421767712665e-18,max_sharpe
2022-06-01,GE,2.0800067797558432e-18,max_sharpe
2022-07-01,GE,0.0,max_sharpe
2022-08-01,GE,0.0,max_sharpe
2022-09-01,GE,0.0,max_sharpe
2022-10-03,GE,0.0,max_sharpe
2022-11-01,GE,1.6174929028407656e-17,max_sharpe
2022-12-01,GE,2.3093645103890688e-17,max_sharpe
2023-01-03,GE,0.0,max_sharpe
2023-02-01,GE,0.0,max_sharpe
2023-03-01,GE,0.0,max_sharpe
2023-04-03,GE,0.060169941789785436,max_sharpe
2023-05-01,GE,0.24092594174039164,max_sharpe
2023-06-01,GE,0.425996661404079,max_sharpe
2023-07-03,GE,0.5484108174197764,max_sharpe
2023-08-01,GE,0.5455516044073192,max_sharpe
2023-09-01,GE,0.46759636110867747,max_sharpe
2023-10-02,GE,0.5773545323516985,max_sharpe
2023-11-01,GE,0.583520533867477,max_sharpe
2023-12-01,GE,0.5169852264273371,max_sharpe
2021-01-04,GILD,0.0,max_sharpe
2021-02-01,GILD,0.0,max_sharpe
2021-03-01,GILD,0.0,max_sharpe
2021-04-01,GILD,0.0,max_sharpe
2021-05-03,GILD,4.184008354317619e-18,max_sharpe
2021-06-01,GILD,6.584115489136167e-17,max_sharpe
2021-07-01,GILD,0.0,max_sharpe
2021-08-02,GILD,2.1306432611700322e-17,max_sharpe
2021-09-01,GILD,9.445969427328798e-18,max_sharpe
2021-10-01,GILD,0.0,max_sharpe
2021-11-01,GILD,0.0,max_sharpe
2021-12-01,GILD,0.07026181708417573,max_sharpe
2022-01-03,GILD,0.10263147148861473,max_sharpe
2022-02-01,GILD,4.230357262706598e-17,max_sharpe
2022-03-01,GILD,1.4313816152157433e-17,max_sharpe
2022-04-01,GILD,0.0,max_sharpe
2022-05-02,GILD,0.0,max_sharpe
2022-06-01,GILD,2.378963232050946e-17,max_sharpe
2022-07-01,GILD,0.0,max_sharpe
2022-08-01,GILD,4.0871721935915694e-17,max_sharpe
2022-09-01,GILD,0.0,max_sharpe
2022-10-03,GILD,0.0,max_sharpe
2022-11-01,GILD,0.045952146704555455,max_sharpe
2022-12-01,GILD,0.0,max_sharpe
2023-01-03,GILD,0.0,max_sharpe
2023-02-01,GILD,0.036484507509138626,max_sharpe
2023-03-01,GILD,0.1835457587148785,max_sharpe
2023-04-03,GILD,0.38279683688381244,max_sharpe
2023-05-01,GILD,0.09345030616932508,max_sharpe
2023-06-01,GILD,0.015252011164921163,max_sharpe
2023-07-03,GILD,0.0,max_sharpe
2023-08-01,GILD,0.04074322043668648,max_sharpe
2023-09-01,GILD,1.0807224891565614e-16,max_sharpe
2023-10-02,GILD,1.355888225084623e-17,max_sharpe
2023-11-01,GILD,0.0,max_sharpe
2023-12-01,GILD,1.0053579974056526e-17,max_sharpe
2021-01-04,GS,0.0,max_sharpe
2021-02-01,GS,0.0,max_sharpe
2021-03-01,GS,1.6547740943717301e-16,max_sharpe
2021-04-01,GS,0.08714481966655324,max_sharpe
2021-05-03,GS,0.00471292917544158,max_sharpe
2021-06-01,GS,0.0,max_sharpe
2021-07-01,GS,0.15489024557657124,max_sharpe
2021-08-02,GS,0.11575888111975655,max_sharpe
2021-09-01,GS,0.18486860085170462,max_sharpe
2021-10-01,GS,0.08344409445546311,max_sharpe
2021-11-01,GS,0.1601655221963565,max_sharpe
2021-12-01,GS,0.12410765615179468,max_sharpe
2022-01-03,GS,0.007553877601156209,max_sharpe
2022-02-01,GS,2.2933538894949384e-17,max_sharpe
2022-03-01,GS,3.5499913162114705e-17,max_sharpe
2022-04-01,GS,0.0,max_sharpe
2022-05-02,GS,0.0,max_sharpe
2022-06-01,GS,0.0,max_sharpe
2022-07-01,GS,0.0,max_sharpe
2022-08-01,GS,9.596300907971533e-18,max_sharpe
2022-09-01,GS,0.0,max_sharpe
2022-10-03,GS,6.35075476205596e-17,max_sharpe
2022-11-01,GS,0.0,max_sharpe
2022-12-01,GS,8.420237265937857e-17,max_sharpe
2023-01-03,GS,0.0,max_sharpe
2023-02-01,GS,0.0,max_sharpe
2023-03-01,GS,4.013472621987844e-17,max_sharpe
2023-04-03,GS,1.6517995607931699e-18,max_sharpe
2023-05-01,GS,0.0,max_sharpe
2023-06-01,GS,0.0,max_sharpe
2023-07-03,GS,0.0,max_sharpe
2023-08-01,GS,2.2084622446142764e-17,max_sharpe
2023-09-01,GS,6.13828431967021e-17,max_sharpe
2023-10-02,GS,0.0,max_sharpe
2023-11-01,GS,4.756323671504282e-17,max_sharpe
2023-12-01,GS,0.0,max_sharpe
2021-01-04,INTC,1.5044578472447412e-17,max_sharpe
2021-02-01,INTC,0.0,max_sharpe
2021-03-01,INTC,5.015944414914e-17,max_sharpe
2021-04-01,INTC,7.254248046259935e-18,max_sharpe
2021-05-03,INTC,1.1008653363243517e-16,max_sharpe
2021-06-01,INTC,1.4356689688695363e-17,max_sharpe
2021-07-01,INTC,0.0,max_sharpe
2021-08-02,INTC,1.720480220771022e-17,max_sharpe
2021-09-01,INTC,0.0,max_sharpe
2021-10-01,INTC,0.0,max_sharpe
2021-11-01,INTC,5.136426250998277e-18,max_sharpe
2021-12-01,INTC,3.210857646005753e-17,max_sharpe
2022-01-03,INTC,0.0,max_sharpe
2022-02-01,INTC,0.0,max_sharpe
2022-03-01,INTC,0.0,max_sharpe
2022-04-01,INTC,0.0,max_sharpe
2022-05-02,INTC,1.0269409245194554e-16,max_sharpe
2022-06-01,INTC,0.0,max_sharpe
2022-07-01,INTC,1.0681207413928934e-17,max_sharpe
2022-08-01,INTC,0.0,max_sharpe
2022-09-01,INTC,1.3941329409945662e-17,max_sharpe
2022-10-03,INTC,1.1262327898279881e-17,max_sharpe
2022-11-01,INTC,2.1912597570123392e-16,max_sharpe
2022-12-01,INTC,7.463581170255168e-17,max_sharpe
2023-01-03,INTC,2.630592617727031e-17,max_sharpe
2023-02-01,INTC,8.334730724635955e-17,max_sharpe
2023-03-01,INTC,7.100578049382944e-17,max_sharpe
2023-04-03,INTC,0.0,max_sharpe
2023-05-01,INTC,0.0,max_sharpe
2023-06-01,INTC,6.838624497243343e-17,max_sharpe
2023-07-03,INTC,2.5409184834925064e-17,max_sharpe
2023-08-01,INTC,0.0,max_sharpe
2023-09-01,INTC,1.0051223749194832e-17,max_sharpe
2023-10-02,INTC,0.0,max_sharpe
2023-11-01,INTC,9.509157956178341e-17,max_sharpe
2023-12-01,INTC,0.04296529463755227,max_sharpe
2021-01-04,KO,0.0,max_sharpe
2021-02-01,KO,2.7707708986222766e-17,max_sharpe
2021-03-01,KO,0.0,max_sharpe
2021-04-01,KO,0.0,max_sharpe
2021-05-03,KO,3.7050258100030897e-17,max_sharpe
2021-06-01,KO,0.0,max_sharpe
2021-07-01,KO,1.1374305351181217e-17,max_sharpe
2021-08-02,KO,0.0,max_sharpe
2021-09-01,KO,0.0,max_sharpe
2021-10-01,KO,2.4641577836433705e-17,max_sharpe
2021-11-01,KO,1.6228585658940515e-17,max_sharpe
2021-12-01,KO,3.492990093229624e-17,max_sharpe
2022-01-03,KO,0.0,max_sharpe
2022-02-01,KO,0.014225392330407727,max_sharpe
2022-03-01,KO,0.06099952298273508,max_sharpe
2022-04-01,KO,0.0,max_sharpe
2022-05-02,KO,0.054670282480527015,max_sharpe
2022-06-01,KO,1.3878819907493036e-17,max_sharpe
2022-07-01,KO,0.06249716752517848,max_sharpe
2022-08-01,KO,7.018872342481071e-16,max_sharpe
2022-09-01,KO,0.0,max_sharpe
2022-10-03,KO,6.427931738771584e-17,max_sharpe
2022-11-01,KO,0.0,max_sharpe
2022-12-01,KO,0.0,max_sharpe
2023-01-03,KO,1.0073271655828046e-16,max_sharpe
2023-02-01,KO,0.0,max_sharpe
2023-03-01,KO,0.0,max_sharpe
2023-04-03,KO,5.568566053238982e-17,max_sharpe
2023-05-01,KO,2.1113764502788167e-16,max_sharpe
2023-06-01,KO,0.0,max_sharpe
2023-07-03,KO,0.0,max_sharpe
2023-08-01,KO,0.0,max_sharpe
2023-09-01,KO,5.214064002814651e-17,max_sharpe
2023-10-02,KO,0.0,max_sharpe
2023-11-01,KO,0.0,max_sharpe
2023-12-01,KO,0.0,max_sharpe
2021-01-04,MMM,7.531070071634051e-17,max_sharpe
2021-02-01,MMM,0.0,max_sharpe
2021-03-01,MMM,0.0,max_sharpe
2021-04-01,MMM,5.900314893391868e-17,max_sharpe
2021-05-03,MMM,3.834400688040719e-17,max_sharpe
2021-06-01,MMM,5.285306167777958e-17,max_sharpe
2021-07-01,MMM,1.0971571066353992e-18,max_sharpe
2021-08-02,MMM,6.24507332716471e-17,max_sharpe
2021-09-01,MMM,6.821676745271528e-19,max_sharpe
2021-10-01,MMM,3.3600513721681527e-17,max_sharpe
2021-11-01,MMM,1.9519745505249522e-17,max_sharpe
2021-12-01,MMM,2.4220492292273458e-17,max_sharpe
2022-01-03,MMM,4.6169481746947914e-17,max_sharpe
2022-02-01,MMM,0.0,max_sharpe
2022-03-01,MMM,2.1964242167227865e-18,max_sharpe
2022-04-01,MMM,7.95545515165462e-18,max_sharpe
2022-05-02,MMM,0.0,max_sharpe
2022-06-01,MMM,5.58424737743075e-17,max_sharpe
2022-07-01,MMM,4.258360576096713e-18,max_sharpe
2022-08-01,MMM,3.458630723360354e-17,max_sharpe
2022-09-01,MMM,1.1758077620310891e-16,max_sharpe
2022-10-03,MMM,0.0,max_sharpe
2022-11-01,MMM,1.285069528734895e-17,max_sharpe
2022-12-01,MMM,2.8410047397332304e-17,max_sharpe
2023-01-03,MMM,8.482696999253529e-17,max_sharpe
2023-02-01,MMM,0.0,max_sharpe
2023-03-01,MMM,0.0,max_sharpe
2023-04-03,MMM,0.0,max_sharpe
2023-05-01,MMM,5.639049597647415e-17,max_sharpe
2023-06-01,MMM,1.0960786697900999e-16,max_sharpe
2023-07-03,MMM,0.0,max_sharpe
2023-08-01,MMM,0.0,max_sharpe
2023-09-01,MMM,0.0,max_sharpe
2023-10-02,MMM,2.3840074057186897e-17,max_sharpe
2023-11-01,MMM,7.274743960148051e-18,max_sharpe
2023-12-01,MMM,0.0,max_sharpe
2021-01-04,MRK,3.690280706277136e-17,max_sharpe
2021-02-01,MRK,2.427995756148279e-17,max_sharpe
2021-03-01,MRK,6.0048737987105304e-18,max_sharpe
2021-04-01,MRK,0.0,max_sharpe
2021-05-03,MRK,9.383190055952904e-17,max_sharpe
2021-06-01,MRK,0.0,max_sharpe
2021-07-01,MRK,0.0,max_sharpe
2021-08-02,MRK,0.0,max_sharpe
2021-09-01,MRK,0.0,max_sharpe
2021-10-01,MRK,7.114245101311656e-18,max_sharpe
2021-11-01,MRK,0.017564345245906436,max_sharpe
2021-12-01,MRK,5.78936981190783e-17,max_sharpe
2022-01-03,MRK,0.0,max_sharpe
2022-02-01,MRK,0.0,max_sharpe
2022-03-01,MRK,3.350370924980548e-17,max_sharpe
2022-04-01,MRK,5.044292921327443e-17,max_sharpe
2022-05-02,MRK,0.06640723916890982,max_sharpe
2022-06-01,MRK,0.1247446440725657,max_sharpe
2022-07-01,MRK,0.02568553614245515,max_sharpe
2022-08-01,MRK,0.045793694899095745,max_sharpe
2022-09-01,MRK,0.015599813545403641,max_sharpe
2022-10-03,MRK,0.041568021992377316,max_sharpe
2022-11-01,MRK,1.7600729331821555e-16,max_sharpe
2022-12-01,MRK,0.3865283459487639,max_sharpe
2023-01-03,MRK,0.6536439581174843,max_sharpe
2023-02-01,MRK,0.4956917243972608,max_sharpe
2023-03-01,MRK,0.6174910288708991,max_sharpe
2023-04-03,MRK,0.40979070317360383,max_sharpe
2023-05-01,MRK,0.4539907132127014,max_sharpe
2023-06-01,MRK,0.3570158869742404,max_sharpe
2023-07-03,MRK,0.2625721546324669,max_sharpe
2023-08-01,MRK,0.18892448460152172,max_sharpe
2023-09-01,MRK,0.26805600437008564,max_sharpe
2023-10-02,MRK,0.12113685875115826,max_sharpe
2023-11-01,MRK,0.0,max_sharpe
2023-12-01,MRK,6.750208979378065e-17,max_sharpe
2021-01-04,MS,0.0,max_sharpe
2021-02-01,MS,0.0,max_sharpe
2021-03-01,MS,1.8676823578643198e-16,max_sharpe
2021-04-01,MS,0.07068382461777084,max_sharpe
2021-05-03,MS,0.1240897160405575,max_sharpe
2021-06-01,MS,0.1352067833148777,max_sharpe
2021-07-01,MS,0.03288975032128186,max_sharpe
2021-08-02,MS,0.056964838944194574,max_sharpe
2021-09-01,MS,0.03874825903762785,max_sharpe
2021-10-01,MS,0.1550024625295048,max_sharpe
2021-11-01,MS,0.03668229629808096,max_sharpe
2021-12-01,MS,0.0,max_sharpe
2022-01-03,MS,0.0,max_sharpe
2022-02-01,MS,0.012777089439791335,max_sharpe
2022-03-01,MS,0.0,max_sharpe
2022-04-01,MS,1.5752510230300605e-17,max_sharpe
2022-05-02,MS,1.3824157506770484e-17,max_sharpe
2022-06-01,MS,3.583107187882329e-17,max_sharpe
2022-07-01,MS,0.0,max_sharpe
2022-08-01,MS,0.0,max_sharpe
2022-09-01,MS,0.0,max_sharpe
2022-10-03,MS,2.776127493877042e-17,max_sharpe
2022-11-01,MS,5.683102487683061e-18,max_sharpe
2022-12-01,MS,9.372461117329301e-17,max_sharpe
2023-01-03,MS,7.877501144495989e-17,max_sharpe
2023-02-01,MS,4.584968806700372e-17,max_sharpe
2023-03-01,MS,3.307674397538029e-17,max_sharpe
2023-04-03,MS,0.0,max_sharpe
2023-05-01,MS,2.4196229489216297e-17,max_sharpe
2023-06-01,MS,0.0,max_sharpe
2023-07-03,MS,0.0,max_sharpe
2023-08-01,MS,0.0,max_sharpe
2023-09-01,MS,1.7139075429868882e-17,max_sharpe
2023-10-02,MS,4.7866364591282256e-17,max_sharpe
2023-11-01,MS,0.0,max_sharpe
2023-12-01,MS,6.309753163253874e-18,max_sharpe
2021-01-04,NEE,4.479933211829292e-17,max_sharpe
2021-02-01,NEE,1.997744745124048e-17,max_sharpe
2021-03-01,NEE,0.0,max_sharpe
2021-04-01,NEE,7.537677624192652e-17,max_sharpe
2021-05-03,NEE,0.0,max_sharpe
2021-06-01,NEE,0.0,max_sharpe
2021-07-01,NEE,4.340293892883267e-17,max_sharpe
2021-08-02,NEE,0.0,max_sharpe
2021-09-01,NEE,0.0,max_sharpe
2021-10-01,NEE,7.323367200310436e-17,max_sharpe
2021-11-01,NEE,1.1846251500838375e-17,max_sharpe
2021-12-01,NEE,0.0,max_sharpe
2022-01-03,NEE,0.0,max_sharpe
2022-02-01,NEE,3.78067904712097e-17,max_sharpe
2022-03-01,NEE,0.0,max_sharpe
2022-04-01,NEE,1.0626992185391464e-16,max_sharpe
2022-05-02,NEE,3.5085595924804176e-17,max_sharpe
2022-06-01,NEE,0.0,max_sharpe
2022-07-01,NEE,8.970111888592478e-17,max_sharpe
2022-08-01,NEE,0.0,max_sharpe
2022-09-01,NEE,0.0,max_sharpe
2022-10-03,NEE,0.0,max_sharpe
2022-11-01,NEE,0.0,max_sharpe
2022-12-01,NEE,1.2810041881372256e-17,max_sharpe
2023-01-03,NEE,9.828616776925482e-17,max_sharpe
2023-02-01,NEE,0.0,max_sharpe
2023-03-01,NEE,0.0,max_sharpe
2023-04-03,NEE,0.0,max_sharpe
2023-05-01,NEE,8.828433708826497e-17,max_sharpe
2023-06-01,NEE,2.1546412504163785e-17,max_sharpe
2023-07-03,NEE,0.0,max_sharpe
2023-08-01,NEE,5.4484218640096555e-18,max_sharpe
2023-09-01,NEE,0.0,max_sharpe
2023-10-02,NEE,0.0,max_sharpe
2023-11-01,NEE,0.0,max_sharpe
2023-12-01,NEE,0.0,max_sharpe
2021-01-04,NEM,6.403806900136643e-17,max_sharpe
2021-02-01,NEM,2.793678365629122e-16,max_sharpe
2021-03-01,NEM,0.0,max_sharpe
2021-04-01,NEM,6.336758211539446e-18,max_sharpe
2021-05-03,NEM,0.0,max_sharpe
2021-06-01,NEM,2.2465890181352058e-17,max_sharpe
2021-07-01,NEM,0.0,max_sharpe
2021-08-02,NEM,3.54895012211047e-18,max_sharpe
2021-09-01,NEM,0.0,max_sharpe
2021-10-01,NEM,5.354798331430245e-17,max_sharpe
2021-11-01,NEM,1.3546357104895543e-16,max_sharpe
2021-12-01,NEM,2.4693417602041252e-17,max_sharpe
2022-01-03,NEM,0.0,max_sharpe
2022-02-01,NEM,0.0,max_sharpe
2022-03-01,NEM,0.013247201741116526,max_sharpe
2022-04-01,NEM,0.041838412901099555,max_sharpe
2022-05-02,NEM,0.0,max_sharpe
2022-06-01,NEM,1.1248970774347707e-16,max_sharpe
2022-07-01,NEM,0.0,max_sharpe
2022-08-01,NEM,0.0,max_sharpe
2022-09-01,NEM,4.393365434147717e-17,max_sharpe
2022-10-03,NEM,0.0,max_sharpe
2022-11-01,NEM,1.151864503186106e-17,max_sharpe
2022-12-01,NEM,4.651681627027771e-17,max_sharpe
2023-01-03,NEM,0.0,max_sharpe
2023-02-01,NEM,0.0,max_sharpe
2023-03-01,NEM,6.964479464686651e-17,max_sharpe
2023-04-03,NEM,0.0,max_sharpe
2023-05-01,NEM,4.1294754199846824e-17,max_sharpe
2023-06-01,NEM,7.902172506063434e-17,max_sharpe
2023-07-03,NEM,4.6494186775220265e-17,max_sharpe
2023-08-01,NEM,2.5949203649855945e-17,max_sharpe
2023-09-01,NEM,1.2444577818843742e-17,max_sharpe
2023-10-02,NEM,1.0105992299517264e-17,max_sharpe
2023-11-01,NEM,9.45270357274437e-18,max_sharpe
2023-12-01,NEM,0.0,max_sharpe
2021-01-04,NKE,0.0,max_sharpe
2021-02-01,NKE,0.0,max_sharpe
2021-03-01,NKE,0.0,max_sharpe
2021-04-01,NKE,4.655254528280588e-17,max_sharpe
2021-05-03,NKE,5.4297874345168926e-17,max_sharpe
2021-06-01,NKE,0.0,max_sharpe
2021-07-01,NKE,0.06195800679162617,max_sharpe
2021-08-02,NKE,0.12495112217261786,max_sharpe
2021-09-01,NKE,0.05830898118325223,max_sharpe
2021-10-01,NKE,2.7339179896538332e-17,max_sharpe
2021-11-01,NKE,1.9047290451059265e-17,max_sharpe
2021-12-01,NKE,0.0,max_sharpe
2022-01-03,NKE,2.813242949654838e-17,max_sharpe
2022-02-01,NKE,2.131357712585469e-17,max_sharpe
2022-03-01,NKE,0.0,max_sharpe
2022-04-01,NKE,0.0,max_sharpe
2022-05-02,NKE,2.6370383351591306e-17,max_sharpe
2022-06-01,NKE,0.0,max_sharpe
2022-07-01,NKE,0.0,max_sharpe
2022-08-01,NKE,3.081060493165829e-17,max_sharpe
2022-09-01,NKE,0.0,max_sharpe
2022-10-03,NKE,0.0,max_sharpe
2022-11-01,NKE,2.5531879356490374e-16,max_sharpe
2022-12-01,NKE,0.0,max_sharpe
2023-01-03,NKE,1.0318974738002837e-16,max_sharpe
2023-02-01,NKE,1.14457508483758e-17,max_sharpe
2023-03-01,NKE,2.086094068919718e-17,max_sharpe
2023-04-03,NKE,0.0,max_sharpe
2023-05-01,NKE,1.743635988770938e-18,max_sharpe
2023-06-01,NKE,1.321071982109959e-16,max_sharpe
2023-07-03,NKE,1.998031559527426e-17,max_sharpe
2023-08-01,NKE,4.233995812690611e-17,max_sharpe
2023-09-01,NKE,6.079709872780454e-17,max_sharpe
2023-10-02,NKE,0.0,max_sharpe
2023-11-01,NKE,2.783382700317898e-17,max_sharpe
2023-12-01,NKE,0.0,max_sharpe
2021-01-04,NUE,3.2415398709387476e-17,max_sharpe
2021-02-01,NUE,0.0,max_sharpe
2021-03-01,NUE,0.0,max_sharpe
2021-04-01,NUE,0.13482780253799762,max_sharpe
2021-05-03,NUE,0.021244382906210914,max_sharpe
2021-06-01,NUE,0.11038993132197403,max_sharpe
2021-07-01,NUE,0.09922448126059807,max_sharpe
2021-08-02,NUE,0.1212412870144709,max_sharpe
2021-09-01,NUE,0.11675422840879798,max_sharpe
2021-10-01,NUE,0.0610188800847692,max_sharpe
2021-11-01,NUE,0.024006681087820468,max_sharpe
2021-12-01,NUE,0.05414682892796272,max_sharpe
2022-01-03,NUE,0.10044174723081027,max_sharpe
2022-02-01,NUE,0.07018930714465563,max_sharpe
2022-03-01,NUE,0.09863277694674394,max_sharpe
2022-04-01,NUE,0.03681487789345918,max_sharpe
2022-05-02,NUE,0.09662708693115474,max_sharpe
2022-06-01,NUE,0.0,max_sharpe
2022-07-01,NUE,0.0,max_sharpe
2022-08-01,NUE,0.010852999277485035,max_sharpe
2022-09-01,NUE,8.23888122882738e-18,max_sharpe
2022-10-03,NUE,1.4848103007876607e-16,max_sharpe
2022-11-01,NUE,1.1850983364969174e-15,max_sharpe
2022-12-01,NUE,0.0,max_sharpe
2023-01-03,NUE,1.5068277885345857e-16,max_sharpe
2023-02-01,NUE,0.11258990026426345,max_sharpe
2023-03-01,NUE,0.009939857973535578,max_sharpe
2023-04-03,NUE,4.492813034402339e-17,max_sharpe
2023-05-01,NUE,0.0,max_sharpe
2023-06-01,NUE,1.0787403665887101e-16,max_sharpe
2023-07-03,NUE,0.0,max_sharpe
2023-08-01,NUE,0.0,max_sharpe
2023-09-01,NUE,0.0,max_sharpe
2023-10-02,NUE,8.83797420266856e-17,max_sharpe
2023-11-01,NUE,4.493648936238261e-17,max_sharpe
2023-12-01,NUE,1.861036854445221e-17,max_sharpe
2021-01-04,NVDA,0.2998524025664575,max_sharpe
2021-02-01,NVDA,0.3568406560083046,max_sharpe
2021-03-01,NVDA,0.1779966826645227,max_sharpe
2021-04-01,NVDA,0.03705272293486233,max_sharpe
2021-05-03,NVDA,0.075407073582255,max_sharpe
2021-06-01,NVDA,0.05806492860620066,max_sharpe
2021-07-01,NVDA,0.09264253276023764,max_sharpe
2021-08-02,NVDA,0.07965247237194899,max_sharpe
2021-09-01,NVDA,0.07906874522940692,max_sharpe
2021-10-01,NVDA,0.1088985704306767,max_sharpe
2021-11-01,NVDA,0.0818580825830814,max_sharpe
2021-12-01,NVDA,0.14479260230195737,max_sharpe
2022-01-03,NVDA,0.08608574458193292,max_sharpe
2022-02-01,NVDA,0.05849890894076498,max_sharpe
2022-03-01,NVDA,0.054764478341475006,max_sharpe
2022-04-01,NVDA,0.05991002924693649,max_sharpe
2022-05-02,NVDA,0.0,max_sharpe
2022-06-01,NVDA,1.8481172221351382e-17,max_sharpe
2022-07-01,NVDA,1.4871813638378437e-16,max_sharpe
2022-08-01,NVDA,0.0,max_sharpe
2022-09-01,NVDA,0.0,max_sharpe
2022-10-03,NVDA,4.094499286534565e-17,max_sharpe
2022-11-01,NVDA,1.3900338846799056e-16,max_sharpe
2022-12-01,NVDA,8.578528540712343e-17,max_sharpe
2023-01-03,NVDA,2.98873043664044e-17,max_sharpe
2023-02-01,NVDA,6.458160993729575e-17,max_sharpe
2023-03-01,NVDA,0.0,max_sharpe
2023-04-03,NVDA,0.0,max_sharpe
2023-05-01,NVDA,2.420378287097005e-17,max_sharpe
2023-06-01,NVDA,0.1317444979951726,max_sharpe
2023-07-03,NVDA,0.11170977806856425,max_sharpe
2023-08-01,NVDA,0.1454696815925955,max_sharpe
2023-09-01,NVDA,0.19638178522698518,max_sharpe
2023-10-02,NVDA,0.18141218006614282,max_sharpe
2023-11-01,NVDA,0.2557137142075448,max_sharpe
2023-12-01,NVDA,0.20664265117692743,max_sharpe
2021-01-04,O,0.0,max_sharpe
2021-02-01,O,8.518966229647285e-17,max_sharpe
2021-03-01,O,0.0,max_sharpe
2021-04-01,O,0.0,max_sharpe
2021-05-03,O,3.0110466397863016e-17,max_sharpe
2021-06-01,O,0.0,max_sharpe
2021-07-01,O,0.0,max_sharpe
2021-08-02,O,0.0,max_sharpe
2021-09-01,O,0.0,max_sharpe
2021-10-01,O,0.0,max_sharpe
2021-11-01,O,2.973995905823028e-17,max_sharpe
2021-12-01,O,0.0,max_sharpe
2022-01-03,O,5.4031920877607954e-17,max_sharpe
2022-02-01,O,4.1340308210978274e-17,max_sharpe
2022-03-01,O,0.0,max_sharpe
2022-04-01,O,0.0,max_sharpe
2022-05-02,O,1.1583789391188634e-17,max_sharpe
2022-06-01,O,6.785406474803402e-17,max_sharpe
2022-07-01,O,0.0,max_sharpe
2022-08-01,O,5.887868948247645e-17,max_sharpe
2022-09-01,O,0.0,max_sharpe
2022-10-03,O,5.417618197417808e-20,max_sharpe
2022-11-01,O,0.0,max_sharpe
2022-12-01,O,0.0,max_sharpe
2023-01-03,O,1.8355530061162018e-17,max_sharpe
2023-02-01,O,0.0,max_sharpe
2023-03-01,O,0.0,max_sharpe
2023-04-03,O,5.700566733575702e-17,max_sharpe
2023-05-01,O,9.396514221447093e-17,max_sharpe
2023-06-01,O,1.4129549621832234e-17,max_sharpe
2023-07-03,O,1.88237708150043e-18,max_sharpe
2023-08-01,O,5.644702164804923e-17,max_sharpe
2023-09-01,O,8.590482488745332e-17,max_sharpe
2023-10-02,O,1.8236654796221993e-17,max_sharpe
2023-11-01,O,1.8289903310453377e-17,max_sharpe
2023-12-01,O,0.0,max_sharpe
2021-01-04,OXY,0.0,max_sharpe
2021-02-01,OXY,0.0,max_sharpe
2021-03-01,OXY,0.0,max_sharpe
2021-04-01,OXY,0.0,max_sharpe
2021-05-03,OXY,3.1877235311992853e-17,max_sharpe
2021-06-01,OXY,0.0,max_sharpe
2021-07-01,OXY,0.0,max_sharpe
2021-08-02,OXY,3.979368906264478e-17,max_sharpe
2021-09-01,OXY,6.7824870232932985e-18,max_sharpe
2021-10-01,OXY,0.0412017556206369,max_sharpe
2021-11-01,OXY,0.03957683978637926,max_sharpe
2021-12-01,OXY,0.0,max_sharpe
2022-01-03,OXY,0.0,max_sharpe
2022-02-01,OXY,0.0,max_sharpe
2022-03-01,OXY,0.0,max_sharpe
2022-04-01,OXY,0.005605580483579111,max_sharpe
2022-05-02,OXY,0.02007108797250602,max_sharpe
2022-06-01,OXY,0.05955343959941098,max_sharpe
2022-07-01,OXY,0.09979232903358728,max_sharpe
2022-08-01,OXY,0.15667415612115512,max_sharpe
2022-09-01,OXY,0.2107919385176194,max_sharpe
2022-10-03,OXY,0.19955553466781084,max_sharpe
2022-11-01,OXY,0.0991465976721717,max_sharpe
2022-12-01,OXY,0.07856203697783856,max_sharpe
2023-01-03,OXY,0.08957141710603275,max_sharpe
2023-02-01,OXY,0.06239354833728324,max_sharpe
2023-03-01,OXY,0.04136850165127233,max_sharpe
2023-04-03,OXY,0.0,max_sharpe
2023-05-01,OXY,0.0,max_sharpe
2023-06-01,OXY,0.0,max_sharpe
2023-07-03,OXY,2.6362857643238647e-17,max_sharpe
2023-08-01,OXY,0.0,max_sharpe
2023-09-01,OXY,4.756466311901605e-17,max_sharpe
2023-10-02,OXY,1.800691667477333e-18,max_sharpe
2023-11-01,OXY,6.336864445521709e-17,max_sharpe
2023-12-01,OXY,0.0,max_sharpe
2021-01-04,PLD,0.0,max_sharpe
2021-02-01,PLD,0.0,max_sharpe
2021-03-01,PLD,0.0,max_sharpe
2021-04-01,PLD,5.258722094940559e-18,max_sharpe
2021-05-03,PLD,0.0,max_sharpe
2021-06-01,PLD,0.0,max_sharpe
2021-07-01,PLD,1.769465907579844e-17,max_sharpe
2021-08-02,PLD,7.161981840452824e-17,max_sharpe
2021-09-01,PLD,3.71471078549221e-18,max_sharpe
2021-10-01,PLD,0.0,max_sharpe
2021-11-01,PLD,0.06983565495501794,max_sharpe
2021-12-01,PLD,0.08033018977197082,max_sharpe
2022-01-03,PLD,0.14666852056919863,max_sharpe
2022-02-01,PLD,0.10959417303795299,max_sharpe
2022-03-01,PLD,0.04623973929328836,max_sharpe
2022-04-01,PLD,0.06837392468109589,max_sharpe
2022-05-02,PLD,0.19771820130039416,max_sharpe
2022-06-01,PLD,4.3605032490950356e-17,max_sharpe
2022-07-01,PLD,7.483372265964361e-18,max_sharpe
2022-08-01,PLD,5.910484056218173e-17,max_sharpe
2022-09-01,PLD,0.0,max_sharpe
2022-10-03,PLD,0.0,max_sharpe
2022-11-01,PLD,3.5354734550687066e-17,max_sharpe
2022-12-01,PLD,1.14850056222113e-17,max_sharpe
2023-01-03,PLD,0.0,max_sharpe
2023-02-01,PLD,3.29006718858536e-17,max_sharpe
2023-03-01,PLD,6.307769805506195e-17,max_sharpe
2023-04-03,PLD,0.0,max_sharpe
2023-05-01,PLD,1.3671786997726554e-16,max_sharpe
2023-06-01,PLD,9.983109311561373e-18,max_sharpe
2023-07-03,PLD,0.0,max_sharpe
2023-08-01,PLD,0.0,max_sharpe
2023-09-01,PLD,0.0,max_sharpe
2023-10-02,PLD,0.0,max_sharpe
2023-11-01,PLD,0.0,max_sharpe
2023-12-01,PLD,0.0,max_sharpe
2021-01-04,PSA,6.228597697182619e-17,max_sharpe
2021-02-01,PSA,0.0,max_sharpe
2021-03-01,PSA,6.9369636302627596e-18,max_sharpe
2021-04-01,PSA,3.1631596671622825e-17,max_sharpe
2021-05-03,PSA,0.1877377092054626,max_sharpe
2021-06-01,PSA,0.19450204730675072,max_sharpe
2021-07-01,PSA,0.3337813486150208,max_sharpe
2021-08-02,PSA,0.3826211050844996,max_sharpe
2021-09-01,PSA,0.39056867379351873,max_sharpe
2021-10-01,PSA,0.419309924488346,max_sharpe
2021-11-01,PSA,0.298247139762022,max_sharpe
2021-12-01,PSA,0.34318456843245665,max_sharpe
2022-01-03,PSA,0.33928056624757374,max_sharpe
2022-02-01,PSA,0.37665862910857895,max_sharpe
2022-03-01,PSA,0.3697468623134627,max_sharpe
2022-04-01,PSA,0.2966002168598733,max_sharpe
2022-05-02,PSA,0.1121800860919283,max_sharpe
2022-06-01,PSA,1.0499981913306098e-16,max_sharpe
2022-07-01,PSA,5.68310138503554e-17,max_sharpe
2022-08-01,PSA,2.8926274261372686e-17,max_sharpe
2022-09-01,PSA,0.0,max_sharpe
2022-10-03,PSA,3.393847446485922e-17,max_sharpe
2022-11-01,PSA,0.0,max_sharpe
2022-12-01,PSA,0.0,max_sharpe
2023-01-03,PSA,1.267337705020705e-16,max_sharpe
2023-02-01,PSA,0.0,max_sharpe
2023-03-01,PSA,0.0,max_sharpe
2023-04-03,PSA,0.0,max_sharpe
2023-05-01,PSA,1.2677506930548468e-16,max_sharpe
2023-06-01,PSA,2.4264613124742986e-17,max_sharpe
2023-07-03,PSA,1.29846698344089e-18,max_sharpe
2023-08-01,PSA,0.0,max_sharpe
2023-09-01,PSA,3.8326737683084516e-17,max_sharpe
2023-10-02,PSA,3.04271325561328e-17,max_sharpe
2023-11-01,PSA,4.5356911794569715e-17,max_sharpe
2023-12-01,PSA,0.0,max_sharpe
2021-01-04,QCOM,0.062311935579085986,max_sharpe
2021-02-01,QCOM,0.21272226120842616,max_sharpe
2021-03-01,QCOM,0.01707556101257881,max_sharpe
2021-04-01,QCOM,0.008036224374078775,max_sharpe
2021-05-03,QCOM,0.0,max_sharpe
2021-06-01,QCOM,1.4845367485464578e-17,max_sharpe
2021-07-01,QCOM,0.0,max_sharpe
2021-08-02,QCOM,0.0,max_sharpe
2021-09-01,QCOM,6.768963824722867e-17,max_sharpe
2021-10-01,QCOM,0.0,max_sharpe
2021-11-01,QCOM,3.2141497418611e-17,max_sharpe
2021-12-01,QCOM,4.9979744111094236e-17,max_sharpe
2022-01-03,QCOM,1.929022126302248e-16,max_sharpe
2022-02-01,QCOM,0.0,max_sharpe
2022-03-01,QCOM,3.445891423485477e-17,max_sharpe
2022-04-01,QCOM,0.0,max_sharpe
2022-05-02,QCOM,3.6964136667903664e-17,max_sharpe
2022-06-01,QCOM,7.902150335884783e-17,max_sharpe
2022-07-01,QCOM,0.0,max_sharpe
2022-08-01,QCOM,4.796980509434753e-17,max_sharpe
2022-09-01,QCOM,0.0,max_sharpe
2022-10-03,QCOM,0.0,max_sharpe
2022-11-01,QCOM,0.0,max_sharpe
2022-12-01,QCOM,8.765050966417985e-17,max_sharpe
2023-01-03,QCOM,0.0,max_sharpe
2023-02-01,QCOM,0.0,max_sharpe
2023-03-01,QCOM,4.885045342912866e-17,max_sharpe
2023-04-03,QCOM,0.0,max_sharpe
2023-05-01,QCOM,0.0,max_sharpe
2023-06-01,QCOM,9.679609052880707e-17,max_sharpe
2023-07-03,QCOM,0.0,max_sharpe
2023-08-01,QCOM,1.9998715161142248e-16,max_sharpe
2023-09-01,QCOM,0.0,max_sharpe
2023-10-02,QCOM,6.304275295117563e-17,max_sharpe
2023-11-01,QCOM,0.0,max_sharpe
2023-12-01,QCOM,6.571563962766628e-17,max_sharpe
2021-01-04,SBUX,0.0,max_sharpe
2021-02-01,SBUX,0.0,max_sharpe
2021-03-01,SBUX,0.0,max_sharpe
2021-04-01,SBUX,0.0,max_sharpe
2021-05-03,SBUX,1.567830762022468e-17,max_sharpe
2021-06-01,SBUX,0.0,max_sharpe
2021-07-01,SBUX,3.3732137509949094e-17,max_sharpe
2021-08-02,SBUX,0.04866896707647017,max_sharpe
2021-09-01,SBUX,1.9421570211837393e-17,max_sharpe
2021-10-01,SBUX,0.0,max_sharpe
2021-11-01,SBUX,1.266897669846288e-17,max_sharpe
2021-12-01,SBUX,3.778251796331621e-17,max_sharpe
2022-01-03,SBUX,1.0561657081953381e-17,max_sharpe
2022-02-01,SBUX,2.3692745142508334e-18,max_sharpe
2022-03-01,SBUX,1.0439236741893463e-16,max_sharpe
2022-04-01,SBUX,8.82075764156099e-17,max_sharpe
2022-05-02,SBUX,5.4634100772113383e-17,max_sharpe
2022-06-01,SBUX,0.0,max_sharpe
2022-07-01,SBUX,0.0,max_sharpe
2022-08-01,SBUX,0.0,max_sharpe
2022-09-01,SBUX,0.0,max_sharpe
2022-10-03,SBUX,1.015834210804996e-17,max_sharpe
2022-11-01,SBUX,0.0,max_sharpe
2022-12-01,SBUX,5.866522927216787e-17,max_sharpe
2023-01-03,SBUX,0.0,max_sharpe
2023-02-01,SBUX,0.0,max_sharpe
2023-03-01,SBUX,6.384045122406445e-17,max_sharpe
2023-04-03,SBUX,0.0,max_sharpe
2023-05-01,SBUX,0.14899981615551286,max_sharpe
2023-06-01,SBUX,2.9440774662006567e-17,max_sharpe
2023-07-03,SBUX,0.0,max_sharpe
2023-08-01,SBUX,0.0,max_sharpe
2023-09-01,SBUX,9.351762334814476e-17,max_sharpe
2023-10-02,SBUX,7.99463978208719e-18,max_sharpe
2023-11-01,SBUX,3.568727319676017e-18,max_sharpe
2023-12-01,SBUX,5.655281805213609e-18,max_sharpe
2021-01-04,SHW,0.0,max_sharpe
2021-02-01,SHW,3.022426873929788e-17,max_sharpe
2021-03-01,SHW,0.0,max_sharpe
2021-04-01,SHW,2.507521502253835e-17,max_sharpe
2021-05-03,SHW,0.050957150601737514,max_sharpe
2021-06-01,SHW,0.0,max_sharpe
2021-07-01,SHW,0.0,max_sharpe
2021-08-02,SHW,4.389388489005457e-17,max_sharpe
2021-09-01,SHW,0.0,max_sharpe
2021-10-01,SHW,5.892819420115389e-17,max_sharpe
2021-11-01,SHW,0.03617839961472948,max_sharpe
2021-12-01,SHW,0.031174159507626954,max_sharpe
2022-01-03,SHW,0.04237412038299945,max_sharpe
2022-02-01,SHW,4.78423435537232e-17,max_sharpe
2022-03-01,SHW,4.588266592232606e-17,max_sharpe
2022-04-01,SHW,3.677240798167325e-17,max_sharpe
2022-05-02,SHW,0.0,max_sharpe
2022-06-01,SHW,0.0,max_sharpe
2022-07-01,SHW,0.0,max_sharpe
2022-08-01,SHW,2.1131188866468973e-17,max_sharpe
2022-09-01,SHW,5.1014661628073885e-17,max_sharpe
2022-10-03,SHW,0.0,max_sharpe
2022-11-01,SHW,7.196972416488265e-17,max_sharpe
2022-12-01,SHW,5.6520955417982196e-18,max_sharpe
2023-01-03,SHW,9.240426510440255e-17,max_sharpe
2023-02-01,SHW,0.0,max_sharpe
2023-03-01,SHW,0.0,max_sharpe
2023-04-03,SHW,5.77487939014061e-18,max_sharpe
2023-05-01,SHW,1.4587096012405747e-16,max_sharpe
2023-06-01,SHW,0.0,max_sharpe
2023-07-03,SHW,0.0,max_sharpe
2023-08-01,SHW,0.0,max_sharpe
2023-09-01,SHW,7.170201580585974e-17,max_sharpe
2023-10-02,SHW,0.0,max_sharpe
2023-11-01,SHW,2.760168775580306e-17,max_sharpe
2023-12-01,SHW,0.0,max_sharpe
2021-01-04,SLB,1.6088950694077163e-16,max_sharpe
2021-02-01,SLB,1.8339697634866663e-17,max_sharpe
2021-03-01,SLB,0.0,max_sharpe
2021-04-01,SLB,1.80883249485251e-17,max_sharpe
2021-05-03,SLB,2.6997826219203864e-17,max_sharpe
2021-06-01,SLB,0.0,max_sharpe
2021-07-01,SLB,0.0,max_sharpe
2021-08-02,SLB,2.4147371328918274e-18,max_sharpe
2021-09-01,SLB,3.375340314250723e-17,max_sharpe
2021-10-01,SLB,0.0,max_sharpe
2021-11-01,SLB,0.0,max_sharpe
2021-12-01,SLB,0.0,max_sharpe
2022-01-03,SLB,0.0,max_sharpe
2022-02-01,SLB,0.0,max_sharpe
2022-03-01,SLB,1.347758389952869e-16,max_sharpe
2022-04-01,SLB,1.2052369069660072e-16,max_sharpe
2022-05-02,SLB,2.041609567854276e-16,max_sharpe
2022-06-01,SLB,0.0,max_sharpe
2022-07-01,SLB,0.0,max_sharpe
2022-08-01,SLB,0.0,max_sharpe
2022-09-01,SLB,5.780298186244576e-16,max_sharpe
2022-10-03,SLB,3.4814945975706224e-16,max_sharpe
2022-11-01,SLB,5.391887045518927e-15,max_sharpe
2022-12-01,SLB,2.7270218444023463e-16,max_sharpe
2023-01-03,SLB,1.8261179167932783e-16,max_sharpe
2023-02-01,SLB,0.0,max_sharpe
2023-03-01,SLB,7.559922450782743e-17,max_sharpe
2023-04-03,SLB,4.463315112014208e-17,max_sharpe
2023-05-01,SLB,0.0,max_sharpe
2023-06-01,SLB,0.0,max_sharpe
2023-07-03,SLB,0.0,max_sharpe
2023-08-01,SLB,0.06318278038519948,max_sharpe
2023-09-01,SLB,0.0054585590227202215,max_sharpe
2023-10-02,SLB,0.026435210479174895,max_sharpe
2023-11-01,SLB,0.0,max_sharpe
2023-12-01,SLB,9.029108436049796e-18,max_sharpe
2021-01-04,SO,2.6035665797509552e-17,max_sharpe
2021-02-01,SO,0.0,max_sharpe
2021-03-01,SO,0.0,max_sharpe
2021-04-01,SO,6.44662013961498e-17,max_sharpe
2021-05-03,SO,0.0,max_sharpe
2021-06-01,SO,1.514390879700807e-17,max_sharpe
2021-07-01,SO,7.739875751703871e-18,max_sharpe
2021-08-02,SO,3.974841255541765e-17,max_sharpe
2021-09-01,SO,2.2653146750821232e-17,max_sharpe
2021-10-01,SO,3.093092882709994e-17,max_sharpe
2021-11-01,SO,0.0,max_sharpe
2021-12-01,SO,4.867136974395458e-17,max_sharpe
2022-01-03,SO,0.0,max_sharpe
2022-02-01,SO,0.02009788947949193,max_sharpe
2022-03-01,SO,0.0,max_sharpe
2022-04-01,SO,6.76986320690938e-17,max_sharpe
2022-05-02,SO,0.0,max_sharpe
2022-06-01,SO,0.12650395196734132,max_sharpe
2022-07-01,SO,0.21112075460153915,max_sharpe
2022-08-01,SO,0.28442526512331434,max_sharpe
2022-09-01,SO,0.3120854864573365,max_sharpe
2022-10-03,SO,0.0,max_sharpe
2022-11-01,SO,0.0,max_sharpe
2022-12-01,SO,0.0,max_sharpe
2023-01-03,SO,4.8624967677940527e-17,max_sharpe
2023-02-01,SO,0.0,max_sharpe
2023-03-01,SO,8.562909981194758e-17,max_sharpe
2023-04-03,SO,1.024014333975958e-16,max_sharpe
2023-05-01,SO,2.7177838403110638e-17,max_sharpe
2023-06-01,SO,0.0,max_sharpe
2023-07-03,SO,2.0554466530959408e-17,max_sharpe
2023-08-01,SO,0.0,max_sharpe
2023-09-01,SO,3.01378538691476e-17,max_sharpe
2023-10-02,SO,0.0,max_sharpe
2023-11-01,SO,0.0,max_sharpe
2023-12-01,SO,0.015662054782408886,max_sharpe
2021-01-04,T,0.0,max_sharpe
2021-02-01,T,1.6481274225222453e-18,max_sharpe
2021-03-01,T,0.0,max_sharpe
2021-04-01,T,0.0,max_sharpe
2021-05-03,T,5.11702661765525e-19,max_sharpe
2021-06-01,T,4.0212815098230257e-17,max_sharpe
2021-07-01,T,1.717151416991588e-17,max_sharpe
2021-08-02,T,0.0,max_sharpe
2021-09-01,T,0.0,max_sharpe
2021-10-01,T,2.2975467190111008e-17,max_sharpe
2021-11-01,T,0.0,max_sharpe
2021-12-01,T,0.0,max_sharpe
2022-01-03,T,0.0,max_sharpe
2022-02-01,T,3.407404951251012e-17,max_sharpe
2022-03-01,T,0.0,max_sharpe
2022-04-01,T,0.0,max_sharpe
2022-05-02,T,4.2815438986333606e-17,max_sharpe
2022-06-01,T,2.619656382525268e-17,max_sharpe
2022-07-01,T,0.0,max_sharpe
2022-08-01,T,9.905489153884641e-17,max_sharpe
2022-09-01,T,0.0,max_sharpe
2022-10-03,T,0.0,max_sharpe
2022-11-01,T,0.0,max_sharpe
2022-12-01,T,4.7651101040342595e-17,max_sharpe
2023-01-03,T,0.0,max_sharpe
2023-02-01,T,0.0,max_sharpe
2023-03-01,T,7.698295870628573e-17,max_sharpe
2023-04-03,T,0.0,max_sharpe
2023-05-01,T,8.936082993187417e-17,max_sharpe
2023-06-01,T,0.0,max_sharpe
2023-07-03,T,0.0,max_sharpe
2023-08-01,T,0.0,max_sharpe
2023-09-01,T,2.03067928204126e-17,max_sharpe
2023-10-02,T,0.0,max_sharpe
2023-11-01,T,6.018976471090142e-18,max_sharpe
2023-12-01,T,1.4379807878899578e-17,max_sharpe
2021-01-04,TMUS,0.32600758381669814,max_sharpe
2021-02-01,TMUS,0.13906021829255993,max_sharpe
2021-03-01,TMUS,4.679485130594374e-17,max_sharpe
2021-04-01,TMUS,3.188922473167344e-17,max_sharpe
2021-05-03,TMUS,1.1641659503577328e-17,max_sharpe
2021-06-01,TMUS,0.0,max_sharpe
2021-07-01,TMUS,2.5247161117850776e-17,max_sharpe
2021-08-02,TMUS,1.3583017845902783e-17,max_sharpe
2021-09-01,TMUS,2.4712404444637825e-17,max_sharpe
2021-10-01,TMUS,0.0,max_sharpe
2021-11-01,TMUS,6.256316551839071e-17,max_sharpe
2021-12-01,TMUS,2.0070133932095582e-17,max_sharpe
2022-01-03,TMUS,6.879091133613675e-17,max_sharpe
2022-02-01,TMUS,7.703130786436197e-17,max_sharpe
2022-03-01,TMUS,7.619722240820451e-17,max_sharpe
2022-04-01,TMUS,0.0,max_sharpe
2022-05-02,TMUS,0.0,max_sharpe
2022-06-01,TMUS,1.0051466723622582e-16,max_sharpe
2022-07-01,TMUS,1.4584608606730562e-17,max_sharpe
2022-08-01,TMUS,5.606219233652588e-17,max_sharpe
2022-09-01,TMUS,0.0,max_sharpe
2022-10-03,TMUS,0.0,max_sharpe
2022-11-01,TMUS,0.0047012100976270045,max_sharpe
2022-12-01,TMUS,0.010648869823978467,max_sharpe
2023-01-03,TMUS,5.533651514577826e-17,max_sharpe
2023-02-01,TMUS,0.1261657551866337,max_sharpe
2023-03-01,TMUS,1.0444234027598889e-16,max_sharpe
2023-04-03,TMUS,0.0,max_sharpe
2023-05-01,TMUS,0.0,max_sharpe
2023-06-01,TMUS,0.0,max_sharpe
2023-07-03,TMUS,3.411523541783533e-17,max_sharpe
2023-08-01,TMUS,0.0,max_sharpe
2023-09-01,TMUS,8.809660705077062e-17,max_sharpe
2023-10-02,TMUS,9.426585183384287e-17,max_sharpe
2023-11-01,TMUS,3.1484069547088493e-17,max_sharpe
2023-12-01,TMUS,2.782351810892531e-17,max_sharpe
2021-01-04,TTWO,0.2773291414543511,max_sharpe
2021-02-01,TTWO,0.18007144514776866,max_sharpe
2021-03-01,TTWO,0.22932838339199577,max_sharpe
2021-04-01,TTWO,0.14400032009547487,max_sharpe
2021-05-03,TTWO,0.07961272559363128,max_sharpe
2021-06-01,TTWO,0.08965313878254534,max_sharpe
2021-07-01,TTWO,9.862993407943598e-18,max_sharpe
2021-08-02,TTWO,0.0,max_sharpe
2021-09-01,TTWO,0.0,max_sharpe
2021-10-01,TTWO,0.0,max_sharpe
2021-11-01,TTWO,4.155802195433663e-17,max_sharpe
2021-12-01,TTWO,0.0,max_sharpe
2022-01-03,TTWO,1.2648831279261247e-16,max_sharpe
2022-02-01,TTWO,3.699073709351112e-18,max_sharpe
2022-03-01,TTWO,3.472075018036866e-17,max_sharpe
2022-04-01,TTWO,0.0,max_sharpe
2022-05-02,TTWO,6.936921330735481e-17,max_sharpe
2022-06-01,TTWO,0.0,max_sharpe
2022-07-01,TTWO,0.0,max_sharpe
2022-08-01,TTWO,0.0,max_sharpe
2022-09-01,TTWO,0.0,max_sharpe
2022-10-03,TTWO,0.0,max_sharpe
2022-11-01,TTWO,1.8553987002730132e-16,max_sharpe
2022-12-01,TTWO,2.316262534953271e-17,max_sharpe
2023-01-03,TTWO,3.3139593196222e-17,max_sharpe
2023-02-01,TTWO,6.712959092175509e-17,max_sharpe
2023-03-01,TTWO,2.3437720793863167e-17,max_sharpe
2023-04-03,TTWO,0.0,max_sharpe
2023-05-01,TTWO,9.920806439973824e-17,max_sharpe
2023-06-01,TTWO,2.830450930183828e-16,max_sharpe
2023-07-03,TTWO,3.340588720314509e-17,max_sharpe
2023-08-01,TTWO,0.0,max_sharpe
2023-09-01,TTWO,7.800277983268926e-17,max_sharpe
2023-10-02,TTWO,0.0,max_sharpe
2023-11-01,TTWO,1.0557169668529738e-17,max_sharpe
2023-12-01,TTWO,0.07839564474731668,max_sharpe
2021-01-04,UPS,1.9141616039769046e-16,max_sharpe
2021-02-01,UPS,0.05996667192917355,max_sharpe
2021-03-01,UPS,0.32202759470085623,max_sharpe
2021-04-01,UPS,0.10155303780105591,max_sharpe
2021-05-03,UPS,0.19875374905795593,max_sharpe
2021-06-01,UPS,0.22197576973941952,max_sharpe
2021-07-01,UPS,0.09499985414402877,max_sharpe
2021-08-02,UPS,0.0,max_sharpe
2021-09-01,UPS,0.0,max_sharpe
2021-10-01,UPS,3.5545881489858867e-17,max_sharpe
2021-11-01,UPS,2.2569515523894736e-17,max_sharpe
2021-12-01,UPS,3.7207111707984287e-17,max_sharpe
2022-01-03,UPS,2.767506737933209e-17,max_sharpe
2022-02-01,UPS,1.7499329520777892e-18,max_sharpe
2022-03-01,UPS,0.0,max_sharpe
2022-04-01,UPS,3.34313435773829e-18,max_sharpe
2022-05-02,UPS,0.0,max_sharpe
2022-06-01,UPS,0.0,max_sharpe
2022-07-01,UPS,0.0,max_sharpe
2022-08-01,UPS,6.934918138084208e-17,max_sharpe
2022-09-01,UPS,0.0,max_sharpe
2022-10-03,UPS,0.0,max_sharpe
2022-11-01,UPS,0.0,max_sharpe
2022-12-01,UPS,7.190244841362126e-17,max_sharpe
2023-01-03,UPS,0.0,max_sharpe
2023-02-01,UPS,5.189273875007112e-17,max_sharpe
2023-03-01,UPS,0.0,max_sharpe
2023-04-03,UPS,0.0,max_sharpe
2023-05-01,UPS,5.381323941577534e-17,max_sharpe
2023-06-01,UPS,1.38994129543177e-18,max_sharpe
2023-07-03,UPS,0.0,max_sharpe
2023-08-01,UPS,0.0,max_sharpe
2023-09-01,UPS,2.5623589073090154e-17,max_sharpe
2023-10-02,UPS,2.6023995220734757e-17,max_sharpe
2023-11-01,UPS,0.0,max_sharpe
2023-12-01,UPS,1.3868207742428958e-18,max_sharpe
2021-01-04,USB,5.4211191103194346e-17,max_sharpe
2021-02-01,USB,3.8120585419391555e-17,max_sharpe
2021-03-01,USB,0.0,max_sharpe
2021-04-01,USB,0.0,max_sharpe
2021-05-03,USB,0.0,max_sharpe
2021-06-01,USB,1.7378921525215995e-17,max_sharpe
2021-07-01,USB,0.0,max_sharpe
2021-08-02,USB,0.0,max_sharpe
2021-09-01,USB,0.0,max_sharpe
2021-10-01,USB,0.0,max_sharpe
2021-11-01,USB,2.2872806995361543e-17,max_sharpe
2021-12-01,USB,3.182854546012919e-17,max_sharpe
2022-01-03,USB,0.0,max_sharpe
2022-02-01,USB,0.0,max_sharpe
2022-03-01,USB,1.191278207307556e-16,max_sharpe
2022-04-01,USB,3.6333381803256754e-17,max_sharpe
2022-05-02,USB,0.0,max_sharpe
2022-06-01,USB,4.178389652209793e-17,max_sharpe
2022-07-01,USB,4.9040740100474274e-18,max_sharpe
2022-08-01,USB,0.0,max_sharpe
2022-09-01,USB,0.0,max_sharpe
2022-10-03,USB,0.0,max_sharpe
2022-11-01,USB,0.0,max_sharpe
2022-12-01,USB,0.0,max_sharpe
2023-01-03,USB,0.0,max_sharpe
2023-02-01,USB,3.96404700535194e-17,max_sharpe
2023-03-01,USB,0.0,max_sharpe
2023-04-03,USB,1.9602325573797458e-16,max_sharpe
2023-05-01,USB,8.300151832212569e-17,max_sharpe
2023-06-01,USB,1.1976661371946962e-16,max_sharpe
2023-07-03,USB,1.350131045744652e-16,max_sharpe
2023-08-01,USB,1.1085572159638599e-16,max_sharpe
2023-09-01,USB,0.0,max_sharpe
2023-10-02,USB,0.0,max_sharpe
2023-11-01,USB,6.797936554413079e-17,max_sharpe
2023-12-01,USB,0.0,max_sharpe
2021-01-04,V,1.0866665367808632e-17,max_sharpe
2021-02-01,V,0.0,max_sharpe
2021-03-01,V,0.0,max_sharpe
2021-04-01,V,1.3516996815654823e-17,max_sharpe
2021-05-03,V,0.0,max_sharpe
2021-06-01,V,4.877080490648219e-17,max_sharpe
2021-07-01,V,0.0,max_sharpe
2021-08-02,V,0.0,max_sharpe
2021-09-01,V,0.0,max_sharpe
2021-10-01,V,0.0,max_sharpe
2021-11-01,V,5.632306485600746e-17,max_sharpe
2021-12-01,V,2.5274608833210904e-17,max_sharpe
2022-01-03,V,6.20780090194762e-17,max_sharpe
2022-02-01,V,6.521436685929885e-17,max_sharpe
2022-03-01,V,0.0,max_sharpe
2022-04-01,V,4.210068623578528e-18,max_sharpe
2022-05-02,V,0.0,max_sharpe
2022-06-01,V,0.0,max_sharpe
2022-07-01,V,0.0,max_sharpe
2022-08-01,V,0.0,max_sharpe
2022-09-01,V,1.1247645026070161e-17,max_sharpe
2022-10-03,V,0.0,max_sharpe
2022-11-01,V,3.88741641366259e-18,max_sharpe
2022-12-01,V,5.708984183753407e-17,max_sharpe
2023-01-03,V,3.625787502017506e-17,max_sharpe
2023-02-01,V,7.584312472927849e-17,max_sharpe
2023-03-01,V,3.6482448267240145e-17,max_sharpe
2023-04-03,V,0.0,max_sharpe
2023-05-01,V,0.0,max_sharpe
2023-06-01,V,4.992183140088251e-17,max_sharpe
2023-07-03,V,0.0,max_sharpe
2023-08-01,V,1.1093754514663963e-17,max_sharpe
2023-09-01,V,0.0,max_sharpe
2023-10-02,V,3.5520131595877786e-17,max_sharpe
2023-11-01,V,1.8123387170173076e-17,max_sharpe
2023-12-01,V,0.0,max_sharpe
2021-01-04,WFC,1.8889913984174583e-16,max_sharpe
2021-02-01,WFC,8.849244324548833e-17,max_sharpe
2021-03-01,WFC,2.318980584373298e-16,max_sharpe
2021-04-01,WFC,0.0,max_sharpe
2021-05-03,WFC,0.0,max_sharpe
2021-06-01,WFC,0.0,max_sharpe
2021-07-01,WFC,1.6308088157430737e-17,max_sharpe
2021-08-02,WFC,0.0,max_sharpe
2021-09-01,WFC,0.0,max_sharpe
2021-10-01,WFC,0.010901676592348676,max_sharpe
2021-11-01,WFC,0.07692391434038078,max_sharpe
2021-12-01,WFC,0.06184854073595393,max_sharpe
2022-01-03,WFC,0.02486035560830565,max_sharpe
2022-02-01,WFC,0.0640235770146503,max_sharpe
2022-03-01,WFC,0.0,max_sharpe
2022-04-01,WFC,0.0,max_sharpe
2022-05-02,WFC,0.0,max_sharpe
2022-06-01,WFC,3.597887974959096e-17,max_sharpe
2022-07-01,WFC,0.0,max_sharpe
2022-08-01,WFC,5.030841012215745e-17,max_sharpe
2022-09-01,WFC,0.0,max_sharpe
2022-10-03,WFC,7.114895264411541e-19,max_sharpe
2022-11-01,WFC,1.1230390411891014e-16,max_sharpe
2022-12-01,WFC,0.0,max_sharpe
2023-01-03,WFC,0.0,max_sharpe
2023-02-01,WFC,7.179726922816797e-19,max_sharpe
2023-03-01,WFC,0.0,max_sharpe
2023-04-03,WFC,0.0,max_sharpe
2023-05-01,WFC,0.0,max_sharpe
2023-06-01,WFC,6.371110694747153e-17,max_sharpe
2023-07-03,WFC,1.9182264310439547e-18,max_sharpe
2023-08-01,WFC,4.228272988948961e-17,max_sharpe
2023-09-01,WFC,5.581622173805101e-17,max_sharpe
2023-10-02,WFC,4.54673508897564e-18,max_sharpe
2023-11-01,WFC,0.0,max_sharpe
2023-12-01,WFC,2.9680540018298175e-17,max_sharpe
2021-01-04,WMT,1.8845440073850822e-16,max_sharpe
2021-02-01,WMT,0.0,max_sharpe
2021-03-01,WMT,0.0,max_sharpe
2021-04-01,WMT,1.36448818924774e-17,max_sharpe
2021-05-03,WMT,1.6672591971476034e-17,max_sharpe
2021-06-01,WMT,0.0,max_sharpe
2021-07-01,WMT,4.9292207254117084e-17,max_sharpe
2021-08-02,WMT,0.0,max_sharpe
2021-09-01,WMT,3.591714404831063e-17,max_sharpe
2021-10-01,WMT,1.3146702201246153e-17,max_sharpe
2021-11-01,WMT,0.0,max_sharpe
2021-12-01,WMT,0.0,max_sharpe
2022-01-03,WMT,0.0,max_sharpe
2022-02-01,WMT,0.0,max_sharpe
2022-03-01,WMT,0.0,max_sharpe
2022-04-01,WMT,1.7516941071833904e-16,max_sharpe
2022-05-02,WMT,8.176663540403369e-18,max_sharpe
2022-06-01,WMT,4.261198688095574e-18,max_sharpe
2022-07-01,WMT,4.5899629133594545e-17,max_sharpe
2022-08-01,WMT,2.4840088211179612e-17,max_sharpe
2022-09-01,WMT,2.5110265251574132e-17,max_sharpe
2022-10-03,WMT,0.0,max_sharpe
2022-11-01,WMT,0.0,max_sharpe
2022-12-01,WMT,6.988429449453844e-17,max_sharpe
2023-01-03,WMT,0.0,max_sharpe
2023-02-01,WMT,4.572829126738508e-17,max_sharpe
2023-03-01,WMT,0.0,max_sharpe
2023-04-03,WMT,0.0,max_sharpe
2023-05-01,WMT,2.8034008580281203e-16,max_sharpe
2023-06-01,WMT,0.0,max_sharpe
2023-07-03,WMT,0.07730724987919248,max_sharpe
2023-08-01,WMT,0.016128228576677416,max_sharpe
2023-09-01,WMT,0.04018941108653733,max_sharpe
2023-10-02,WMT,6.795398335978379e-17,max_sharpe
2023-11-01,WMT,0.12725957733926546,max_sharpe
2023-12-01,WMT,0.0,max_sharpe
2021-01-04,XOM,6.990595358940648e-17,max_sharpe
2021-02-01,XOM,2.605254240215165e-17,max_sharpe
2021-03-01,XOM,0.0,max_sharpe
2021-04-01,XOM,1.241784111940427e-16,max_sharpe
2021-05-03,XOM,2.855184113700087e-17,max_sharpe
2021-06-01,XOM,5.073485864920671e-17,max_sharpe
2021-07-01,XOM,0.0,max_sharpe
2021-08-02,XOM,0.0,max_sharpe
2021-09-01,XOM,0.0,max_sharpe
2021-10-01,XOM,1.2322711902875296e-16,max_sharpe
2021-11-01,XOM,1.320701661807147e-16,max_sharpe
2021-12-01,XOM,0.03807968539338996,max_sharpe
2022-01-03,XOM,0.0,max_sharpe
2022-02-01,XOM,0.0,max_sharpe
2022-03-01,XOM,0.0,max_sharpe
2022-04-01,XOM,0.0,max_sharpe
2022-05-02,XOM,0.0,max_sharpe
2022-06-01,XOM,1.9329659279967707e-16,max_sharpe
2022-07-01,XOM,0.0,max_sharpe
2022-08-01,XOM,0.06581972599523893,max_sharpe
2022-09-01,XOM,0.11058897498028215,max_sharpe
2022-10-03,XOM,0.1000601113624016,max_sharpe
2022-11-01,XOM,0.19856537818081055,max_sharpe
2022-12-01,XOM,0.1795054219542172,max_sharpe
2023-01-03,XOM,0.25459800934862836,max_sharpe
2023-02-01,XOM,0.16667456430542035,max_sharpe
2023-03-01,XOM,0.14765485278941398,max_sharpe
2023-04-03,XOM,0.14724251815280198,max_sharpe
2023-05-01,XOM,0.06263322272206909,max_sharpe
2023-06-01,XOM,3.530332581511493e-16,max_sharpe
2023-07-03,XOM,9.570759783646204e-17,max_sharpe
2023-08-01,XOM,0.0,max_sharpe
2023-09-01,XOM,0.0,max_sharpe
2023-10-02,XOM,6.836733729200425e-18,max_sharpe
2023-11-01,XOM,4.845381326013305e-17,max_sharpe
2023-12-01,XOM,0.0,max_sharpe
2021-01-04,ABBV,0.02677473380269937,risk_parity
2021-02-01,ABBV,0.02663023951159265,risk_parity
2021-03-01,ABBV,0.027065010033617273,risk_parity
2021-04-01,ABBV,0.028221653275895087,risk_parity
2021-05-03,ABBV,0.0291263501698114,risk_parity
2021-06-01,ABBV,0.024905175078344666,risk_parity
2021-07-01,ABBV,0.02386397085434422,risk_parity
2021-08-02,ABBV,0.02304481113682612,risk_parity
2021-09-01,ABBV,0.02228798995646747,risk_parity
2021-10-01,ABBV,0.02104442785328198,risk_parity
2021-11-01,ABBV,0.022189794979763425,risk_parity
2021-12-01,ABBV,0.02245285334921959,risk_parity
2022-01-03,ABBV,0.023253887285836113,risk_parity
2022-02-01,ABBV,0.027095219008114485,risk_parity
2022-03-01,ABBV,0.02791062253305601,risk_parity
2022-04-01,ABBV,0.029279851280542914,risk_parity
2022-05-02,ABBV,0.02752633123398729,risk_parity
2022-06-01,ABBV,0.03095157084439192,risk_parity
2022-07-01,ABBV,0.02994462014730395,risk_parity
2022-08-01,ABBV,0.031339095641651465,risk_parity
2022-09-01,ABBV,0.03161931032620119,risk_parity
2022-10-03,ABBV,0.03235976049280024,risk_parity
2022-11-01,ABBV,0.03266197849862478,risk_parity
2022-12-01,ABBV,0.033176502477950925,risk_parity
2023-01-03,ABBV,0.033576875059192185,risk_parity
2023-02-01,ABBV,0.033287371484536976,risk_parity
2023-03-01,ABBV,0.033175715643068676,risk_parity
2023-04-03,ABBV,0.0330513124234204,risk_parity
2023-05-01,ABBV,0.033471494917548666,risk_parity
2023-06-01,ABBV,0.03250755591089216,risk_parity
2023-07-03,ABBV,0.03322169895459073,risk_parity
2023-08-01,ABBV,0.03247276796503533,risk_parity
2023-09-01,ABBV,0.03202184914781503,risk_parity
2023-10-02,ABBV,0.031437057822476557,risk_parity
2023-11-01,ABBV,0.033175248203810875,risk_parity
2023-12-01,ABBV,0.03487297006132349,risk_parity
2021-01-04,ABT,0.023321402007686932,risk_parity
2021-02-01,ABT,0.023343665251246995,risk_parity
2021-03-01,ABT,0.023393068116577837,risk_parity
2021-04-01,ABT,0.026038422342278204,risk_parity
2021-05-03,ABT,0.024108178511511296,risk_parity
2021-06-01,ABT,0.02427042495298341,risk_parity
2021-07-01,ABT,0.02555960370060811,risk_parity
2021-08-02,ABT,0.026377969077885834,risk_parity
2021-09-01,ABT,0.026661224945316777,risk_parity
2021-10-01,ABT,0.028595036383339597,risk_parity
2021-11-01,ABT,0.030218459980222715,risk_parity
2021-12-01,ABT,0.03070105758889642,risk_parity
2022-01-03,ABT,0.030350901429308734,risk_parity
2022-02-01,ABT,0.02732230797922041,risk_parity
2022-03-01,ABT,0.025100733390257406,risk_parity
2022-04-01,ABT,0.023231695233280367,risk_parity
2022-05-02,ABT,0.022428279741713228,risk_parity
2022-06-01,ABT,0.021125915871691683,risk_parity
2022-07-01,ABT,0.020433842029539483,risk_parity
2022-08-01,ABT,0.01972818269664279,risk_parity
2022-09-01,ABT,0.01945998398876102,risk_parity
2022-10-03,ABT,0.020128214625280805,risk_parity
2022-11-01,ABT,0.020090222259503264,risk_parity
2022-12-01,ABT,0.0197503673754536,risk_parity
2023-01-03,ABT,0.019491620767303975,risk_parity
2023-02-01,ABT,0.019786619799996328,risk_parity
2023-03-01,ABT,0.020055632565163052,risk_parity
2023-04-03,ABT,0.020496589129103557,risk_parity
2023-05-01,ABT,0.0206932557545864,risk_parity
2023-06-01,ABT,0.02157218951214443,risk_parity
2023-07-03,ABT,0.02234669548390158,risk_parity
2023-08-01,ABT,0.022764142834750378,risk_parity
2023-09-01,ABT,0.022908581889419893,risk_parity
2023-10-02,ABT,0.02240743027120576,risk_parity
2023-11-01,ABT,0.023914022888760607,risk_parity
2023-12-01,ABT,0.02493707367950195,risk_parity
2021-01-04,ADBE,0.019387417542494324,risk_parity
2021-02-01,ADBE,0.019388297907674386,risk_parity
2021-03-01,ADBE,0.0192670290287247,risk_parity
2021-04-01,ADBE,0.020009930933228944,risk_parity
2021-05-03,ADBE,0.02082935815773687,risk_parity
2021-06-01,ADBE,0.019342858359463023,risk_parity
2021-07-01,ADBE,0.01965933145626253,risk_parity
2021-08-02,ADBE,0.01974413825880115,risk_parity
2021-09-01,ADBE,0.019015165324336072,risk_parity
2021-10-01,ADBE,0.020190859102059096,risk_parity
2021-11-01,ADBE,0.02138507342555179,risk_parity
2021-12-01,ADBE,0.02026914857878721,risk_parity
2022-01-03,ADBE,0.018384647642898714,risk_parity
2022-02-01,ADBE,0.01753319797485147,risk_parity
2022-03-01,ADBE,0.016853496782267864,risk_parity
2022-04-01,ADBE,0.01557872097744934,risk_parity
2022-05-02,ADBE,0.015673758428996355,risk_parity
2022-06-01,ADBE,0.014877904552302658,risk_parity
2022-07-01,ADBE,0.014164783161179077,risk_parity
2022-08-01,ADBE,0.013812701502277192,risk_parity
2022-09-01,ADBE,0.013597756732271734,risk_parity
2022-10-03,ADBE,0.013015525200253777,risk_parity
2022-11-01,ADBE,0.013546795676397827,risk_parity
2022-12-01,ADBE,0.012805462589066757,risk_parity
2023-01-03,ADBE,0.012930740333613881,risk_parity
2023-02-01,ADBE,0.013127236527989668,risk_parity
2023-03-01,ADBE,0.01316184424259842,risk_parity
2023-04-03,ADBE,0.013536133344448475,risk_parity
2023-05-01,ADBE,0.013627710307494899,risk_parity
2023-06-01,ADBE,0.013381364016493494,risk_parity
2023-07-03,ADBE,0.013473501124609216,risk_parity
2023-08-01,ADBE,0.013568280902695455,risk_parity
2023-09-01,ADBE,0.013634301057319014,risk_parity
2023-10-02,ADBE,0.014584499511673394,risk_parity
2023-11-01,ADBE,0.013636273905404025,risk_parity
2023-12-01,ADBE,0.01465464542281533,risk_parity
2021-01-04,AEP,0.024159619565772266,risk_parity
2021-02-01,AEP,0.02433584303275451,risk_parity
2021-03-01,AEP,0.024251789051910253,risk_parity
2021-04-01,AEP,0.02329834110508673,risk_parity
2021-05-03,AEP,0.02885687919319279,risk_parity
2021-06-01,AEP,0.030761535141588067,risk_parity
2021-07-01,AEP,0.030814918314147684,risk_parity
2021-08-02,AEP,0.030520107177434228,risk_parity
2021-09-01,AEP,0.03152576534231232,risk_parity
2021-10-01,AEP,0.02981504435755765,risk_parity
2021-11-01,AEP,0.029502004950391823,risk_parity
2021-12-01,AEP,0.029391481378712836,risk_parity
2022-01-03,AEP,0.030019126069510346,risk_parity
2022-02-01,AEP,0.03036419566775363,risk_parity
2022-03-01,AEP,0.030101367611301146,risk_parity
2022-04-01,AEP,0.030328072216324074,risk_parity
2022-05-02,AEP,0.028636541878637845,risk_parity
2022-06-01,AEP,0.03049937802070149,risk_parity
2022-07-01,AEP,0.029444710747854694,risk_parity
2022-08-01,AEP,0.02931994023646124,risk_parity
2022-09-01,AEP,0.028798970912070794,risk_parity
2022-10-03,AEP,0.026947278998484595,risk_parity
2022-11-01,AEP,0.025174143168936854,risk_parity
2022-12-01,AEP,0.025134322909647518,risk_parity
2023-01-03,AEP,0.02491061784426666,risk_parity
2023-02-01,AEP,0.024460812546956322,risk_parity
2023-03-01,AEP,0.024146571795352362,risk_parity
2023-04-03,AEP,0.023713856419140276,risk_parity
2023-05-01,AEP,0.023566509712889542,risk_parity
2023-06-01,AEP,0.022574765750599315,risk_parity
2023-07-03,AEP,0.022429961195155817,risk_parity
2023-08-01,AEP,0.022070527405791275,risk_parity
2023-09-01,AEP,0.02207234636130113,risk_parity
2023-10-02,AEP,0.021912407004394098,risk_parity
2023-11-01,AEP,0.022813729509010065,risk_parity
2023-12-01,AEP,0.02165376849084581,risk_parity
2021-01-04,AMD,0.015864859167575053,risk_parity
2021-02-01,AMD,0.016044391298436676,risk_parity
2021-03-01,AMD,0.01631468347032191,risk_parity
2021-04-01,AMD,0.016175589006061846,risk_parity
2021-05-03,AMD,0.015375863469860727,risk_parity
2021-06-01,AMD,0.015213475899769397,risk_parity
2021-07-01,AMD,0.015574314448027976,risk_parity
2021-08-02,AMD,0.01556730419042044,risk_parity
2021-09-01,AMD,0.016305924907235442,risk_parity
2021-10-01,AMD,0.01661741885127284,risk_parity
2021-11-01,AMD,0.017598818683362355,risk_parity
2021-12-01,AMD,0.015578078897649733,risk_parity
2022-01-03,AMD,0.01456174985746275,risk_parity
2022-02-01,AMD,0.012825113857868164,risk_parity
2022-03-01,AMD,0.011494051028083619,risk_parity
2022-04-01,AMD,0.010910197397809138,risk_parity
2022-05-02,AMD,0.011076301149968893,risk_parity
2022-06-01,AMD,0.009660831902080091,risk_parity
2022-07-01,AMD,0.009197917314354877,risk_parity
2022-08-01,AMD,0.009157983919351943,risk_parity
2022-09-01,AMD,0.009127359793726851,risk_parity
2022-10-03,AMD,0.00925550444290362,risk_parity
2022-11-01,AMD,0.00935584247205633,risk_parity
2022-12-01,AMD,0.009011552181822712,risk_parity
2023-01-03,AMD,0.009020228228918962,risk_parity
2023-02-01,AMD,0.009093914862333435,risk_parity
2023-03-01,AMD,0.009314194888638681,risk_parity
2023-04-03,AMD,0.009779655202405502,risk_parity
2023-05-01,AMD,0.010052239948875817,risk_parity
2023-06-01,AMD,0.010636096101717368,risk_parity
2023-07-03,AMD,0.011204834952145793,risk_parity
2023-08-01,AMD,0.011429379238762943,risk_parity
2023-09-01,AMD,0.011220783972781473,risk_parity
2023-10-02,AMD,0.011217280466884721,risk_parity
2023-11-01,AMD,0.01154805068455868,risk_parity
2023-12-01,AMD,0.0132991631973094,risk_parity
2021-01-04,AMGN,0.02418201011329563,risk_parity
2021-02-01,AMGN,0.024292169213315767,risk_parity
2021-03-01,AMGN,0.024797857386318827,risk_parity
2021-04-01,AMGN,0.02673769510183678,risk_parity
2021-05-03,AMGN,0.02571885861303081,risk_parity
2021-06-01,AMGN,0.02364583449470418,risk_parity
2021-07-01,AMGN,0.021489046603648948,risk_parity
2021-08-02,AMGN,0.02164554450076002,risk_parity
2021-09-01,AMGN,0.020242076339140245,risk_parity
2021-10-01,AMGN,0.021079568689363316,risk_parity
2021-11-01,AMGN,0.02138392278454416,risk_parity
2021-12-01,AMGN,0.021270899247973953,risk_parity
2022-01-03,AMGN,0.02212136477994445,risk_parity
2022-02-01,AMGN,0.022982470077339216,risk_parity
2022-03-01,AMGN,0.02155744155594258,risk_parity
2022-04-01,AMGN,0.022960621061743885,risk_parity
2022-05-02,AMGN,0.02564223779437746,risk_parity
2022-06-01,AMGN,0.029272084503381535,risk_parity
2022-07-01,AMGN,0.0309917408586928,risk_parity
2022-08-01,AMGN,0.031118554459453832,risk_parity
2022-09-01,AMGN,0.03314103110798419,risk_parity
2022-10-03,AMGN,0.03332448219747553,risk_parity
2022-11-01,AMGN,0.033433741277931375,risk_parity
2022-12-01,AMGN,0.034860205996860585,risk_parity
2023-01-03,AMGN,0.035503662792054566,risk_parity
2023-02-01,AMGN,0.03564193776309666,risk_parity
2023-03-01,AMGN,0.03674639550969122,risk_parity
2023-04-03,AMGN,0.03631686132258575,risk_parity
2023-05-01,AMGN,0.036059579070377316,risk_parity
2023-06-01,AMGN,0.03245811393498035,risk_parity
2023-07-03,AMGN,0.030799036864817136,risk_parity
2023-08-01,AMGN,0.030321713418608415,risk_parity
2023-09-01,AMGN,0.029680520628420158,risk_parity
2023-10-02,AMGN,0.030081158902066196,risk_parity
2023-11-01,AMGN,0.029001099527110805,risk_parity
2023-12-01,AMGN,0.026618314911287844,risk_parity
2021-01-04,AMT,0.020457376850472005,risk_parity
2021-02-01,AMT,0.020448523080184564,risk_parity
2021-03-01,AMT,0.020263221899197516,risk_parity
2021-04-01,AMT,0.020287164885903156,risk_parity
2021-05-03,AMT,0.021993638784768135,risk_parity
2021-06-01,AMT,0.022224948023055524,risk_parity
2021-07-01,AMT,0.024004345813039122,risk_parity
2021-08-02,AMT,0.024552055729638308,risk_parity
2021-09-01,AMT,0.02518835299669365,risk_parity
2021-10-01,AMT,0.026719339035952184,risk_parity
2021-11-01,AMT,0.026291951417441412,risk_parity
2021-12-01,AMT,0.02464872422608574,risk_parity
2022-01-03,AMT,0.024168962033957003,risk_parity
2022-02-01,AMT,0.02175520658901628,risk_parity
2022-03-01,AMT,0.02129858819681174,risk_parity
2022-04-01,AMT,0.021978410163056777,risk_parity
2022-05-02,AMT,0.021798864707829532,risk_parity
2022-06-01,AMT,0.02058816461174802,risk_parity
2022-07-01,AMT,0.01958059402459966,risk_parity
2022-08-01,AMT,0.019119546937899117,risk_parity
2022-09-01,AMT,0.018966988362141335,risk_parity
2022-10-03,AMT,0.018939445697666337,risk_parity
2022-11-01,AMT,0.018553504156490045,risk_parity
2022-12-01,AMT,0.017539188012068593,risk_parity
2023-01-03,AMT,0.017727656820359927,risk_parity
2023-02-01,AMT,0.017807791993825,risk_parity
2023-03-01,AMT,0.017515042087046604,risk_parity
2023-04-03,AMT,0.01745648298362054,risk_parity
2023-05-01,AMT,0.017432383444889017,risk_parity
2023-06-01,AMT,0.017281669392003807,risk_parity
2023-07-03,AMT,0.017372305268629196,risk_parity
2023-08-01,AMT,0.017345711934139314,risk_parity
2023-09-01,AMT,0.017237124097647324,risk_parity
2023-10-02,AMT,0.016700384979245173,risk_parity
2023-11-01,AMT,0.0162929028981864,risk_parity
2023-12-01,AMT,0.016310926738471836,risk_parity
2021-01-04,BA,0.010704597979203995,risk_parity
2021-02-01,BA,0.010767715892329987,risk_parity
2021-03-01,BA,0.010623516652339658,risk_parity
2021-04-01,BA,0.00954799629180719,risk_parity
2021-05-03,BA,0.008673290637410073,risk_parity
2021-06-01,BA,0.008629060464460445,risk_parity
2021-07-01,BA,0.010346346895648192,risk_parity
2021-08-02,BA,0.010325625191536602,risk_parity
2021-09-01,BA,0.01011442788187592,risk_parity
2021-10-01,BA,0.010199244453688876,risk_parity
2021-11-01,BA,0.01088499476755077,risk_parity
2021-12-01,BA,0.013119989022376684,risk_parity
2022-01-03,BA,0.012011938771898878,risk_parity
2022-02-01,BA,0.011865174270173844,risk_parity
2022-03-01,BA,0.012974987555550814,risk_parity
2022-04-01,BA,0.012306590705428923,risk_parity
2022-05-02,BA,0.012706173281758609,risk_parity
2022-06-01,BA,0.011957511462198093,risk_parity
2022-07-01,BA,0.011801137035946062,risk_parity
2022-08-01,BA,0.012031277456881309,risk_parity
2022-09-01,BA,0.012175349902382148,risk_parity
2022-10-03,BA,0.012157088678464791,risk_parity
2022-11-01,BA,0.012638687413446936,risk_parity
2022-12-01,BA,0.013084448669689896,risk_parity
2023-01-03,BA,0.013450977293784978,risk_parity
2023-02-01,BA,0.013661422457658718,risk_parity
2023-03-01,BA,0.013552393938464934,risk_parity
2023-04-03,BA,0.013748427327181682,risk_parity
2023-05-01,BA,0.01395855079128187,risk_parity
2023-06-01,BA,0.014788893278683038,risk_parity
2023-07-03,BA,0.015500264231534552,risk_parity
2023-08-01,BA,0.015614465165170094,risk_parity
2023-09-01,BA,0.015619800139817348,risk_parity
2023-10-02,BA,0.016472639035119477,risk_parity
2023-11-01,BA,0.01653163092340827,risk_parity
2023-12-01,BA,0.016190626357988444,risk_parity
2021-01-04,CAT,0.020003273755146954,risk_parity
2021-02-01,CAT,0.019989601584431534,risk_parity
2021-03-01,CAT,0.01992303892873228,risk_parity
2021-04-01,CAT,0.0164929968241189,risk_parity
2021-05-03,CAT,0.015518446738897757,risk_parity
2021-06-01,CAT,0.01650612759668812,risk_parity
2021-07-01,CAT,0.01750566391989502,risk_parity
2021-08-02,CAT,0.017378095642999497,risk_parity
2021-09-01,CAT,0.01675541882219534,risk_parity
2021-10-01,CAT,0.015532085341449344,risk_parity
2021-11-01,CAT,0.015701887927386318,risk_parity
2021-12-01,CAT,0.015397179589683844,risk_parity
2022-01-03,CAT,0.015505801304524341,risk_parity
2022-02-01,CAT,0.01669707878023484,risk_parity
2022-03-01,CAT,0.016765504229757592,risk_parity
2022-04-01,CAT,0.018334176809257738,risk_parity
2022-05-02,CAT,0.018599138436319412,risk_parity
2022-06-01,CAT,0.017586492129556947,risk_parity
2022-07-01,CAT,0.017372480299348174,risk_parity
2022-08-01,CAT,0.016868441361559263,risk_parity
2022-09-01,CAT,0.01676662802333861,risk_parity
2022-10-03,CAT,0.017116025956848305,risk_parity
2022-11-01,CAT,0.017076719343267113,risk_parity
2022-12-01,CAT,0.01753150072580804,risk_parity
2023-01-03,CAT,0.01764957698312023,risk_parity
2023-02-01,CAT,0.017465533862641453,risk_parity
2023-03-01,CAT,0.017581583558308012,risk_parity
2023-04-03,CAT,0.01704938832242633,risk_parity
2023-05-01,CAT,0.01732509257609516,risk_parity
2023-06-01,CAT,0.016945555977451822,risk_parity
2023-07-03,CAT,0.016112362734901117,risk_parity
2023-08-01,CAT,0.016588715027467987,risk_parity
2023-09-01,CAT,0.0170721134648533,risk_parity
2023-10-02,CAT,0.017178364490697998,risk_parity
2023-11-01,CAT,0.016976608579422996,risk_parity
2023-12-01,CAT,0.016118209066434887,risk_parity
2021-01-04,CCI,0.02120548423788777,risk_parity
2021-02-01,CCI,0.021271375009330594,risk_parity
2021-03-01,CCI,0.021558646745863358,risk_parity
2021-04-01,CCI,0.02212991249369554,risk_parity
2021-05-03,CCI,0.022697682795519734,risk_parity
2021-06-01,CCI,0.024157876230302425,risk_parity
2021-07-01,CCI,0.027352693781245715,risk_parity
2021-08-02,CCI,0.028260805347125623,risk_parity
2021-09-01,CCI,0.02938861497114321,risk_parity
2021-10-01,CCI,0.03326428464538857,risk_parity
2021-11-01,CCI,0.030887402138754533,risk_parity
2021-12-01,CCI,0.026468169626651498,risk_parity
2022-01-03,CCI,0.025575977853541498,risk_parity
2022-02-01,CCI,0.02241234464296874,risk_parity
2022-03-01,CCI,0.020999642464426524,risk_parity
2022-04-01,CCI,0.022036185062211156,risk_parity
2022-05-02,CCI,0.022165255493966553,risk_parity
2022-06-01,CCI,0.02191231769428424,risk_parity
2022-07-01,CCI,0.020457990404576545,risk_parity
2022-08-01,CCI,0.02012058622111797,risk_parity
2022-09-01,CCI,0.019945823958201127,risk_parity
2022-10-03,CCI,0.019558538381946662,risk_parity
2022-11-01,CCI,0.0196588646568054,risk_parity
2022-12-01,CCI,0.01861616727129421,risk_parity
2023-01-03,CCI,0.018808669961226186,risk_parity
2023-02-01,CCI,0.018663687261121532,risk_parity
2023-03-01,CCI,0.018475228393108657,risk_parity
2023-04-03,CCI,0.018368379820197244,risk_parity
2023-05-01,CCI,0.01800245213111845,risk_parity
2023-06-01,CCI,0.01749528915126776,risk_parity
2023-07-03,CCI,0.01767154152122878,risk_parity
2023-08-01,CCI,0.017463270235755474,risk_parity
2023-09-01,CCI,0.017433874231010695,risk_parity
2023-10-02,CCI,0.01702246186007393,risk_parity
2023-11-01,CCI,0.016258026380815613,risk_parity
2023-12-01,CCI,0.015781207847239184,risk_parity
2021-01-04,CMCSA,0.023265775921036843,risk_parity
2021-02-01,CMCSA,0.022891675858109854,risk_parity
2021-03-01,CMCSA,0.02291523848297565,risk_parity
2021-04-01,CMCSA,0.019189857045806127,risk_parity
2021-05-03,CMCSA,0.018997581018450328,risk_parity
2021-06-01,CMCSA,0.019074346609320027,risk_parity
2021-07-01,CMCSA,0.017515617533741045,risk_parity
2021-08-02,CMCSA,0.01768247386696092,risk_parity
2021-09-01,CMCSA,0.017316310000197923,risk_parity
2021-10-01,CMCSA,0.015762232481601236,risk_parity
2021-11-01,CMCSA,0.015510995932359219,risk_parity
2021-12-01,CMCSA,0.016111926000761053,risk_parity
2022-01-03,CMCSA,0.01654005377468859,risk_parity
2022-02-01,CMCSA,0.017672754781296103,risk_parity
2022-03-01,CMCSA,0.017446578196751748,risk_parity
2022-04-01,CMCSA,0.01767760737655608,risk_parity
2022-05-02,CMCSA,0.01877259081479199,risk_parity
2022-06-01,CMCSA,0.019891788239014642,risk_parity
2022-07-01,CMCSA,0.020722799568071246,risk_parity
2022-08-01,CMCSA,0.02129048620707422,risk_parity
2022-09-01,CMCSA,0.02099299053902959,risk_parity
2022-10-03,CMCSA,0.020041727760663826,risk_parity
2022-11-01,CMCSA,0.020587498498425186,risk_parity
2022-12-01,CMCSA,0.02024810425206652,risk_parity
2023-01-03,CMCSA,0.020088408083598398,risk_parity
2023-02-01,CMCSA,0.019879753479899426,risk_parity
2023-03-01,CMCSA,0.019771591748479273,risk_parity
2023-04-03,CMCSA,0.019783411576347918,risk_parity
2023-05-01,CMCSA,0.019251963188963737,risk_parity
2023-06-01,CMCSA,0.018640371333300692,risk_parity
2023-07-03,CMCSA,0.018066842876456643,risk_parity
2023-08-01,CMCSA,0.018116132190524412,risk_parity
2023-09-01,CMCSA,0.018329777758557066,risk_parity
2023-10-02,CMCSA,0.01941148014522556,risk_parity
2023-11-01,CMCSA,0.019078283856694717,risk_parity
2023-12-01,CMCSA,0.018960877309825302,risk_parity
2021-01-04,COP,0.01270235187394875,risk_parity
2021-02-01,COP,0.012660617674861666,risk_parity
2021-03-01,COP,0.01258010850549564,risk_parity
2021-04-01,COP,0.011827048711175398,risk_parity
2021-05-03,COP,0.01085006163316684,risk_parity
2021-06-01,COP,0.010700774038981339,risk_parity
2021-07-01,COP,0.010550660138485643,risk_parity
2021-08-02,COP,0.010654098814446854,risk_parity
2021-09-01,COP,0.010638469123309714,risk_parity
2021-10-01,COP,0.010356184769336939,risk_parity
2021-11-01,COP,0.011140946435863365,risk_parity
2021-12-01,COP,0.012323504856025458,risk_parity
2022-01-03,COP,0.01234979975915146,risk_parity
2022-02-01,COP,0.013222618230540963,risk_parity
2022-03-01,COP,0.013767859617139482,risk_parity
2022-04-01,COP,0.014819032703544512,risk_parity
2022-05-02,COP,0.014824620950667425,risk_parity
2022-06-01,COP,0.014273472650938193,risk_parity
2022-07-01,COP,0.01444319833358881,risk_parity
2022-08-01,COP,0.014423578433285998,risk_parity
2022-09-01,COP,0.015272798812494897,risk_parity
2022-10-03,COP,0.015627500388532216,risk_parity
2022-11-01,COP,0.015988663983937265,risk_parity
2022-12-01,COP,0.016516040967036197,risk_parity
2023-01-03,COP,0.016601803192124967,risk_parity
2023-02-01,COP,0.016967808926571234,risk_parity
2023-03-01,COP,0.01655301077968414,risk_parity
2023-04-03,COP,0.01605329971695109,risk_parity
2023-05-01,COP,0.01591914851663835,risk_parity
2023-06-01,COP,0.01626374003836382,risk_parity
2023-07-03,COP,0.016571222365256502,risk_parity
2023-08-01,COP,0.01669055471499571,risk_parity
2023-09-01,COP,0.016473334631042516,risk_parity
2023-10-02,COP,0.01681605610701342,risk_parity
2023-11-01,COP,0.016668274954890518,risk_parity
2023-12-01,COP,0.016974138967983346,risk_parity
2021-01-04,CVX,0.014681237949607061,risk_parity
2021-02-01,CVX,0.014622991929102021,risk_parity
2021-03-01,CVX,0.01454499945690385,risk_parity
2021-04-01,CVX,0.013738285456977093,risk_parity
2021-05-03,CVX,0.0133456606732285,risk_parity
2021-06-01,CVX,0.01333007832596893,risk_parity
2021-07-01,CVX,0.013125141904474048,risk_parity
2021-08-02,CVX,0.013394544404356527,risk_parity
2021-09-01,CVX,0.013266705833947423,risk_parity
2021-10-01,CVX,0.012848093184659393,risk_parity
2021-11-01,CVX,0.013008247862671723,risk_parity
2021-12-01,CVX,0.01544015329810984,risk_parity
2022-01-03,CVX,0.015787363483885503,risk_parity
2022-02-01,CVX,0.017855625684883674,risk_parity
2022-03-01,CVX,0.018499754585666644,risk_parity
2022-04-01,CVX,0.021381648907022672,risk_parity
2022-05-02,CVX,0.020467079910205792,risk_parity
2022-06-01,CVX,0.01981205793631743,risk_parity
2022-07-01,CVX,0.019957068345224243,risk_parity
2022-08-01,CVX,0.019586575675171507,risk_parity
2022-09-01,CVX,0.020597271390659002,risk_parity
2022-10-03,CVX,0.02094343978690137,risk_parity
2022-11-01,CVX,0.02094848122829043,risk_parity
2022-12-01,CVX,0.021058842641871113,risk_parity
2023-01-03,CVX,0.020846266713129797,risk_parity
2023-02-01,CVX,0.02075747927704353,risk_parity
2023-03-01,CVX,0.020586846327655374,risk_parity
2023-04-03,CVX,0.019671225530339488,risk_parity
2023-05-01,CVX,0.01974495178027433,risk_parity
2023-06-01,CVX,0.019890537461391303,risk_parity
2023-07-03,CVX,0.0198620214241181,risk_parity
2023-08-01,CVX,0.019953700875454207,risk_parity
2023-09-01,CVX,0.020180207320498914,risk_parity
2023-10-02,CVX,0.02075674348802322,risk_parity
2023-11-01,CVX,0.02063698635826566,risk_parity
2023-12-01,CVX,0.020767691549867098,risk_parity
2021-01-04,D,0.02031435011942278,risk_parity
2021-02-01,D,0.020423584832517393,risk_parity
2021-03-01,D,0.02029696347104022,risk_parity
2021-04-01,D,0.026357588717335668,risk_parity
2021-05-03,D,0.03198129301675286,risk_parity
2021-06-01,D,0.030970456280018578,risk_parity
2021-07-01,D,0.02859484369720748,risk_parity
2021-08-02,D,0.028478102023107382,risk_parity
2021-09-01,D,0.02881406798452911,risk_parity
2021-10-01,D,0.027946560706157836,risk_parity
2021-11-01,D,0.02670784591024758,risk_parity
2021-12-01,D,0.02661156163160655,risk_parity
2022-01-03,D,0.026407754171643264,risk_parity
2022-02-01,D,0.025591715393692163,risk_parity
2022-03-01,D,0.026376758146953967,risk_parity
2022-04-01,D,0.026906630683367107,risk_parity
2022-05-02,D,0.02774681406586551,risk_parity
2022-06-01,D,0.029687416173390248,risk_parity
2022-07-01,D,0.029984448350900396,risk_parity
2022-08-01,D,0.02965368532300788,risk_parity
2022-09-01,D,0.02955652419889597,risk_parity
2022-10-03,D,0.027783958964610573,risk_parity
2022-11-01,D,0.02639883014322811,risk_parity
2022-12-01,D,0.02661007792575041,risk_parity
2023-01-03,D,0.026862997920584043,risk_parity
2023-02-01,D,0.026536426135144234,risk_parity
2023-03-01,D,0.026165265942537295,risk_parity
2023-04-03,D,0.02572063791899858,risk_parity
2023-05-01,D,0.02536598211033917,risk_parity
2023-06-01,D,0.023880703937917448,risk_parity
2023-07-03,D,0.023213363433871242,risk_parity
2023-08-01,D,0.022509737999153633,risk_parity
2023-09-01,D,0.021959700795673616,risk_parity
2023-10-02,D,0.021128316666949906,risk_parity
2023-11-01,D,0.021531729286625334,risk_parity
2023-12-01,D,0.019854336509938036,risk_parity
2021-01-04,DD,0.01748841745837444,risk_parity
2021-02-01,DD,0.01742822124980418,risk_parity
2021-03-01,DD,0.0172412127251021,risk_parity
2021-04-01,DD,0.015144472184870009,risk_parity
2021-05-03,DD,0.014626176129787786,risk_parity
2021-06-01,DD,0.014619209755431328,risk_parity
2021-07-01,DD,0.01422543132332386,risk_parity
2021-08-02,DD,0.013901068389302124,risk_parity
2021-09-01,DD,0.014086361199020795,risk_parity
2021-10-01,DD,0.014498353035075387,risk_parity
2021-11-01,DD,0.014021478044098121,risk_parity
2021-12-01,DD,0.013701320860235122,risk_parity
2022-01-03,DD,0.013906699119111738,risk_parity
2022-02-01,DD,0.014354960326789092,risk_parity
2022-03-01,DD,0.01418984149025859,risk_parity
2022-04-01,DD,0.012926927933639474,risk_parity
2022-05-02,DD,0.013882314918895737,risk_parity
2022-06-01,DD,0.01431979457819564,risk_parity
2022-07-01,DD,0.014216209183576795,risk_parity
2022-08-01,DD,0.014476727888827347,risk_parity
2022-09-01,DD,0.01416188263442007,risk_parity
2022-10-03,DD,0.014552729573319718,risk_parity
2022-11-01,DD,0.014885004329128362,risk_parity
2022-12-01,DD,0.015539155043251504,risk_parity
2023-01-03,DD,0.015700525925638958,risk_parity
2023-02-01,DD,0.01577489653868157,risk_parity
2023-03-01,DD,0.015971410418108237,risk_parity
2023-04-03,DD,0.016562525682125857,risk_parity
2023-05-01,DD,0.016648298858293404,risk_parity
2023-06-01,DD,0.016199350095450638,risk_parity
2023-07-03,DD,0.016238564744560268,risk_parity
2023-08-01,DD,0.016540047050291107,risk_parity
2023-09-01,DD,0.01722366586512491,risk_parity
2023-10-02,DD,0.017628960700343983,risk_parity
2023-11-01,DD,0.017816680161676732,risk_parity
2023-12-01,DD,0.017186705796609723,risk_parity
2021-01-04,DIS,0.018738771680343182,risk_parity
2021-02-01,DIS,0.01872920533958409,risk_parity
2021-03-01,DIS,0.018588979778902743,risk_parity
2021-04-01,DIS,0.017588011184097575,risk_parity
2021-05-03,DIS,0.016100263842222295,risk_parity
2021-06-01,DIS,0.016999127461488867,risk_parity
2021-07-01,DIS,0.017561562319260413,risk_parity
2021-08-02,DIS,0.016907405704313722,risk_parity
2021-09-01,DIS,0.016812155530124575,risk_parity
2021-10-01,DIS,0.015366564757123004,risk_parity
2021-11-01,DIS,0.015191909853114314,risk_parity
2021-12-01,DIS,0.0168741896440219,risk_parity
2022-01-03,DIS,0.017499250699198613,risk_parity
2022-02-01,DIS,0.01724105706266403,risk_parity
2022-03-01,DIS,0.01983092593242938,risk_parity
2022-04-01,DIS,0.01800351564650277,risk_parity
2022-05-02,DIS,0.017818798036321113,risk_parity
2022-06-01,DIS,0.016858044929304813,risk_parity
2022-07-01,DIS,0.017089073188890313,risk_parity
2022-08-01,DIS,0.016960427622566172,risk_parity
2022-09-01,DIS,0.01632278300678238,risk_parity
2022-10-03,DIS,0.016112126841976642,risk_parity
2022-11-01,DIS,0.016307829846937336,risk_parity
2022-12-01,DIS,0.015312975499399174,risk_parity
2023-01-03,DIS,0.015178256332611197,risk_parity
2023-02-01,DIS,0.015215063250871106,risk_parity
2023-03-01,DIS,0.01494603792677131,risk_parity
2023-04-03,DIS,0.01526797992637505,risk_parity
2023-05-01,DIS,0.015312670694632597,risk_parity
2023-06-01,DIS,0.014802258063176166,risk_parity
2023-07-03,DIS,0.014324878649506777,risk_parity
2023-08-01,DIS,0.01455139799002589,risk_parity
2023-09-01,DIS,0.014879926129919606,risk_parity
2023-10-02,DIS,0.014970902699144382,risk_parity
2023-11-01,DIS,0.014746141564080049,risk_parity
2023-12-01,DIS,0.01637371829721494,risk_parity
2021-01-04,DOW,0.014583398063721057,risk_parity
2021-02-01,DOW,0.014586797084512895,risk_parity
2021-03-01,DOW,0.014630862010524128,risk_parity
2021-04-01,DOW,0.012342676620812015,risk_parity
2021-05-03,DOW,0.011839187601248462,risk_parity
2021-06-01,DOW,0.0127239882797289,risk_parity
2021-07-01,DOW,0.013052570641158256,risk_parity
2021-08-02,DOW,0.013211145051591556,risk_parity
2021-09-01,DOW,0.013280615926711401,risk_parity
2021-10-01,DOW,0.012914392201334165,risk_parity
2021-11-01,DOW,0.012200328468926172,risk_parity
2021-12-01,DOW,0.012918735984892708,risk_parity
2022-01-03,DOW,0.013107390480439629,risk_parity
2022-02-01,DOW,0.01414190836399815,risk_parity
2022-03-01,DOW,0.014950267498958492,risk_parity
2022-04-01,DOW,0.014483777521702608,risk_parity
2022-05-02,DOW,0.01696816273416823,risk_parity
2022-06-01,DOW,0.0178168533955961,risk_parity
2022-07-01,DOW,0.017698075976960465,risk_parity
2022-08-01,DOW,0.018112902186291815,risk_parity
2022-09-01,DOW,0.01806443510481407,risk_parity
2022-10-03,DOW,0.01837203594849421,risk_parity
2022-11-01,DOW,0.0187560346193694,risk_parity
2022-12-01,DOW,0.018268517975533513,risk_parity
2023-01-03,DOW,0.01836069578143968,risk_parity
2023-02-01,DOW,0.018112275454342512,risk_parity
2023-03-01,DOW,0.018186903585503022,risk_parity
2023-04-03,DOW,0.018626111623567056,risk_parity
2023-05-01,DOW,0.018094751724097826,risk_parity
2023-06-01,DOW,0.017418449267818863,risk_parity
2023-07-03,DOW,0.01715139784959089,risk_parity
2023-08-01,DOW,0.017402323604377105,risk_parity
2023-09-01,DOW,0.01775879893101248,risk_parity
2023-10-02,DOW,0.01764585810126107,risk_parity
2023-11-01,DOW,0.01716863170211703,risk_parity
2023-12-01,DOW,0.01787487889437852,risk_parity
2021-01-04,DUK,0.021500008203377136,risk_parity
2021-02-01,DUK,0.021466570195826994,risk_parity
2021-03-01,DUK,0.021347834832237223,risk_parity
2021-04-01,DUK,0.023492988547858272,risk_parity
2021-05-03,DUK,0.027781436971503662,risk_parity
2021-06-01,DUK,0.028518893559205585,risk_parity
2021-07-01,DUK,0.027274957192791518,risk_parity
2021-08-02,DUK,0.0277135985056043,risk_parity
2021-09-01,DUK,0.027997393970627223,risk_parity
2021-10-01,DUK,0.029112361190891285,risk_parity
2021-11-01,DUK,0.029206510544171827,risk_parity
2021-12-01,DUK,0.0316609727809421,risk_parity
2022-01-03,DUK,0.032278822940689,risk_parity
2022-02-01,DUK,0.03191139638079033,risk_parity
2022-03-01,DUK,0.029461928466236798,risk_parity
2022-04-01,DUK,0.030595556330242184,risk_parity
2022-05-02,DUK,0.031251178364499456,risk_parity
2022-06-01,DUK,0.033823094574580215,risk_parity
2022-07-01,DUK,0.03334066300776569,risk_parity
2022-08-01,DUK,0.032837207962350456,risk_parity
2022-09-01,DUK,0.0324801405115464,risk_parity
2022-10-03,DUK,0.03012949501024481,risk_parity
2022-11-01,DUK,0.02777214897347417,risk_parity
2022-12-01,DUK,0.028189264474169577,risk_parity
2023-01-03,DUK,0.028170785073268038,risk_parity
2023-02-01,DUK,0.02799034473597281,risk_parity
2023-03-01,DUK,0.02830997184283333,risk_parity
2023-04-03,DUK,0.027287882520852836,risk_parity
2023-05-01,DUK,0.026895407663436326,risk_parity
2023-06-01,DUK,0.025588751617514935,risk_parity
2023-07-03,DUK,0.025166670019711585,risk_parity
2023-08-01,DUK,0.024609562078292874,risk_parity
2023-09-01,DUK,0.024379846651267398,risk_parity
2023-10-02,DUK,0.0243296148317384,risk_parity
2023-11-01,DUK,0.02614805313760934,risk_parity
2023-12-01,DUK,0.025366757588875247,risk_parity
2021-01-04,EA,0.027420639202294747,risk_parity
2021-02-01,EA,0.02773203967651977,risk_parity
2021-03-01,EA,0.02739976535445939,risk_parity
2021-04-01,EA,0.035049534223261236,risk_parity
2021-05-03,EA,0.03123598440383707,risk_parity
2021-06-01,EA,0.029531378530680625,risk_parity
2021-07-01,EA,0.025121179097718764,risk_parity
2021-08-02,EA,0.02500912619771294,risk_parity
2021-09-01,EA,0.025514246779126164,risk_parity
2021-10-01,EA,0.028655673165074242,risk_parity
2021-11-01,EA,0.028498559673201147,risk_parity
2021-12-01,EA,0.028228313049028942,risk_parity
2022-01-03,EA,0.0269594889848661,risk_parity
2022-02-01,EA,0.027315192719604434,risk_parity
2022-03-01,EA,0.02768179924073153,risk_parity
2022-04-01,EA,0.026917948976611355,risk_parity
2022-05-02,EA,0.027867622869240914,risk_parity
2022-06-01,EA,0.026570208487578382,risk_parity
2022-07-01,EA,0.0257963897867192,risk_parity
2022-08-01,EA,0.02588119781715133,risk_parity
2022-09-01,EA,0.026107960078769955,risk_parity
2022-10-03,EA,0.02500779945364599,risk_parity
2022-11-01,EA,0.02558619540565001,risk_parity
2022-12-01,EA,0.02567514890805371,risk_parity
2023-01-03,EA,0.025567239781812922,risk_parity
2023-02-01,EA,0.025907524039998193,risk_parity
2023-03-01,EA,0.025557872372822085,risk_parity
2023-04-03,EA,0.025898409255371627,risk_parity
2023-05-01,EA,0.025150230138236234,risk_parity
2023-06-01,EA,0.026737242266275753,risk_parity
2023-07-03,EA,0.026956342686682108,risk_parity
2023-08-01,EA,0.026613343110836324,risk_parity
2023-09-01,EA,0.024984701786111785,risk_parity
2023-10-02,EA,0.02550187964943172,risk_parity
2023-11-01,EA,0.02458312913256401,risk_parity
2023-12-01,EA,0.023800744124948297,risk_parity
2021-01-04,GE,0.014720181935279254,risk_parity
2021-02-01,GE,0.014918941098828735,risk_parity
2021-03-01,GE,0.014814848278614312,risk_parity
2021-04-01,GE,0.01381829290398342,risk_parity
2021-05-03,GE,0.01244914411071048,risk_parity
2021-06-01,GE,0.0134570647952255,risk_parity
2021-07-01,GE,0.014685554521612066,risk_parity
2021-08-02,GE,0.014252285482247499,risk_parity
2021-09-01,GE,0.014427214214041167,risk_parity
2021-10-01,GE,0.014994667383689889,risk_parity
2021-11-01,GE,0.01389374237954832,risk_parity
2021-12-01,GE,0.014120182685941613,risk_parity
2022-01-03,GE,0.014156463836014021,risk_parity
2022-02-01,GE,0.013091614758442692,risk_parity
2022-03-01,GE,0.013466801979908655,risk_parity
2022-04-01,GE,0.01291317052215324,risk_parity
2022-05-02,GE,0.012845279372143411,risk_parity
2022-06-01,GE,0.013220738427206873,risk_parity
2022-07-01,GE,0.01348632767777399,risk_parity
2022-08-01,GE,0.013873303217304627,risk_parity
2022-09-01,GE,0.013797691203361166,risk_parity
2022-10-03,GE,0.014701311916279365,risk_parity
2022-11-01,GE,0.01483608459266339,risk_parity
2022-12-01,GE,0.015524192366193828,risk_parity
2023-01-03,GE,0.01554489968427874,risk_parity
2023-02-01,GE,0.015654179621908428,risk_parity
2023-03-01,GE,0.01612016925878347,risk_parity
2023-04-03,GE,0.016575980890228673,risk_parity
2023-05-01,GE,0.017295803071708565,risk_parity
2023-06-01,GE,0.01758263334792708,risk_parity
2023-07-03,GE,0.01835333394165472,risk_parity
2023-08-01,GE,0.018791158737751907,risk_parity
2023-09-01,GE,0.01920900373644245,risk_parity
2023-10-02,GE,0.0191715744041397,risk_parity
2023-11-01,GE,0.019196616600338175,risk_parity
2023-12-01,GE,0.019518685737574332,risk_parity
2021-01-04,GILD,0.027328503364876043,risk_parity
2021-02-01,GILD,0.02750447428958447,risk_parity
2021-03-01,GILD,0.027926550342759957,risk_parity
2021-04-01,GILD,0.02780154377674503,risk_parity
2021-05-03,GILD,0.029299651561257106,risk_parity
2021-06-01,GILD,0.03016761034048934,risk_parity
2021-07-01,GILD,0.02772168137312463,risk_parity
2021-08-02,GILD,0.02704623928409437,risk_parity
2021-09-01,GILD,0.026668470331263513,risk_parity
2021-10-01,GILD,0.02620998347288449,risk_parity
2021-11-01,GILD,0.027411300270758797,risk_parity
2021-12-01,GILD,0.02655628543371362,risk_parity
2022-01-03,GILD,0.02890378622322086,risk_parity
2022-02-01,GILD,0.027453376401823697,risk_parity
2022-03-01,GILD,0.031425007983160315,risk_parity
2022-04-01,GILD,0.03138698753975536,risk_parity
2022-05-02,GILD,0.02957487377843917,risk_parity
2022-06-01,GILD,0.0322072332913208,risk_parity
2022-07-01,GILD,0.03239383249381123,risk_parity
2022-08-01,GILD,0.032385854547367615,risk_parity
2022-09-01,GILD,0.03215838823200086,risk_parity
2022-10-03,GILD,0.02986992695624129,risk_parity
2022-11-01,GILD,0.026271090351246744,risk_parity
2022-12-01,GILD,0.027278910364532734,risk_parity
2023-01-03,GILD,0.026814287648551236,risk_parity
2023-02-01,GILD,0.02710681004995391,risk_parity
2023-03-01,GILD,0.02648834961680869,risk_parity
2023-04-03,GILD,0.02607682024364971,risk_parity
2023-05-01,GILD,0.026337685391816627,risk_parity
2023-06-01,GILD,0.02521596965862842,risk_parity
2023-07-03,GILD,0.024419521704544984,risk_parity
2023-08-01,GILD,0.02420249419454183,risk_parity
2023-09-01,GILD,0.02399844911023665,risk_parity
2023-10-02,GILD,0.02466424480729231,risk_parity
2023-11-01,GILD,0.02861629744698206,risk_parity
2023-12-01,GILD,0.025846836904115027,risk_parity
2021-01-04,GS,0.016860091619136947,risk_parity
2021-02-01,GS,0.016782665406026343,risk_parity
2021-03-01,GS,0.01664755261762711,risk_parity
2021-04-01,GS,0.015892337516640626,risk_parity
2021-05-03,GS,0.015063647000850168,risk_parity
2021-06-01,GS,0.01567536584287746,risk_parity
2021-07-01,GS,0.017301026897756665,risk_parity
2021-08-02,GS,0.0170742807817942,risk_parity
2021-09-01,GS,0.016666919022638362,risk_parity
2021-10-01,GS,0.015780917642146654,risk_parity
2021-11-01,GS,0.015946130515077272,risk_parity
2021-12-01,GS,0.016549554094220972,risk_parity
2022-01-03,GS,0.016095236093071123,risk_parity
2022-02-01,GS,0.015213445354541999,risk_parity
2022-03-01,GS,0.01582308227614088,risk_parity
2022-04-01,GS,0.014290053906224082,risk_parity
2022-05-02,GS,0.01459194844227223,risk_parity
2022-06-01,GS,0.015549592859844447,risk_parity
2022-07-01,GS,0.015895672700635487,risk_parity
2022-08-01,GS,0.01576867177582509,risk_parity
2022-09-01,GS,0.015996530310135093,risk_parity
2022-10-03,GS,0.016563345227962278,risk_parity
2022-11-01,GS,0.016601144970907145,risk_parity
2022-12-01,GS,0.017102543111160204,risk_parity
2023-01-03,GS,0.01741938350460818,risk_parity
2023-02-01,GS,0.017930033968954224,risk_parity
2023-03-01,GS,0.018111721290027746,risk_parity
2023-04-03,GS,0.018132144581446064,risk_parity
2023-05-01,GS,0.01856299679999542,risk_parity
2023-06-01,GS,0.018498321384615213,risk_parity
2023-07-03,GS,0.018535408749126223,risk_parity
2023-08-01,GS,0.019077360872056116,risk_parity
2023-09-01,GS,0.019168067275562313,risk_parity
2023-10-02,GS,0.018976689869274945,risk_parity
2023-11-01,GS,0.018873119340545343,risk_parity
2023-12-01,GS,0.017423033399556552,risk_parity
2021-01-04,INTC,0.01723021885423733,risk_parity
2021-02-01,INTC,0.017043023091608402,risk_parity
2021-03-01,INTC,0.01702649650715021,risk_parity
2021-04-01,INTC,0.018082196820283544,risk_parity
2021-05-03,INTC,0.01731772837433458,risk_parity
2021-06-01,INTC,0.01693982774946318,risk_parity
2021-07-01,INTC,0.015636007534470784,risk_parity
2021-08-02,INTC,0.01591587314760824,risk_parity
2021-09-01,INTC,0.01584975648444759,risk_parity
2021-10-01,INTC,0.01573863785719364,risk_parity
2021-11-01,INTC,0.015690364131369264,risk_parity
2021-12-01,INTC,0.015321593951706724,risk_parity
2022-01-03,INTC,0.015397386728642819,risk_parity
2022-02-01,INTC,0.016160849451391714,risk_parity
2022-03-01,INTC,0.016278302070860118,risk_parity
2022-04-01,INTC,0.016508563429628517,risk_parity
2022-05-02,INTC,0.015893431801535147,risk_parity
2022-06-01,INTC,0.015959281758127372,risk_parity
2022-07-01,INTC,0.015906854529066747,risk_parity
2022-08-01,INTC,0.016131315537920937,risk_parity
2022-09-01,INTC,0.015515602632299254,risk_parity
2022-10-03,INTC,0.015454090508710508,risk_parity
2022-11-01,INTC,0.01489535441482251,risk_parity
2022-12-01,INTC,0.014169675840918902,risk_parity
2023-01-03,INTC,0.01432006173918773,risk_parity
2023-02-01,INTC,0.013896852275029658,risk_parity
2023-03-01,INTC,0.013776438732372784,risk_parity
2023-04-03,INTC,0.014078475723572816,risk_parity
2023-05-01,INTC,0.014090908802627745,risk_parity
2023-06-01,INTC,0.014121624414224637,risk_parity
2023-07-03,INTC,0.013606894982899728,risk_parity
2023-08-01,INTC,0.013403590481414662,risk_parity
2023-09-01,INTC,0.013272328266801962,risk_parity
2023-10-02,INTC,0.013026218213610186,risk_parity
2023-11-01,INTC,0.013539086853173907,risk_parity
2023-12-01,INTC,0.014306254339867448,risk_parity
2021-01-04,KO,0.025485395013520283,risk_parity
2021-02-01,KO,0.02530696763617346,risk_parity
2021-03-01,KO,0.025190850981241807,risk_parity
2021-04-01,KO,0.020567004498019206,risk_parity
2021-05-03,KO,0.020877038395849888,risk_parity
2021-06-01,KO,0.020999676330124534,risk_parity
2021-07-01,KO,0.021430690315041995,risk_parity
2021-08-02,KO,0.02215720314925195,risk_parity
2021-09-01,KO,0.022407773957909098,risk_parity
2021-10-01,KO,0.02270126755396782,risk_parity
2021-11-01,KO,0.024763303431793806,risk_parity
2021-12-01,KO,0.0254010892296278,risk_parity
2022-01-03,KO,0.025613000297317088,risk_parity
2022-02-01,KO,0.026404895154677185,risk_parity
2022-03-01,KO,0.02887220895930115,risk_parity
2022-04-01,KO,0.02833063016945935,risk_parity
2022-05-02,KO,0.029019258822666195,risk_parity
2022-06-01,KO,0.025927216139423625,risk_parity
2022-07-01,KO,0.027797446603647597,risk_parity
2022-08-01,KO,0.027881285073553797,risk_parity
2022-09-01,KO,0.027620261818193128,risk_parity
2022-10-03,KO,0.028229532806013147,risk_parity
2022-11-01,KO,0.028181535394343198,risk_parity
2022-12-01,KO,0.02883018659263403,risk_parity
2023-01-03,KO,0.029122909919468264,risk_parity
2023-02-01,KO,0.029142306687155943,risk_parity
2023-03-01,KO,0.028953722505550998,risk_parity
2023-04-03,KO,0.030073185275836883,risk_parity
2023-05-01,KO,0.030305988063901758,risk_parity
2023-06-01,KO,0.033041362956066196,risk_parity
2023-07-03,KO,0.03248038607583351,risk_parity
2023-08-01,KO,0.03273891103724394,risk_parity
2023-09-01,KO,0.03370219059681205,risk_parity
2023-10-02,KO,0.03450260267884388,risk_parity
2023-11-01,KO,0.03291599007356342,risk_parity
2023-12-01,KO,0.03506494608124329,risk_parity
2021-01-04,MMM,0.024146371904302355,risk_parity
2021-02-01,MMM,0.024159038116599252,risk_parity
2021-03-01,MMM,0.024156944341320735,risk_parity
2021-04-01,MMM,0.023224076795419796,risk_parity
2021-05-03,MMM,0.022118813146727406,risk_parity
2021-06-01,MMM,0.024132893440840915,risk_parity
2021-07-01,MMM,0.026129959838291156,risk_parity
2021-08-02,MMM,0.02636980520611333,risk_parity
2021-09-01,MMM,0.02569451063521726,risk_parity
2021-10-01,MMM,0.025930690055097943,risk_parity
2021-11-01,MMM,0.026172432947455283,risk_parity
2021-12-01,MMM,0.02637834675749089,risk_parity
2022-01-03,MMM,0.026375275604330284,risk_parity
2022-02-01,MMM,0.02306022916231097,risk_parity
2022-03-01,MMM,0.020512859355212798,risk_parity
2022-04-01,MMM,0.01931706928524827,risk_parity
2022-05-02,MMM,0.0204122506383734,risk_parity
2022-06-01,MMM,0.02170033905083311,risk_parity
2022-07-01,MMM,0.02285761361310102,risk_parity
2022-08-01,MMM,0.023375991443496176,risk_parity
2022-09-01,MMM,0.021480919815846315,risk_parity
2022-10-03,MMM,0.02225553776553935,risk_parity
2022-11-01,MMM,0.021495290177298405,risk_parity
2022-12-01,MMM,0.021376122234482313,risk_parity
2023-01-03,MMM,0.02120609456872273,risk_parity
2023-02-01,MMM,0.02003686097378962,risk_parity
2023-03-01,MMM,0.020270289231315075,risk_parity
2023-04-03,MMM,0.02048785749084846,risk_parity
2023-05-01,MMM,0.02035898614424872,risk_parity
2023-06-01,MMM,0.019266430072772636,risk_parity
2023-07-03,MMM,0.01754033058478161,risk_parity
2023-08-01,MMM,0.016747056924399237,risk_parity
2023-09-01,MMM,0.0174386307241638,risk_parity
2023-10-02,MMM,0.016872955939642865,risk_parity
2023-11-01,MMM,0.015894872284162847,risk_parity
2023-12-01,MMM,0.015365374525267372,risk_parity
2021-01-04,MRK,0.028662879099286234,risk_parity
2021-02-01,MRK,0.02859027229522136,risk_parity
2021-03-01,MRK,0.02844246467569902,risk_parity
2021-04-01,MRK,0.02689796633470577,risk_parity
2021-05-03,MRK,0.03018853567472403,risk_parity
2021-06-01,MRK,0.028856656254987612,risk_parity
2021-07-01,MRK,0.03083471090740057,risk_parity
2021-08-02,MRK,0.03147709152860449,risk_parity
2021-09-01,MRK,0.03024615342376347,risk_parity
2021-10-01,MRK,0.03138017976123071,risk_parity
2021-11-01,MRK,0.028025711964945896,risk_parity
2021-12-01,MRK,0.02683930781384374,risk_parity
2022-01-03,MRK,0.029412622133181368,risk_parity
2022-02-01,MRK,0.03414447877041207,risk_parity
2022-03-01,MRK,0.031300758256522024,risk_parity
2022-04-01,MRK,0.03263058596512315,risk_parity
2022-05-02,MRK,0.031248603128488293,risk_parity
2022-06-01,MRK,0.032851304803436454,risk_parity
2022-07-01,MRK,0.03173065805132238,risk_parity
2022-08-01,MRK,0.032496587453205106,risk_parity
2022-09-01,MRK,0.03256076194193279,risk_parity
2022-10-03,MRK,0.03391960166134677,risk_parity
2022-11-01,MRK,0.037246297694749846,risk_parity
2022-12-01,MRK,0.042146089621448134,risk_parity
2023-01-03,MRK,0.040224975727580485,risk_parity
2023-02-01,MRK,0.039492763300694504,risk_parity
2023-03-01,MRK,0.039739004467206844,risk_parity
2023-04-03,MRK,0.03842357972216958,risk_parity
2023-05-01,MRK,0.03800688436624179,risk_parity
2023-06-01,MRK,0.037956288368061086,risk_parity
2023-07-03,MRK,0.04026819377723901,risk_parity
2023-08-01,MRK,0.039039159267760866,risk_parity
2023-09-01,MRK,0.03718794192363143,risk_parity
2023-10-02,MRK,0.03699029482546753,risk_parity
2023-11-01,MRK,0.038521770533428666,risk_parity
2023-12-01,MRK,0.03718713939400009,risk_parity
2021-01-04,MS,0.015188196888561767,risk_parity
2021-02-01,MS,0.015161227782723764,risk_parity
2021-03-01,MS,0.015109294398640411,risk_parity
2021-04-01,MS,0.014112046857993332,risk_parity
2021-05-03,MS,0.013966579768195543,risk_parity
2021-06-01,MS,0.015158862445099529,risk_parity
2021-07-01,MS,0.014880608927113546,risk_parity
2021-08-02,MS,0.014590165744319856,risk_parity
2021-09-01,MS,0.014152216204461394,risk_parity
2021-10-01,MS,0.013799765865083548,risk_parity
2021-11-01,MS,0.01388146465027992,risk_parity
2021-12-01,MS,0.01460354996397533,risk_parity
2022-01-03,MS,0.014604067366381616,risk_parity
2022-02-01,MS,0.015571952217937272,risk_parity
2022-03-01,MS,0.015594437429495693,risk_parity
2022-04-01,MS,0.013748204874363538,risk_parity
2022-05-02,MS,0.014012218708060542,risk_parity
2022-06-01,MS,0.014220723038400215,risk_parity
2022-07-01,MS,0.01476826613256992,risk_parity
2022-08-01,MS,0.014865889492345777,risk_parity
2022-09-01,MS,0.014940558709966273,risk_parity
2022-10-03,MS,0.015680247566636874,risk_parity
2022-11-01,MS,0.015625468489553904,risk_parity
2022-12-01,MS,0.015879713652128622,risk_parity
2023-01-03,MS,0.016006275213245554,risk_parity
2023-02-01,MS,0.016139936021669382,risk_parity
2023-03-01,MS,0.016509511208943204,risk_parity
2023-04-03,MS,0.01680984136836468,risk_parity
2023-05-01,MS,0.017277317000176363,risk_parity
2023-06-01,MS,0.017449975268164542,risk_parity
2023-07-03,MS,0.017386525059992972,risk_parity
2023-08-01,MS,0.01757546075139565,risk_parity
2023-09-01,MS,0.017934990900387117,risk_parity
2023-10-02,MS,0.017397345215692226,risk_parity
2023-11-01,MS,0.01720839086335341,risk_parity
2023-12-01,MS,0.01602763196034688,risk_parity
2021-01-04,NEE,0.021578257866195258,risk_parity
2021-02-01,NEE,0.021031065609571204,risk_parity
2021-03-01,NEE,0.02084466439657553,risk_parity
2021-04-01,NEE,0.020387422635843176,risk_parity
2021-05-03,NEE,0.022277168813664996,risk_parity
2021-06-01,NEE,0.02222751314193079,risk_parity
2021-07-01,NEE,0.020288778523762135,risk_parity
2021-08-02,NEE,0.02086512661868594,risk_parity
2021-09-01,NEE,0.021467692530028573,risk_parity
2021-10-01,NEE,0.02110776361480084,risk_parity
2021-11-01,NEE,0.02027809871361914,risk_parity
2021-12-01,NEE,0.020118004861964477,risk_parity
2022-01-03,NEE,0.0208345489585305,risk_parity
2022-02-01,NEE,0.022856876331851763,risk_parity
2022-03-01,NEE,0.022795811841569036,risk_parity
2022-04-01,NEE,0.025256070699259947,risk_parity
2022-05-02,NEE,0.023826935317941927,risk_parity
2022-06-01,NEE,0.022560720037157415,risk_parity
2022-07-01,NEE,0.021237787102467993,risk_parity
2022-08-01,NEE,0.02071236000982581,risk_parity
2022-09-01,NEE,0.020913296441493923,risk_parity
2022-10-03,NEE,0.020885905364874637,risk_parity
2022-11-01,NEE,0.020341902761696184,risk_parity
2022-12-01,NEE,0.019997672184277237,risk_parity
2023-01-03,NEE,0.01988230617538839,risk_parity
2023-02-01,NEE,0.020306180004423465,risk_parity
2023-03-01,NEE,0.020554167515935997,risk_parity
2023-04-03,NEE,0.020116497131074926,risk_parity
2023-05-01,NEE,0.020012146300078595,risk_parity
2023-06-01,NEE,0.020161824967822154,risk_parity
2023-07-03,NEE,0.020825533525248633,risk_parity
2023-08-01,NEE,0.02080195000894283,risk_parity
2023-09-01,NEE,0.02050793320899497,risk_parity
2023-10-02,NEE,0.019669242124290155,risk_parity
2023-11-01,NEE,0.018694771190946126,risk_parity
2023-12-01,NEE,0.017995683700588693,risk_parity
2021-01-04,NEM,0.02357863447595497,risk_parity
2021-02-01,NEM,0.024003564512072344,risk_parity
2021-03-01,NEM,0.02397875832841881,risk_parity
2021-04-01,NEM,0.02774562109338267,risk_parity
2021-05-03,NEM,0.027284768888390796,risk_parity
2021-06-01,NEM,0.023066567530630924,risk_parity
2021-07-01,NEM,0.01932000732058287,risk_parity
2021-08-02,NEM,0.019233563109862156,risk_parity
2021-09-01,NEM,0.01922557223745161,risk_parity
2021-10-01,NEM,0.02003772927003817,risk_parity
2021-11-01,NEM,0.021333655212050634,risk_parity
2021-12-01,NEM,0.021081564665028737,risk_parity
2022-01-03,NEM,0.02215962078830729,risk_parity
2022-02-01,NEM,0.022961466864355944,risk_parity
2022-03-01,NEM,0.025621012314173304,risk_parity
2022-04-01,NEM,0.031142842241624714,risk_parity
2022-05-02,NEM,0.029769384631182665,risk_parity
2022-06-01,NEM,0.029430986976215188,risk_parity
2022-07-01,NEM,0.03068242584014174,risk_parity
2022-08-01,NEM,0.03112653632532258,risk_parity
2022-09-01,NEM,0.031007257997823855,risk_parity
2022-10-03,NEM,0.029126373993643293,risk_parity
2022-11-01,NEM,0.027866160338554425,risk_parity
2022-12-01,NEM,0.022988256518218703,risk_parity
2023-01-03,NEM,0.022915833587295063,risk_parity
2023-02-01,NEM,0.021933935938237822,risk_parity
2023-03-01,NEM,0.02078422800869827,risk_parity
2023-04-03,NEM,0.020669148089585764,risk_parity
2023-05-01,NEM,0.020978397159567605,risk_parity
2023-06-01,NEM,0.020202856497812387,risk_parity
2023-07-03,NEM,0.018850522033547343,risk_parity
2023-08-01,NEM,0.018515270749439754,risk_parity
2023-09-01,NEM,0.018202733996777503,risk_parity
2023-10-02,NEM,0.01829930696552039,risk_parity
2023-11-01,NEM,0.017058985754410217,risk_parity
2023-12-01,NEM,0.018910072264590766,risk_parity
2021-01-04,NKE,0.0218502540375654,risk_parity
2021-02-01,NKE,0.02178790321327922,risk_parity
2021-03-01,NKE,0.021853119226308615,risk_parity
2021-04-01,NKE,0.021077521928159253,risk_parity
2021-05-03,NKE,0.02082157893644608,risk_parity
2021-06-01,NKE,0.0205768213865484,risk_parity
2021-07-01,NKE,0.02252117306700983,risk_parity
2021-08-02,NKE,0.022798534871539936,risk_parity
2021-09-01,NKE,0.021932844107970653,risk_parity
2021-10-01,NKE,0.018310647175916298,risk_parity
2021-11-01,NKE,0.018325874872869945,risk_parity
2021-12-01,NKE,0.01820431616045868,risk_parity
2022-01-03,NKE,0.018021184082647825,risk_parity
2022-02-01,NKE,0.01829032656439661,risk_parity
2022-03-01,NKE,0.018199057368264045,risk_parity
2022-04-01,NKE,0.016260992034905365,risk_parity
2022-05-02,NKE,0.015947096689746327,risk_parity
2022-06-01,NKE,0.015213032024826897,risk_parity
2022-07-01,NKE,0.01519413504862289,risk_parity
2022-08-01,NKE,0.014778380433033207,risk_parity
2022-09-01,NKE,0.014573594574992127,risk_parity
2022-10-03,NKE,0.013679223160056491,risk_parity
2022-11-01,NKE,0.0140810738557962,risk_parity
2022-12-01,NKE,0.013429524313401643,risk_parity
2023-01-03,NKE,0.012943962498193056,risk_parity
2023-02-01,NKE,0.012944250726275149,risk_parity
2023-03-01,NKE,0.012800849798101137,risk_parity
2023-04-03,NKE,0.013380414993749454,risk_parity
2023-05-01,NKE,0.013774689823865378,risk_parity
2023-06-01,NKE,0.013841090739254769,risk_parity
2023-07-03,NKE,0.013840906553500069,risk_parity
2023-08-01,NKE,0.014137101918173713,risk_parity
2023-09-01,NKE,0.014402882070005858,risk_parity
2023-10-02,NKE,0.014441255385276599,risk_parity
2023-11-01,NKE,0.014802687401953963,risk_parity
2023-12-01,NKE,0.015805953090810988,risk_parity
2021-01-04,NUE,0.01798208965784962,risk_parity
2021-02-01,NUE,0.017889320354702993,risk_parity
2021-03-01,NUE,0.017796988518937167,risk_parity
2021-04-01,NUE,0.01566441056784852,risk_parity
2021-05-03,NUE,0.01347577958009623,risk_parity
2021-06-01,NUE,0.012893882833539004,risk_parity
2021-07-01,NUE,0.012546268288258755,risk_parity
2021-08-02,NUE,0.012213746862987835,risk_parity
2021-09-01,NUE,0.011962104335799757,risk_parity
2021-10-01,NUE,0.011154824407961403,risk_parity
2021-11-01,NUE,0.011059490224475676,risk_parity
2021-12-01,NUE,0.011235249488405341,risk_parity
2022-01-03,NUE,0.012062210479699072,risk_parity
2022-02-01,NUE,0.011378239209074376,risk_parity
2022-03-01,NUE,0.010880669831766379,risk_parity
2022-04-01,NUE,0.011051367603407185,risk_parity
2022-05-02,NUE,0.01166296721348291,risk_parity
2022-06-01,NUE,0.011828813039351365,risk_parity
2022-07-01,NUE,0.012043658479053271,risk_parity
2022-08-01,NUE,0.012226186308392863,risk_parity
2022-09-01,NUE,0.01252960333113896,risk_parity
2022-10-03,NUE,0.013365867666586102,risk_parity
2022-11-01,NUE,0.013349195385304647,risk_parity
2022-12-01,NUE,0.013474743568630248,risk_parity
2023-01-03,NUE,0.013166152087936579,risk_parity
2023-02-01,NUE,0.01311255798928206,risk_parity
2023-03-01,NUE,0.013574570576497377,risk_parity
2023-04-03,NUE,0.01353015221001981,risk_parity
2023-05-01,NUE,0.013489094483340435,risk_parity
2023-06-01,NUE,0.013685052459887197,risk_parity
2023-07-03,NUE,0.01355312168363269,risk_parity
2023-08-01,NUE,0.013808155624246162,risk_parity
2023-09-01,NUE,0.013956888175009358,risk_parity
2023-10-02,NUE,0.013592629541306474,risk_parity
2023-11-01,NUE,0.013372459988883582,risk_parity
2023-12-01,NUE,0.013410715943587576,risk_parity
2021-01-04,NVDA,0.015884626682975835,risk_parity
2021-02-01,NVDA,0.015888961141065576,risk_parity
2021-03-01,NVDA,0.01598551226093868,risk_parity
2021-04-01,NVDA,0.015291041159808609,risk_parity
2021-05-03,NVDA,0.015253901090267289,risk_parity
2021-06-01,NVDA,0.014429680351617975,risk_parity
2021-07-01,NVDA,0.013802707917828911,risk_parity
2021-08-02,NVDA,0.013650408518661027,risk_parity
2021-09-01,NVDA,0.013629887959014228,risk_parity
2021-10-01,NVDA,0.01530253511838885,risk_parity
2021-11-01,NVDA,0.01567858461449878,risk_parity
2021-12-01,NVDA,0.013695342299820714,risk_parity
2022-01-03,NVDA,0.012685149628934106,risk_parity
2022-02-01,NVDA,0.011350902051710405,risk_parity
2022-03-01,NVDA,0.010449504060123493,risk_parity
2022-04-01,NVDA,0.009874830932112891,risk_parity
2022-05-02,NVDA,0.00975823018287546,risk_parity
2022-06-01,NVDA,0.009324575210740666,risk_parity
2022-07-01,NVDA,0.008950138374127486,risk_parity
2022-08-01,NVDA,0.008899636170534164,risk_parity
2022-09-01,NVDA,0.00863195335823628,risk_parity
2022-10-03,NVDA,0.008965319363084864,risk_parity
2022-11-01,NVDA,0.009141188710764648,risk_parity
2022-12-01,NVDA,0.008739820261950476,risk_parity
2023-01-03,NVDA,0.008765959081792915,risk_parity
2023-02-01,NVDA,0.008738304260661673,risk_parity
2023-03-01,NVDA,0.008926672005613224,risk_parity
2023-04-03,NVDA,0.009404221172606315,risk_parity
2023-05-01,NVDA,0.00958817758000889,risk_parity
2023-06-01,NVDA,0.009893728011947815,risk_parity
2023-07-03,NVDA,0.01030242960561016,risk_parity
2023-08-01,NVDA,0.010395626520073307,risk_parity
2023-09-01,NVDA,0.010677576905650316,risk_parity
2023-10-02,NVDA,0.0106599555276202,risk_parity
2023-11-01,NVDA,0.010890486994356813,risk_parity
2023-12-01,NVDA,0.012707126232117906,risk_parity
2021-01-04,O,0.015853242988878878,risk_parity
2021-02-01,O,0.01594568186438452,risk_parity
2021-03-01,O,0.015942967313214873,risk_parity
2021-04-01,O,0.01656866486529657,risk_parity
2021-05-03,O,0.017619347653917903,risk_parity
2021-06-01,O,0.018346777276254656,risk_parity
2021-07-01,O,0.019715347899800395,risk_parity
2021-08-02,O,0.020303157978931764,risk_parity
2021-09-01,O,0.0211094807916975,risk_parity
2021-10-01,O,0.020667047290908954,risk_parity
2021-11-01,O,0.020346551187960228,risk_parity
2021-12-01,O,0.023676000503625127,risk_parity
2022-01-03,O,0.0229905364516129,risk_parity
2022-02-01,O,0.022576074604900374,risk_parity
2022-03-01,O,0.0218271926826628,risk_parity
2022-04-01,O,0.021912768931499134,risk_parity
2022-05-02,O,0.021851424038302432,risk_parity
2022-06-01,O,0.02256867186700067,risk_parity
2022-07-01,O,0.023263126756913374,risk_parity
2022-08-01,O,0.023300749642671842,risk_parity
2022-09-01,O,0.02362965231024126,risk_parity
2022-10-03,O,0.024458812303734975,risk_parity
2022-11-01,O,0.024826860118420262,risk_parity
2022-12-01,O,0.024468801593154284,risk_parity
2023-01-03,O,0.02526711598002325,risk_parity
2023-02-01,O,0.02554116692108302,risk_parity
2023-03-01,O,0.025760286292503234,risk_parity
2023-04-03,O,0.02557686219326045,risk_parity
2023-05-01,O,0.025771601524023816,risk_parity
2023-06-01,O,0.025957580898113574,risk_parity
2023-07-03,O,0.026056493707302276,risk_parity
2023-08-01,O,0.026069493757608874,risk_parity
2023-09-01,O,0.025600751134852297,risk_parity
2023-10-02,O,0.024662245607142964,risk_parity
2023-11-01,O,0.024623306456406046,risk_parity
2023-12-01,O,0.022998403010835857,risk_parity
2021-01-04,OXY,0.008798499447270066,risk_parity
2021-02-01,OXY,0.008800363650165746,risk_parity
2021-03-01,OXY,0.008693569903752068,risk_parity
2021-04-01,OXY,0.007596998572001122,risk_parity
2021-05-03,OXY,0.0067526245839186795,risk_parity
2021-06-01,OXY,0.006796193977618744,risk_parity
2021-07-01,OXY,0.008246972063673735,risk_parity
2021-08-02,OXY,0.008325049990818326,risk_parity
2021-09-01,OXY,0.008237578992500867,risk_parity
2021-10-01,OXY,0.00783699784569805,risk_parity
2021-11-01,OXY,0.008083750740659713,risk_parity
2021-12-01,OXY,0.009042465302170103,risk_parity
2022-01-03,OXY,0.009511643146680319,risk_parity
2022-02-01,OXY,0.009476838882385919,risk_parity
2022-03-01,OXY,0.011243676099079294,risk_parity
2022-04-01,OXY,0.010756565152038124,risk_parity
2022-05-02,OXY,0.010684306244509176,risk_parity
2022-06-01,OXY,0.010488551986887699,risk_parity
2022-07-01,OXY,0.010968043478353812,risk_parity
2022-08-01,OXY,0.011204253731347792,risk_parity
2022-09-01,OXY,0.012047175152540364,risk_parity
2022-10-03,OXY,0.01320479889593784,risk_parity
2022-11-01,OXY,0.014210397570071285,risk_parity
2022-12-01,OXY,0.014352520857669365,risk_parity
2023-01-03,OXY,0.014472359734720263,risk_parity
2023-02-01,OXY,0.015119995734485357,risk_parity
2023-03-01,OXY,0.014420902982529718,risk_parity
2023-04-03,OXY,0.014869822499523927,risk_parity
2023-05-01,OXY,0.01523589855875927,risk_parity
2023-06-01,OXY,0.016397690707629496,risk_parity
2023-07-03,OXY,0.01673813726682567,risk_parity
2023-08-01,OXY,0.016988164867965543,risk_parity
2023-09-01,OXY,0.01726674192880235,risk_parity
2023-10-02,OXY,0.01720443565332315,risk_parity
2023-11-01,OXY,0.016050745973127854,risk_parity
2023-12-01,OXY,0.018046806701342295,risk_parity
2021-01-04,PLD,0.019178582277837405,risk_parity
2021-02-01,PLD,0.01912420568050387,risk_parity
2021-03-01,PLD,0.01922035490850459,risk_parity
2021-04-01,PLD,0.017563512570593506,risk_parity
2021-05-03,PLD,0.018739275828810138,risk_parity
2021-06-01,PLD,0.01981489525273028,risk_parity
2021-07-01,PLD,0.02062678355564879,risk_parity
2021-08-02,PLD,0.02063339214538089,risk_parity
2021-09-01,PLD,0.02072334146290433,risk_parity
2021-10-01,PLD,0.02237355930214418,risk_parity
2021-11-01,PLD,0.022729447619763827,risk_parity
2021-12-01,PLD,0.02037007147242246,risk_parity
2022-01-03,PLD,0.021138153633946277,risk_parity
2022-02-01,PLD,0.021552764072473158,risk_parity
2022-03-01,PLD,0.019826389723063314,risk_parity
2022-04-01,PLD,0.019972319597941355,risk_parity
2022-05-02,PLD,0.01826488304466326,risk_parity
2022-06-01,PLD,0.016936899856229436,risk_parity
2022-07-01,PLD,0.015897653888295966,risk_parity
2022-08-01,PLD,0.015445459783723624,risk_parity
2022-09-01,PLD,0.015324817740277738,risk_parity
2022-10-03,PLD,0.015667806042972576,risk_parity
2022-11-01,PLD,0.016025141692217474,risk_parity
2022-12-01,PLD,0.015608363833730297,risk_parity
2023-01-03,PLD,0.015414108958259213,risk_parity
2023-02-01,PLD,0.015114785844794197,risk_parity
2023-03-01,PLD,0.015305092473426686,risk_parity
2023-04-03,PLD,0.015022070409336851,risk_parity
2023-05-01,PLD,0.014938066480624266,risk_parity
2023-06-01,PLD,0.015610152705810124,risk_parity
2023-07-03,PLD,0.016232112291356644,risk_parity
2023-08-01,PLD,0.01657036166925953,risk_parity
2023-09-01,PLD,0.016708446350932313,risk_parity
2023-10-02,PLD,0.01620446104523311,risk_parity
2023-11-01,PLD,0.015148478006198986,risk_parity
2023-12-01,PLD,0.014580926597612112,risk_parity
2021-01-04,PSA,0.025635323281084935,risk_parity
2021-02-01,PSA,0.02560634217817976,risk_parity
2021-03-01,PSA,0.02601006084163678,risk_parity
2021-04-01,PSA,0.029839743795253247,risk_parity
2021-05-03,PSA,0.027978478373322287,risk_parity
2021-06-01,PSA,0.03165821039710706,risk_parity
2021-07-01,PSA,0.03534841742793932,risk_parity
2021-08-02,PSA,0.034794798302300735,risk_parity
2021-09-01,PSA,0.036311095234364744,risk_parity
2021-10-01,PSA,0.0359462453393079,risk_parity
2021-11-01,PSA,0.0358649959119498,risk_parity
2021-12-01,PSA,0.033906378382777595,risk_parity
2022-01-03,PSA,0.032102022604924424,risk_parity
2022-02-01,PSA,0.03102356226079654,risk_parity
2022-03-01,PSA,0.027841825941767512,risk_parity
2022-04-01,PSA,0.026494988323409248,risk_parity
2022-05-02,PSA,0.02303817633721667,risk_parity
2022-06-01,PSA,0.02158020532835587,risk_parity
2022-07-01,PSA,0.021412569967510987,risk_parity
2022-08-01,PSA,0.021090539153176206,risk_parity
2022-09-01,PSA,0.0206672236589112,risk_parity
2022-10-03,PSA,0.021226355260202084,risk_parity
2022-11-01,PSA,0.021882970330660962,risk_parity
2022-12-01,PSA,0.020464997482621372,risk_parity
2023-01-03,PSA,0.02027664166981789,risk_parity
2023-02-01,PSA,0.02021438684659121,risk_parity
2023-03-01,PSA,0.020573424824310887,risk_parity
2023-04-03,PSA,0.02040301522222212,risk_parity
2023-05-01,PSA,0.02052300677283385,risk_parity
2023-06-01,PSA,0.021531829659971337,risk_parity
2023-07-03,PSA,0.021028793714034287,risk_parity
2023-08-01,PSA,0.02127928185880233,risk_parity
2023-09-01,PSA,0.021142141881660914,risk_parity
2023-10-02,PSA,0.020749533431419862,risk_parity
2023-11-01,PSA,0.019168366145782427,risk_parity
2023-12-01,PSA,0.019879638673806505,risk_parity
2021-01-04,QCOM,0.01752597494046428,risk_parity
2021-02-01,QCOM,0.017592368759078228,risk_parity
2021-03-01,QCOM,0.017499198658491505,risk_parity
2021-04-01,QCOM,0.01627219939649063,risk_parity
2021-05-03,QCOM,0.014278032174509498,risk_parity
2021-06-01,QCOM,0.014214826161246565,risk_parity
2021-07-01,QCOM,0.014002963133001986,risk_parity
2021-08-02,QCOM,0.013229026085287235,risk_parity
2021-09-01,QCOM,0.013095513571845454,risk_parity
2021-10-01,QCOM,0.013259913888876766,risk_parity
2021-11-01,QCOM,0.013135755920172392,risk_parity
2021-12-01,QCOM,0.013410587453398104,risk_parity
2022-01-03,QCOM,0.014096169798452235,risk_parity
2022-02-01,QCOM,0.013904410888123934,risk_parity
2022-03-01,QCOM,0.01252157029067988,risk_parity
2022-04-01,QCOM,0.012005619126641238,risk_parity
2022-05-02,QCOM,0.012104027849406378,risk_parity
2022-06-01,QCOM,0.012243368540298501,risk_parity
2022-07-01,QCOM,0.012432104792036046,risk_parity
2022-08-01,QCOM,0.01282114875387664,risk_parity
2022-09-01,QCOM,0.012545281483465108,risk_parity
2022-10-03,QCOM,0.01291585105196134,risk_parity
2022-11-01,QCOM,0.01312571773897865,risk_parity
2022-12-01,QCOM,0.01250526864539616,risk_parity
2023-01-03,QCOM,0.012264857413240897,risk_parity
2023-02-01,QCOM,0.012196502907167766,risk_parity
2023-03-01,QCOM,0.01255086743214581,risk_parity
2023-04-03,QCOM,0.013250420786122137,risk_parity
2023-05-01,QCOM,0.013324593957485916,risk_parity
2023-06-01,QCOM,0.01370523240163245,risk_parity
2023-07-03,QCOM,0.013485471649186433,risk_parity
2023-08-01,QCOM,0.01341546111409459,risk_parity
2023-09-01,QCOM,0.013513177664569989,risk_parity
2023-10-02,QCOM,0.012984845215824131,risk_parity
2023-11-01,QCOM,0.012835482065686535,risk_parity
2023-12-01,QCOM,0.01332687625770032,risk_parity
2021-01-04,SBUX,0.019379996276499587,risk_parity
2021-02-01,SBUX,0.01922103015681588,risk_parity
2021-03-01,SBUX,0.01905480283177237,risk_parity
2021-04-01,SBUX,0.017631508151641825,risk_parity
2021-05-03,SBUX,0.01758118166888131,risk_parity
2021-06-01,SBUX,0.017108856003169522,risk_parity
2021-07-01,SBUX,0.018715591062443165,risk_parity
2021-08-02,SBUX,0.018885141176383565,risk_parity
2021-09-01,SBUX,0.018586216233853682,risk_parity
2021-10-01,SBUX,0.018353685316425422,risk_parity
2021-11-01,SBUX,0.018540382694115877,risk_parity
2021-12-01,SBUX,0.018793377170192763,risk_parity
2022-01-03,SBUX,0.017921325824265023,risk_parity
2022-02-01,SBUX,0.01950386833367263,risk_parity
2022-03-01,SBUX,0.0184125213292246,risk_parity
2022-04-01,SBUX,0.015997754212808187,risk_parity
2022-05-02,SBUX,0.016813110707996976,risk_parity
2022-06-01,SBUX,0.014809534308554258,risk_parity
2022-07-01,SBUX,0.014850623064078996,risk_parity
2022-08-01,SBUX,0.01497154188955309,risk_parity
2022-09-01,SBUX,0.014820964032507876,risk_parity
2022-10-03,SBUX,0.015352573202291341,risk_parity
2022-11-01,SBUX,0.016036058695037953,risk_parity
2022-12-01,SBUX,0.015914589920236335,risk_parity
2023-01-03,SBUX,0.016287962653336572,risk_parity
2023-02-01,SBUX,0.016230462692607736,risk_parity
2023-03-01,SBUX,0.016041751549633793,risk_parity
2023-04-03,SBUX,0.01711076009655466,risk_parity
2023-05-01,SBUX,0.017407986015403044,risk_parity
2023-06-01,SBUX,0.01852768353257527,risk_parity
2023-07-03,SBUX,0.01908097319228423,risk_parity
2023-08-01,SBUX,0.019231637863333283,risk_parity
2023-09-01,SBUX,0.01970204567141776,risk_parity
2023-10-02,SBUX,0.019583504103966063,risk_parity
2023-11-01,SBUX,0.019455029648469846,risk_parity
2023-12-01,SBUX,0.01855173774153783,risk_parity
2021-01-04,SHW,0.02124410318688721,risk_parity
2021-02-01,SHW,0.021397249566949925,risk_parity
2021-03-01,SHW,0.02140114270962221,risk_parity
2021-04-01,SHW,0.020761294638850736,risk_parity
2021-05-03,SHW,0.024939151810601135,risk_parity
2021-06-01,SHW,0.023876899832655386,risk_parity
2021-07-01,SHW,0.024755334779179333,risk_parity
2021-08-02,SHW,0.025973095748973732,risk_parity
2021-09-01,SHW,0.02562229226930531,risk_parity
2021-10-01,SHW,0.026280296196106473,risk_parity
2021-11-01,SHW,0.02459433549605051,risk_parity
2021-12-01,SHW,0.023781191952178624,risk_parity
2022-01-03,SHW,0.022769091858512502,risk_parity
2022-02-01,SHW,0.022356952386734418,risk_parity
2022-03-01,SHW,0.020531610893257408,risk_parity
2022-04-01,SHW,0.02019003532251674,risk_parity
2022-05-02,SHW,0.02341274188812717,risk_parity
2022-06-01,SHW,0.022955030464293587,risk_parity
2022-07-01,SHW,0.02119183024567926,risk_parity
2022-08-01,SHW,0.02129072037419927,risk_parity
2022-09-01,SHW,0.020603049308135883,risk_parity
2022-10-03,SHW,0.020447023345621353,risk_parity
2022-11-01,SHW,0.01934751936410369,risk_parity
2022-12-01,SHW,0.018206005280381864,risk_parity
2023-01-03,SHW,0.01813224339769311,risk_parity
2023-02-01,SHW,0.017538561927072698,risk_parity
2023-03-01,SHW,0.01772020852439424,risk_parity
2023-04-03,SHW,0.017688676505129303,risk_parity
2023-05-01,SHW,0.017218030191887248,risk_parity
2023-06-01,SHW,0.01658063996642987,risk_parity
2023-07-03,SHW,0.016602863969143695,risk_parity
2023-08-01,SHW,0.016471683463622076,risk_parity
2023-09-01,SHW,0.016855923428232316,risk_parity
2023-10-02,SHW,0.016530859535672723,risk_parity
2023-11-01,SHW,0.017032875918779743,risk_parity
2023-12-01,SHW,0.01721067693075818,risk_parity
2021-01-04,SLB,0.012037328374357972,risk_parity
2021-02-01,SLB,0.012042073710471904,risk_parity
2021-03-01,SLB,0.01193554784166197,risk_parity
2021-04-01,SLB,0.010152190848675743,risk_parity
2021-05-03,SLB,0.009128353883828906,risk_parity
2021-06-01,SLB,0.009799306540543845,risk_parity
2021-07-01,SLB,0.01018393149334332,risk_parity
2021-08-02,SLB,0.010177145470031373,risk_parity
2021-09-01,SLB,0.01013186749590945,risk_parity
2021-10-01,SLB,0.009815364484309648,risk_parity
2021-11-01,SLB,0.009617097158277941,risk_parity
2021-12-01,SLB,0.01015254331096799,risk_parity
2022-01-03,SLB,0.010605960923342221,risk_parity
2022-02-01,SLB,0.01123297987291109,risk_parity
2022-03-01,SLB,0.01199694679159984,risk_parity
2022-04-01,SLB,0.013268902647317032,risk_parity
2022-05-02,SLB,0.014322747830477416,risk_parity
2022-06-01,SLB,0.012463795293436634,risk_parity
2022-07-01,SLB,0.013201366656920522,risk_parity
2022-08-01,SLB,0.013517550219180502,risk_parity
2022-09-01,SLB,0.014173664509156404,risk_parity
2022-10-03,SLB,0.014587381100372778,risk_parity
2022-11-01,SLB,0.014957282713191711,risk_parity
2022-12-01,SLB,0.01593301259687808,risk_parity
2023-01-03,SLB,0.015610124913002534,risk_parity
2023-02-01,SLB,0.01598617761021717,risk_parity
2023-03-01,SLB,0.015755795886339265,risk_parity
2023-04-03,SLB,0.014844757591715597,risk_parity
2023-05-01,SLB,0.014484233187421942,risk_parity
2023-06-01,SLB,0.01517699085124369,risk_parity
2023-07-03,SLB,0.015102051341025264,risk_parity
2023-08-01,SLB,0.015203260840716494,risk_parity
2023-09-01,SLB,0.01500621195493865,risk_parity
2023-10-02,SLB,0.015606321281283229,risk_parity
2023-11-01,SLB,0.015872951237765928,risk_parity
2023-12-01,SLB,0.01529593260783409,risk_parity
2021-01-04,SO,0.01947709658895557,risk_parity
2021-02-01,SO,0.01937564233020148,risk_parity
2021-03-01,SO,0.01926424023128966,risk_parity
2021-04-01,SO,0.01941433651437035,risk_parity
2021-05-03,SO,0.023228669930457347,risk_parity
2021-06-01,SO,0.025016261614680634,risk_parity
2021-07-01,SO,0.02423696216016508,risk_parity
2021-08-02,SO,0.02467579225295031,risk_parity
2021-09-01,SO,0.02514465790276128,risk_parity
2021-10-01,SO,0.023555504310724368,risk_parity
2021-11-01,SO,0.02346435336343987,risk_parity
2021-12-01,SO,0.025358541702255752,risk_parity
2022-01-03,SO,0.026672865447386458,risk_parity
2022-02-01,SO,0.030138737928517307,risk_parity
2022-03-01,SO,0.029626830124322295,risk_parity
2022-04-01,SO,0.030993449514753912,risk_parity
2022-05-02,SO,0.029549544827203362,risk_parity
2022-06-01,SO,0.031748173365174076,risk_parity
2022-07-01,SO,0.03075101650342988,risk_parity
2022-08-01,SO,0.03028627185977537,risk_parity
2022-09-01,SO,0.030318757617766267,risk_parity
2022-10-03,SO,0.02830958243562446,risk_parity
2022-11-01,SO,0.026672576710469267,risk_parity
2022-12-01,SO,0.02653129177205385,risk_parity
2023-01-03,SO,0.026416283603027585,risk_parity
2023-02-01,SO,0.02581661834666223,risk_parity
2023-03-01,SO,0.025643349458542603,risk_parity
2023-04-03,SO,0.025330654996239745,risk_parity
2023-05-01,SO,0.02530610536821435,risk_parity
2023-06-01,SO,0.024404127273215153,risk_parity
2023-07-03,SO,0.024508848906828088,risk_parity
2023-08-01,SO,0.02426448169713659,risk_parity
2023-09-01,SO,0.023923807090429954,risk_parity
2023-10-02,SO,0.02357489030963,risk_parity
2023-11-01,SO,0.025105028387504846,risk_parity
2023-12-01,SO,0.024093101341481633,risk_parity
2021-01-04,T,0.024710094208142373,risk_parity
2021-02-01,T,0.024774026657685425,risk_parity
2021-03-01,T,0.02452219019716992,risk_parity
2021-04-01,T,0.02313839719380287,risk_parity
2021-05-03,T,0.025075154369873745,risk_parity
2021-06-01,T,0.026649332270970185,risk_parity
2021-07-01,T,0.03109073401934014,risk_parity
2021-08-02,T,0.030449533635870704,risk_parity
2021-09-01,T,0.02973658545398118,risk_parity
2021-10-01,T,0.027715774405446512,risk_parity
2021-11-01,T,0.027168367204685955,risk_parity
2021-12-01,T,0.026835456100219226,risk_parity
2022-01-03,T,0.02617712572687127,risk_parity
2022-02-01,T,0.021791265176731592,risk_parity
2022-03-01,T,0.022014838952503172,risk_parity
2022-04-01,T,0.02098841321741705,risk_parity
2022-05-02,T,0.022204488828850358,risk_parity
2022-06-01,T,0.02296088819117863,risk_parity
2022-07-01,T,0.0226310363358757,risk_parity
2022-08-01,T,0.022840807399989553,risk_parity
2022-09-01,T,0.02340537914066501,risk_parity
2022-10-03,T,0.023817885404541075,risk_parity
2022-11-01,T,0.023417980081496505,risk_parity
2022-12-01,T,0.024322049518919597,risk_parity
2023-01-03,T,0.024912494878032543,risk_parity
2023-02-01,T,0.02591641579496129,risk_parity
2023-03-01,T,0.026024592554454686,risk_parity
2023-04-03,T,0.026095451307130643,risk_parity
2023-05-01,T,0.024820967870883077,risk_parity
2023-06-01,T,0.02407565310159199,risk_parity
2023-07-03,T,0.02442301556502204,risk_parity
2023-08-01,T,0.02311549162905578,risk_parity
2023-09-01,T,0.022529171454042023,risk_parity
2023-10-02,T,0.02247061658936848,risk_parity
2023-11-01,T,0.022859274115383344,risk_parity
2023-12-01,T,0.022932581200249668,risk_parity
2021-01-04,TMUS,0.02284868837336983,risk_parity
2021-02-01,TMUS,0.02256084060147537,risk_parity
2021-03-01,TMUS,0.02311258973518123,risk_parity
2021-04-01,TMUS,0.02369423513441101,risk_parity
2021-05-03,TMUS,0.019405858950035833,risk_parity
2021-06-01,TMUS,0.021072500511282382,risk_parity
2021-07-01,TMUS,0.020251925276195775,risk_parity
2021-08-02,TMUS,0.02005662729359138,risk_parity
2021-09-01,TMUS,0.02034545535370429,risk_parity
2021-10-01,TMUS,0.02048524562827667,risk_parity
2021-11-01,TMUS,0.020843406426562808,risk_parity
2021-12-01,TMUS,0.018422987335218056,risk_parity
2022-01-03,TMUS,0.01784416215077292,risk_parity
2022-02-01,TMUS,0.018936739472680455,risk_parity
2022-03-01,TMUS,0.019340319579201622,risk_parity
2022-04-01,TMUS,0.020513665835272196,risk_parity
2022-05-02,TMUS,0.018874848938692887,risk_parity
2022-06-01,TMUS,0.018593091895397828,risk_parity
2022-07-01,TMUS,0.018664551738734395,risk_parity
2022-08-01,TMUS,0.018529083687404246,risk_parity
2022-09-01,TMUS,0.018832939654803177,risk_parity
2022-10-03,TMUS,0.019195898762428422,risk_parity
2022-11-01,TMUS,0.019346592840553154,risk_parity
2022-12-01,TMUS,0.020827068346891207,risk_parity
2023-01-03,TMUS,0.021547937688921947,risk_parity
2023-02-01,TMUS,0.022430339840290997,risk_parity
2023-03-01,TMUS,0.022345169754391454,risk_parity
2023-04-03,TMUS,0.023003497240662665,risk_parity
2023-05-01,TMUS,0.02384086072198403,risk_parity
2023-06-01,TMUS,0.026740553086752376,risk_parity
2023-07-03,TMUS,0.02831456758057352,risk_parity
2023-08-01,TMUS,0.02902096365528342,risk_parity
2023-09-01,TMUS,0.02842913318499395,risk_parity
2023-10-02,TMUS,0.030449843119624745,risk_parity
2023-11-01,TMUS,0.03257963033396248,risk_parity
2023-12-01,TMUS,0.03233124811769845,risk_parity
2021-01-04,TTWO,0.024419490815339933,risk_parity
2021-02-01,TTWO,0.024719975022576664,risk_parity
2021-03-01,TTWO,0.025336486555166737,risk_parity
2021-04-01,TTWO,0.033990551240508364,risk_parity
2021-05-03,TTWO,0.029391644350520132,risk_parity
2021-06-01,TTWO,0.02765706976651413,risk_parity
2021-07-01,TTWO,0.024452513145569784,risk_parity
2021-08-02,TTWO,0.02479095992144342,risk_parity
2021-09-01,TTWO,0.02557501964163683,risk_parity
2021-10-01,TTWO,0.026142880696037204,risk_parity
2021-11-01,TTWO,0.024683948431529653,risk_parity
2021-12-01,TTWO,0.02312238346037038,risk_parity
2022-01-03,TTWO,0.022779479688263816,risk_parity
2022-02-01,TTWO,0.02186477499711196,risk_parity
2022-03-01,TTWO,0.02354499353154087,risk_parity
2022-04-01,TTWO,0.021737176466184397,risk_parity
2022-05-02,TTWO,0.021286666376074192,risk_parity
2022-06-01,TTWO,0.017552702405708248,risk_parity
2022-07-01,TTWO,0.017666666034961677,risk_parity
2022-08-01,TTWO,0.017773443456549375,risk_parity
2022-09-01,TTWO,0.017448443775941288,risk_parity
2022-10-03,TTWO,0.016980379836710493,risk_parity
2022-11-01,TTWO,0.018072075211647845,risk_parity
2022-12-01,TTWO,0.01790528401857788,risk_parity
2023-01-03,TTWO,0.017593578985709006,risk_parity
2023-02-01,TTWO,0.018053464413685254,risk_parity
2023-03-01,TTWO,0.017440998553425197,risk_parity
2023-04-03,TTWO,0.017364806423632174,risk_parity
2023-05-01,TTWO,0.017308125955409866,risk_parity
2023-06-01,TTWO,0.018256778749197924,risk_parity
2023-07-03,TTWO,0.018617638974310537,risk_parity
2023-08-01,TTWO,0.018337593346242256,risk_parity
2023-09-01,TTWO,0.01812826601362434,risk_parity
2023-10-02,TTWO,0.018616381962618028,risk_parity
2023-11-01,TTWO,0.017517100529101704,risk_parity
2023-12-01,TTWO,0.017366066748491553,risk_parity
2021-01-04,UPS,0.02294182292072589,risk_parity
2021-02-01,UPS,0.023225284384096562,risk_parity
2021-03-01,UPS,0.023667408084919385,risk_parity
2021-04-01,UPS,0.02048817390914788,risk_parity
2021-05-03,UPS,0.019060071881062873,risk_parity
2021-06-01,UPS,0.01889477155258907,risk_parity
2021-07-01,UPS,0.0197422969454364,risk_parity
2021-08-02,UPS,0.019425878100885526,risk_parity
2021-09-01,UPS,0.019864640890197637,risk_parity
2021-10-01,UPS,0.019601358297842958,risk_parity
2021-11-01,UPS,0.02144890805279852,risk_parity
2021-12-01,UPS,0.021368921936674393,risk_parity
2022-01-03,UPS,0.019898394832524948,risk_parity
2022-02-01,UPS,0.019274042930666178,risk_parity
2022-03-01,UPS,0.01788057500923949,risk_parity
2022-04-01,UPS,0.01679764518562069,risk_parity
2022-05-02,UPS,0.016937858471506893,risk_parity
2022-06-01,UPS,0.017427442865879068,risk_parity
2022-07-01,UPS,0.018796860955147637,risk_parity
2022-08-01,UPS,0.018140327656050358,risk_parity
2022-09-01,UPS,0.018278913791623646,risk_parity
2022-10-03,UPS,0.018283502228675877,risk_parity
2022-11-01,UPS,0.019254189260135855,risk_parity
2022-12-01,UPS,0.01853109276834076,risk_parity
2023-01-03,UPS,0.018364409900073087,risk_parity
2023-02-01,UPS,0.01813798931023733,risk_parity
2023-03-01,UPS,0.019045749045446543,risk_parity
2023-04-03,UPS,0.019993982578997784,risk_parity
2023-05-01,UPS,0.019274371375369637,risk_parity
2023-06-01,UPS,0.019479444598156932,risk_parity
2023-07-03,UPS,0.018316709049034832,risk_parity
2023-08-01,UPS,0.018534393906578694,risk_parity
2023-09-01,UPS,0.01853607572751049,risk_parity
2023-10-02,UPS,0.018369741773742086,risk_parity
2023-11-01,UPS,0.01710467626788385,risk_parity
2023-12-01,UPS,0.017296321263404264,risk_parity
2021-01-04,USB,0.015325169780562404,risk_parity
2021-02-01,USB,0.01522572538655031,risk_parity
2021-03-01,USB,0.015069601371943657,risk_parity
2021-04-01,USB,0.012760823822171882,risk_parity
2021-05-03,USB,0.012890553175928335,risk_parity
2021-06-01,USB,0.013875299594813305,risk_parity
2021-07-01,USB,0.014755547354127064,risk_parity
2021-08-02,USB,0.014226208873568087,risk_parity
2021-09-01,USB,0.013806750511484663,risk_parity
2021-10-01,USB,0.013847502819270687,risk_parity
2021-11-01,USB,0.014311419779329806,risk_parity
2021-12-01,USB,0.015070137384308789,risk_parity
2022-01-03,USB,0.014891416684526065,risk_parity
2022-02-01,USB,0.01506079337315261,risk_parity
2022-03-01,USB,0.01569674060826638,risk_parity
2022-04-01,USB,0.014254230692347698,risk_parity
2022-05-02,USB,0.01535524592313986,risk_parity
2022-06-01,USB,0.016838452124064124,risk_parity
2022-07-01,USB,0.017152427449128843,risk_parity
2022-08-01,USB,0.017961812266681604,risk_parity
2022-09-01,USB,0.018339215759128235,risk_parity
2022-10-03,USB,0.018942978818252933,risk_parity
2022-11-01,USB,0.019188897097549867,risk_parity
2022-12-01,USB,0.01938984164054695,risk_parity
2023-01-03,USB,0.019518429857972957,risk_parity
2023-02-01,USB,0.01957619226340653,risk_parity
2023-03-01,USB,0.01983601692676801,risk_parity
2023-04-03,USB,0.017829088428361006,risk_parity
2023-05-01,USB,0.017428438884243964,risk_parity
2023-06-01,USB,0.015518208512714115,risk_parity
2023-07-03,USB,0.014746089695348142,risk_parity
2023-08-01,USB,0.014316710116447319,risk_parity
2023-09-01,USB,0.01415454642856046,risk_parity
2023-10-02,USB,0.013536803603152549,risk_parity
2023-11-01,USB,0.012074443565256578,risk_parity
2023-12-01,USB,0.010760922123688593,risk_parity
2021-01-04,V,0.020298968634752314,risk_parity
2021-02-01,V,0.020151703345610967,risk_parity
2021-03-01,V,0.020190691692349248,risk_parity
2021-04-01,V,0.017058575685776643,risk_parity
2021-05-03,V,0.018233224385682464,risk_parity
2021-06-01,V,0.017900245565623994,risk_parity
2021-07-01,V,0.016883859680489888,risk_parity
2021-08-02,V,0.016899950085320463,risk_parity
2021-09-01,V,0.016550665477204237,risk_parity
2021-10-01,V,0.016716899793916586,risk_parity
2021-11-01,V,0.016342604347061748,risk_parity
2021-12-01,V,0.017437171681417816,risk_parity
2022-01-03,V,0.016665312575811393,risk_parity
2022-02-01,V,0.015646267577967464,risk_parity
2022-03-01,V,0.016101216564920307,risk_parity
2022-04-01,V,0.015932688076809698,risk_parity
2022-05-02,V,0.015918661045495615,risk_parity
2022-06-01,V,0.015473957575176235,risk_parity
2022-07-01,V,0.01528655862975472,risk_parity
2022-08-01,V,0.015581198004571572,risk_parity
2022-09-01,V,0.015592866605314311,risk_parity
2022-10-03,V,0.016349414963482092,risk_parity
2022-11-01,V,0.017388977096909633,risk_parity
2022-12-01,V,0.01713348752983769,risk_parity
2023-01-03,V,0.017582924202143354,risk_parity
2023-02-01,V,0.01828784266848406,risk_parity
2023-03-01,V,0.018464390938244563,risk_parity
2023-04-03,V,0.019411880711459537,risk_parity
2023-05-01,V,0.02006729618125085,risk_parity
2023-06-01,V,0.021023926862079,risk_parity
2023-07-03,V,0.022362450883183962,risk_parity
2023-08-01,V,0.022691362873830292,risk_parity
2023-09-01,V,0.02328726432989554,risk_parity
2023-10-02,V,0.023361245702251295,risk_parity
2023-11-01,V,0.023126618042366532,risk_parity
2023-12-01,V,0.025293943624579908,risk_parity
2021-01-04,WFC,0.014578543626150822,risk_parity
2021-02-01,WFC,0.014389452283383139,risk_parity
2021-03-01,WFC,0.014130587973299835,risk_parity
2021-04-01,WFC,0.012485828920309588,risk_parity
2021-05-03,WFC,0.01182240623526194,risk_parity
2021-06-01,WFC,0.012644426038217948,risk_parity
2021-07-01,WFC,0.013511358669809388,risk_parity
2021-08-02,WFC,0.013115886001923113,risk_parity
2021-09-01,WFC,0.012717177026450307,risk_parity
2021-10-01,WFC,0.012234065223463406,risk_parity
2021-11-01,WFC,0.012747740256291341,risk_parity
2021-12-01,WFC,0.012978678989077036,risk_parity
2022-01-03,WFC,0.012786084321783804,risk_parity
2022-02-01,WFC,0.013895727637505975,risk_parity
2022-03-01,WFC,0.014389092880016666,risk_parity
2022-04-01,WFC,0.012817579842861753,risk_parity
2022-05-02,WFC,0.013642793265349118,risk_parity
2022-06-01,WFC,0.013730692527055118,risk_parity
2022-07-01,WFC,0.013995685406564807,risk_parity
2022-08-01,WFC,0.014156683045175566,risk_parity
2022-09-01,WFC,0.014440553527760129,risk_parity
2022-10-03,WFC,0.015076522665104687,risk_parity
2022-11-01,WFC,0.015490385343534516,risk_parity
2022-12-01,WFC,0.016211280525093828,risk_parity
2023-01-03,WFC,0.016838233794007312,risk_parity
2023-02-01,WFC,0.017102802023676943,risk_parity
2023-03-01,WFC,0.017261846195241373,risk_parity
2023-04-03,WFC,0.017427599122595682,risk_parity
2023-05-01,WFC,0.017399063841591525,risk_parity
2023-06-01,WFC,0.017139148103151803,risk_parity
2023-07-03,WFC,0.017430243736774976,risk_parity
2023-08-01,WFC,0.017963774519797998,risk_parity
2023-09-01,WFC,0.018128034718886778,risk_parity
2023-10-02,WFC,0.01798370572359148,risk_parity
2023-11-01,WFC,0.017304060580501036,risk_parity
2023-12-01,WFC,0.01629513993626323,risk_parity
2021-01-04,WMT,0.03127284657363647,risk_parity
2021-02-01,WMT,0.03163755969101497,risk_parity
2021-03-01,WMT,0.03111163144328338,risk_parity
2021-04-01,WMT,0.04236785636614183,risk_parity
2021-05-03,WMT,0.04146186197466228,risk_parity
2021-06-01,WMT,0.037178230090545765,risk_parity
2021-07-01,WMT,0.02993484081974025,risk_parity
2021-08-02,WMT,0.028760894573686416,risk_parity
2021-09-01,WMT,0.02985506398342022,risk_parity
2021-10-01,WMT,0.030232100743633403,risk_parity
2021-11-01,WMT,0.029913508438585118,risk_parity
2021-12-01,WMT,0.029552130740616255,risk_parity
2022-01-03,WMT,0.02989983361551386,risk_parity
2022-02-01,WMT,0.02892921558792875,risk_parity
2022-03-01,WMT,0.03252074708226911,risk_parity
2022-04-01,WMT,0.03379051703609854,risk_parity
2022-05-02,WMT,0.03277646455789076,risk_parity
2022-06-01,WMT,0.03235404554407995,risk_parity
2022-07-01,WMT,0.034572949707248814,risk_parity
2022-08-01,WMT,0.032954739491213914,risk_parity
2022-09-01,WMT,0.03209157474537588,risk_parity
2022-10-03,WMT,0.03191008468549383,risk_parity
2022-11-01,WMT,0.0315725609544364,risk_parity
2022-12-01,WMT,0.031266892509547874,risk_parity
2023-01-03,WMT,0.03047828967482842,risk_parity
2023-02-01,WMT,0.02984915212856064,risk_parity
2023-03-01,WMT,0.029257797979966256,risk_parity
2023-04-03,WMT,0.02934346274031531,risk_parity
2023-05-01,WMT,0.029863062089019603,risk_parity
2023-06-01,WMT,0.030720764989590046,risk_parity
2023-07-03,WMT,0.029800039908294912,risk_parity
2023-08-01,WMT,0.030979915740508495,risk_parity
2023-09-01,WMT,0.032585778833431035,risk_parity
2023-10-02,WMT,0.03274282258194533,risk_parity
2023-11-01,WMT,0.03417312572653388,risk_parity
2023-12-01,WMT,0.036559366823927804,risk_parity
2021-01-04,XOM,0.01722280081098235,risk_parity
2021-02-01,XOM,0.017089524561261664,risk_parity
2021-03-01,XOM,0.01705905690126375,risk_parity
2021-04-01,XOM,0.013983460533617561,risk_parity
2021-05-03,XOM,0.012363581065273303,risk_parity
2021-06-01,XOM,0.012787906027877825,risk_parity
2021-07-01,XOM,0.01325324544681381,risk_parity
2021-08-02,XOM,0.013265118846058046,risk_parity
2021-09-01,XOM,0.013044194428460502,risk_parity
2021-10-01,XOM,0.011968225034603572,risk_parity
2021-11-01,XOM,0.012172139262399495,risk_parity
2021-12-01,XOM,0.013448328104249568,risk_parity
2022-01-03,XOM,0.01413888805197488,risk_parity
2022-02-01,XOM,0.014736793931012692,risk_parity
2022-03-01,XOM,0.016201249667305438,risk_parity
2022-04-01,XOM,0.018207144628904295,risk_parity
2022-05-02,XOM,0.0185474662856784,risk_parity
2022-06-01,XOM,0.017795036647093233,risk_parity
2022-07-01,XOM,0.017682369977930417,risk_parity
2022-08-01,XOM,0.017772572247708816,risk_parity
2022-09-01,XOM,0.018557117434474885,risk_parity
2022-10-03,XOM,0.01920418663910267,risk_parity
2022-11-01,XOM,0.019830844090983377,risk_parity
2022-12-01,XOM,0.020562854633350936,risk_parity
2023-01-03,XOM,0.02024129637089159,risk_parity
2023-02-01,XOM,0.020314270509298956,risk_parity
2023-03-01,XOM,0.02016855084654611,risk_parity
2023-04-03,XOM,0.019286302208128096,risk_parity
2023-05-01,XOM,0.019136542705946617,risk_parity
2023-06-01,XOM,0.019173538745517516,risk_parity
2023-07-03,XOM,0.01950688391059082,risk_parity
2023-08-01,XOM,0.019686896250148467,risk_parity
2023-09-01,XOM,0.019771610453149378,risk_parity
2023-10-02,XOM,0.019899930529264215,risk_parity
2023-11-01,XOM,0.01985776801817819,risk_parity
2023-12-01,XOM,0.020014101912262067,risk_parity
